Range? (y/n),Segment,Rank TY,Rank LY,Segment % share,ALM description,ALM item code,Barcode (GTIN),Supplier,Stock type,Carton size,Unit cost ex GST,Already stocked (barcode match)
,BOURBON,1,1,16.52%,JIM BEAM WHITE LBL BRBN 37% 1L,802083,5010278101311,,core-extract,6.0,59.01,
,BOURBON,2,2,14.56%,J/DANIEL BLACK LABEL        1L,561145,0082184045367,,core-extract,6.0,74.15,
,BOURBON,3,3,7.83%,J/DANIEL BLACK LABEL     700ML,568595,0082184045954,,core-extract,12.0,52.14,
,BOURBON,4,4,7.70%,JIM BEAM WHITE LBL 37%   700ML,718446,5010278101335,,core-extract,12.0,43.62,
,BOURBON,5,5,7.13%,MAKERS MARK BOURBON 40%  700ML,522201,0085246500071,,core-extract,6.0,52.15,YES
,BOURBON,6,6,5.26%,WILD TURKEY 81 PROOF 40.5%  1L,653201,9343496003508,,core-extract,6.0,65.06,
,BOURBON,7,7,4.25%,J/DANIEL GENTLEMAN JACK  700ML,548121,0082184038758,,core-extract,6.0,61.51,
,BOURBON,8,8,3.36%,WILD TURKEY 81PROOF 40.5%700ML,659728,9343496003492,,core-extract,12.0,49.89,
,BOURBON,9,9,3.31%,BUFFALO TRACE BOURBON    700ML,539656,0080244009984,,core-extract,6.0,53.90,YES
,BOURBON,10,10,3.04%,JIM BEAM WHITELABEL6P37%1125ML,529046,5010278101304,,core-extract,6.0,72.52,
,BOURBON,11,16,2.71%,JIM BEAM WHITE LBL 37%MINS50ML,593639,93481656,,core-extract,10.0,4.48,
,BOURBON,12,11,1.95%,WOODFORD RES BOURBON     700ML,798695,5099873007617,,core-extract,6.0,65.30,
,BOURBON,13,12,1.75%,WILD TURKEY 101 PROOF    700ML,782199,0721059777001,,core-extract,6.0,61.44,
,BOURBON,14,17,1.39%,MAKERS MARK BOURBON         1L,770951,0085246500545,,core-extract,6.0,71.73,
,BOURBON,15,15,1.19%,JIM BEAM WHITE LBL PET   375ML,549350,05493500,,core-extract,24.0,23.89,
,BOURBON,16,14,1.15%,COUGAR BOURBON           700ML,585953,9300776006437,,core-extract,12.0,41.23,
,BOURBON,17,19,0.99%,J/DANIEL BLACK LABEL MINS 50ML,593760,0082184746295,,core-extract,10.0,6.43,
,BOURBON,18,18,0.96%,OLD NO15 BOURBON         700ML,823995,9323594000364,,core-extract,12.0,42.08,
,BOURBON,19,13,0.95%,JIM BEAM BLACK LABEL 40% 700ML,536289,0080686003502,,core-extract,12.0,49.76,YES
,BOURBON,20,20,0.85%,BENCHMARK BOURBON 700ML,66726,1210000101730,,core-extract,12.0,42.00,
,BOURBON,21,21,0.81%,BULLEIT BOURBON 45%      700ML,929372,0082000790570,,core-extract,6.0,51.77,
,BOURBON,22,22,0.79%,J/DANIEL BLACK LABEL     200ML,561666,0082184004579,,core-extract,24.0,16.93,
,BOURBON,23,25,0.67%,J/DANIEL TENNESSEE      1.136L,493672,0082184090398,,core-extract,6.0,85.28,
,BOURBON,24,24,0.58%,J/DANIEL BLACK LABEL     350ML,580288,0082184046135,,core-extract,12.0,29.57,
,BOURBON,25,23,0.58%,J/DANIEL TENNESSEE HONEY 700ML,558634,0082184042397,,core-extract,6.0,49.76,YES
,GIN,1,1,18.57%,GORDONS GIN                 1L,534274,9310495067664,,core-extract,6.0,63.03,
,GIN,2,2,10.30%,TANQUERAY GIN            700ML,574342,5000291020706,,core-extract,6.0,53.90,YES
,GIN,3,5,6.64%,ROKU GIN 43%             700ML,804899,4901777305359,,core-extract,6.0,55.09,YES
,GIN,4,4,6.24%,GORDONS DRY GIN 37%      700ML,510144,9310495069514,,core-extract,12.0,45.81,YES
,GIN,5,6,5.65%,GORDONS PINK 37%         700ML,526454,9310495088195,,core-extract,6.0,48.12,
,GIN,6,7,5.37%,HENDRICKS GIN            700ML,942618,5010327755014,,core-extract,6.0,64.35,YES
,GIN,7,440,4.57%,BOMBAY SAPPHIRE GIN     N700ML,368225,07881954,,core-extract,6.0,53.72,
,GIN,8,9,2.59%,FOUR PILLARS RARE DRY GIN700ML,90364,9349749000164,,core-extract,6.0,61.02,YES
,GIN,9,3,2.41%,BOMBAY SAPPHIRE GIN      700ML,788195,,,,,,
,GIN,10,10,2.16%,VICKERS GIN              700ML,503537,9310495051380,,core-extract,12.0,39.22,
,GIN,11,11,1.90%,TANQUERAY GIN               1L,583618,9310495082827,,core-extract,6.0,71.13,
,GIN,12,440,1.87%,BOMBAY GIN SAPPHIRE       N 1L,367782,5010677710251,,core-extract,6.0,74.50,
,GIN,13,13,1.48%,BEGIN GIN                700ML,527015,9323594000906,,core-extract,6.0,43.83,
,GIN,14,8,1.35%,BOMBAY GIN SAPPHIRE         1L,565814,,,,,,
,GIN,15,15,1.27%,BEEFEATER GIN 40%           1L,550021,5000329002278,,core-extract,6.0,67.84,
,GIN,16,12,1.25%,BEEFEATER GIN            700ML,577992,5000329002193,,core-extract,6.0,45.27,
,GIN,17,14,1.14%,MALFY GIN ROSA           700ML,930124,5000299296066,,core-extract,6.0,55.57,
,GIN,18,18,0.98%,GORDONS PINK 37% 1L,526446,9310495088218,,core-extract,6.0,68.59,
,GIN,19,17,0.91%,FOUR PILLARS SHIRAZ GIN  700ML,890735,9349749000249,,core-extract,6.0,72.20,
,GIN,20,19,0.89%,BULLDOG GIN              700ML,500505,0897076002010,,core-extract,6.0,49.58,
,GIN,21,24,0.76%,23RD ST SIGNATURE GIN    700ML,708755,9332364008738,,core-extract,6.0,58.53,
,GIN,22,31,0.76%,GORDONS GIN L/DON DRY MINS50ML,593304,5000289020107,,core-extract,12.0,7.41,
,GIN,23,16,0.64%,URBAN VDKA TRIP DISTIL VDKA 1L,654930,,,,,,
,GIN,24,25,0.61%,TANQUERAY GIN NO10       700ML,584321,5000291027576,,core-extract,6.0,63.07,
,GIN,25,23,0.54%,INK GIN 40%              700ML,663374,9369999046026,,core-extract,6.0,69.13,YES
,OTHER SPIRITS,1,1,28.37%,APEROL APERITIF          700ML,526226,8002230000302,,core-extract,6.0,27.44,
,OTHER SPIRITS,2,2,8.42%,ST AGNES VS BRANDY       150ML,582976,93694117,,core-extract,12.0,10.46,
,OTHER SPIRITS,3,3,8.09%,CAMPARI APERITIF NUPK    700ML,549334,8000040001106,,core-extract,6.0,41.81,
,OTHER SPIRITS,4,4,5.14%,ST AGNES VS BRANDY       700ML,575128,9300694000517,,core-extract,12.0,37.01,
,OTHER SPIRITS,5,5,4.86%,BLACK BTL BRANDY         700ML,575306,9332364012384,,core-extract,12.0,37.72,
,OTHER SPIRITS,6,6,4.15%,ST REMY BRANDY VSOP 37%  700ML,832855,3035540003928,,core-extract,6.0,44.12,
,OTHER SPIRITS,7,7,3.21%,OUZO 12    NUPK          700ML,543516,5201003110702,,core-extract,6.0,42.44,
,OTHER SPIRITS,8,8,2.77%,ANGOSTURA BITTERS        200ML,584622,0075496002005,,core-extract,24.0,21.27,
,OTHER SPIRITS,9,10,2.47%,APEROL SPRITZ PACK 700ML+750ML,615436,9343496001702,,core-extract,3.0,28.57,
,OTHER SPIRITS,10,20,1.94%,HENNESSY VS NAKED BOTTLE 700ML,14559,3245990043300,,core-extract,6.0,66.31,
,OTHER SPIRITS,11,13,1.90%,DE KUYPER SCHNAP B/SCOTCH700ML,785985,8710625502309,,core-extract,6.0,43.49,
,OTHER SPIRITS,12,11,1.78%,AKROPOLIS OUZO       6PK 700ML,593626,9320000030779,,core-extract,6.0,49.29,
,OTHER SPIRITS,13,14,1.78%,HENNESSY COG VSOP        700ML,571491,3245999484319,,core-extract,6.0,91.76,
,OTHER SPIRITS,14,12,1.73%,DE KUYPER SCHNAP PEACH   700ML,786326,8710625502255,,core-extract,6.0,43.50,
,OTHER SPIRITS,15,19,1.71%,BARBARESSO OYZO          700ML,585814,9300612230354,,core-extract,6.0,48.58,
,OTHER SPIRITS,16,9,1.64%,MARTELL BLUE SWIFT       700ML,259727,3219820006070,,core-extract,6.0,97.51,
,OTHER SPIRITS,17,15,1.44%,ANGOSTURA BITTERS        473ML,530678,0075496001602,,core-extract,12.0,46.05,
,OTHER SPIRITS,18,67,1.34%,CONVICT AROMATIC BITTERS 250ML,234887,9369998052745,,core-extract,12.0,15.74,
,OTHER SPIRITS,19,17,1.27%,ST AGNES VS BRANDY       375ML,558223,9300694000531,,core-extract,12.0,22.71,
,OTHER SPIRITS,20,18,1.06%,SOHO LYCHEE FLAV SPIRIT  700ML,543074,3047100057159,,core-extract,6.0,34.39,
,OTHER SPIRITS,21,22,0.84%,CHAT TANUNDA BRANDY      700ML,573980,9314239000405,,core-extract,6.0,46.07,
,OTHER SPIRITS,22,21,0.78%,CHATELLE NAP BRNDY VSOP  700ML,571190,9310815671007,,core-extract,6.0,52.95,
,OTHER SPIRITS,23,23,0.69%,PERNOD                   700ML,581218,3047100090316,,core-extract,6.0,47.43,
,OTHER SPIRITS,24,24,0.64%,RODELL NAPOLEON BRANDY 40% 1L,261114,5414145035370,,core-extract,6.0,56.16,
,OTHER SPIRITS,25,25,0.57%,ST AGNES VSOP 5YO        700ML,553281,9300694000715,,core-extract,6.0,43.79,
,OTHER SPIRITS ALL KEGS,1,1,100.00%,WORKSMITH GRFRUIT MARG KEG 30L,653861,,,,,,
,RUM DARK,1,1,35.48%,BUNDY RUM UP                1L,656322,9311866008705,,core-extract,6.0,63.02,
,RUM DARK,2,2,13.36%,BUNDY RUM UP             700ML,523587,9311866005049,,core-extract,12.0,44.13,
,RUM DARK,3,3,9.90%,KRAKEN BLACK SPICED RUM  700ML,558430,0811538013055,,core-extract,6.0,56.04,
,RUM DARK,4,4,5.34%,BUNDY RUM UP            1125ML,527727,9311866005032,,core-extract,12.0,72.55,
,RUM DARK,5,5,4.24%,BUNDY RUM RED               1L,526514,9311866009856,,core-extract,6.0,63.03,
,RUM DARK,6,6,3.61%,BUNDY BOURB CAMPFIRE RUM 700ML,392800,9310495089741,,core-extract,6.0,47.65,
,RUM DARK,7,7,2.51%,BUNDY MDC SML BATCH 40%  700ML,94813,9310495079056,,core-extract,6.0,63.90,
,RUM DARK,8,10,2.16%,KRAKEN BLACK SPICED RUM     1L,287377,0811538018753,,core-extract,6.0,83.80,
,RUM DARK,9,8,2.12%,BUNDY RUM RED            700ML,659744,9311866008798,,core-extract,12.0,43.94,
,RUM DARK,10,113,2.00%,BUNDY DROP BEAR SP P/APP 700ML,405491,9310495092406,,core-extract,6.0,42.64,
,RUM DARK,11,19,1.84%,BUNDY RUM XF BOURBONBARL 700ML,214722,9310495091249,,core-extract,6.0,51.74,
,RUM DARK,12,9,1.77%,BUNDY SELECT VAT         700ML,558561,9310495075898,,core-extract,6.0,51.74,
,RUM DARK,13,12,1.77%,BUNDY RUM UP PET MINS     50ML,593998,9311866005094,,core-extract,12.0,6.65,
,RUM DARK,14,13,1.05%,MOUNT GAY ECLIPSE RUM    700ML,599897,9501007122500,,core-extract,6.0,52.18,
,RUM DARK,15,113,0.92%,BUNDY DROP BEAR SP P/A MIN50ML,437223,9310495092420,,core-extract,12.0,6.84,
,RUM DARK,16,15,0.88%,BUNDY RUM OP             700ML,997736,9311866005070,,core-extract,6.0,67.82,
,RUM DARK,17,17,0.79%,RATU SIGNATURE RUM  8YO 700ML,855793,9421901704711,,core-extract,6.0,62.81,
,RUM DARK,18,20,0.74%,BUMBU ORIGINAL RUM       700ML,454495,0813497006215,,core-extract,6.0,69.70,
,RUM DARK,19,113,0.73%,BUNDY MANGO SUNNY RUM37% 700ML,281729,,,,,,
,RUM DARK,20,21,0.65%,CAPT MORGAN BLK SPICED   700ML,885701,5000281033273,,core-extract,6.0,55.13,
,RUM DARK,21,22,0.63%,APPLETON EST SIG BLEND   700ML,425085,5024576189100,,core-extract,6.0,52.51,YES
,RUM DARK,22,18,0.63%,KRAKEN BLK CHERRY VANILLA700ML,650716,0818844028513,,core-extract,6.0,56.04,
,RUM DARK,23,25,0.61%,BUNDY RUM UP PET         375ML,596695,9311866005056,,core-extract,12.0,24.81,
,RUM DARK,24,23,0.57%,KRAKEN R/COFFEE SPICEDRUM700ML,132425,0818844025819,,core-extract,6.0,56.04,
,RUM DARK,25,113,0.56%,BACARDI SPICED RUM      N700ML,367708,7610113007518,,core-extract,6.0,44.77,
,RUM GOLD,1,1,35.93%,CAPT MORGAN SPICED GOLD     1L,417448,5000281039558,,core-extract,6.0,62.98,
,RUM GOLD,2,2,33.92%,CAPT MORGAN SPICE GLD AU 700ML,363369,5000281037011,,core-extract,6.0,45.12,
,RUM GOLD,3,3,20.21%,SAILOR JERRY SPICED RUM  700ML,563511,5010327405223,,core-extract,6.0,46.61,
,RUM GOLD,4,6,2.10%,SAILOR JERRY SPICD RUM      1L,551166,5010327453019,,core-extract,6.0,61.49,
,RUM GOLD,5,4,0.92%,BACARDI SPICED RUM       700ML,963350,,,,,,
,RUM GOLD,6,7,0.90%,SHIPMASTER GOLD UB          1L,906497,,,,,,
,RUM GOLD,7,9,0.75%,RATU SPICED RUM 5YO      700ML,846320,9421901704209,,core-extract,6.0,62.81,
,RUM GOLD,8,8,0.70%,KRAKEN SPICED RUM         50ML,612747,0811538013673,,core-extract,15.0,8.93,
,RUM GOLD,9,10,0.52%,BATI SPICED RUM 2YO 37.5 700ML,846299,9421901704698,,core-extract,6.0,48.03,
,RUM GOLD,10,5,0.47%,CAPT MORGAN TROP M&PINE  700ML,227246,,,,,,
,RUM GOLD,11,13,0.45%,BEENLEIGH SPICED RUM     700ML,904584,9332364009148,,core-extract,6.0,50.51,
,RUM GOLD,12,17,0.40%,RUSTY BARREL GOLD RUM    700ML,825293,9350321000427,,core-extract,6.0,61.49,
,RUM GOLD,13,21,0.38%,HAVANA CLUB ANEJO ES37.5%700ML,144561,8501110086196,,core-extract,6.0,53.92,
,RUM GOLD,14,12,0.32%,CAPT MORGAN TROP C&W/MEL 700ML,545995,,,,,,
,RUM GOLD,15,28,0.27%,CASA SPIRITS SPICED RUM  700ML,653882,,,,,,
,RUM GOLD,16,26,0.21%,RUSTY BARREL RUM GP GT   700ML,982448,9350321000632,,core-extract,3.0,101.97,
,RUM GOLD,17,11,0.20%,BACARDI OCHO             700ML,524826,,,,,,
,RUM GOLD,18,38,0.19%,HAVANA CLUB ESPECIAL 37.5%  1L,338982,8501110086219,,core-extract,6.0,70.74,
,RUM GOLD,19,38,0.15%,RUSTY BARREL GOLD RUM    200ML,336655,9350321000564,,core-extract,12.0,21.53,
,RUM GOLD,20,23,0.14%,HAVANA CLUB SPICED RUM 700ML,287872,,,,,,
,RUM GOLD,21,18,0.12%,ILLEGAL TENDER SPICED    700ML,395777,,,,,,
,RUM GOLD,22,38,0.10%,BURDEKIN RUM PREM ARUM   700ML,365887,,,,,,
,RUM GOLD,23,19,0.07%,REEFTIP SPICED RUM       700ML,452105,,,,,,
,RUM GOLD,24,16,0.07%,BACARDI RUM SPICED 35% NEW  1L,139524,,,,,,
,RUM GOLD,25,27,0.06%,BACARDI CARTA ORO GOLD BTL  1L,848050,,,,,,
,RUM WHITE,1,52,23.54%,BACARDI CARTA BLANCA       N1L,367517,5010677015806,,core-extract,6.0,72.28,
,RUM WHITE,2,52,18.90%,BACARDI CARTA BLANCA    N700ML,367627,5010677014205,,core-extract,12.0,49.36,YES
,RUM WHITE,3,1,12.11%,BACARDI CARTA BLANCA        1L,788292,,,,,,
,RUM WHITE,4,2,9.40%,BACARDI CARTA BLANCA     700ML,566137,,,,,,
,RUM WHITE,5,52,7.47%,BUNDABERG SILVER RUM 37% 700ML,260210,9310495091140,,core-extract,6.0,46.16,
,RUM WHITE,6,52,3.71%,MALIBU COCONUT RUM       700ML,501239,8410024710601,,core-extract,6.0,33.59,
,RUM WHITE,7,34,3.21%,HAVANA CLUB ANOS3YO 37.5%700ML,234905,8501110088831,,core-extract,6.0,45.97,
,RUM WHITE,8,9,2.69%,BEENLEIGH RUM WHT 37.5%  700ML,578155,9332364002491,,core-extract,6.0,44.53,
,RUM WHITE,9,3,1.94%,BACARDI RUM                 1L,977838,,,,,,
,RUM WHITE,10,22,1.87%,CASA SPIRITS WHITE RUM   700ML,653895,9356572000773,,core-extract,6.0,39.98,
,RUM WHITE,11,5,1.84%,SHIPMASTER SILVER UB        1L,906879,,,,,,
,RUM WHITE,12,52,1.83%,BACARDI COCONUT 27%     N700ML,367520,7610113028100,,core-extract,6.0,44.77,
,RUM WHITE,13,52,1.78%,MALIBU COCONUT RUM          1L,501205,8410024710618,,core-extract,6.0,45.72,
,RUM WHITE,14,7,1.75%,BATI WHITE RUM 2YO 37.5% 700ML,672006,9421901704674,,core-extract,6.0,48.03,
,RUM WHITE,15,52,1.06%,HAVANA CLUB ANOS 3YO 37.5%  1L,344666,,,,,,
,RUM WHITE,16,10,0.92%,BACARDI COCONUT 27%      700ML,865719,,,,,,
,RUM WHITE,17,12,0.82%,HAVANA CLUB ANOS 7YO    700ML,855764,8501110080439,,core-extract,6.0,57.94,
,RUM WHITE,18,25,0.64%,ANGOSTURA RESERVA RUM    700ML,558422,0075496332201,,core-extract,6.0,53.50,
,RUM WHITE,19,6,0.60%,BUNDY SML/B SILVR RES WHT700ML,922760,,,,,,
,RUM WHITE,20,52,0.57%,BACARDI OCHO            N700ML,367554,7610113001516,,core-extract,6.0,61.79,
,RUM WHITE,21,52,0.34%,BUNDABERG HAMILTON WHTRUM700ML,307821,,,,,,
,RUM WHITE,22,24,0.30%,LULA RUM                 700ML,255003,,,,,,
,RUM WHITE,23,15,0.28%,DEADMANS FGS C/NUT RUM   700ML,673633,,,,,,
,RUM WHITE,24,17,0.25%,STOLEN RUM WHITE 37.5% 700ML,304433,9421902113000,,core-extract,6.0,46.56,
,RUM WHITE,25,13,0.23%,BACARDI RESERVA OCHO 40%    1L,67366,,,,,,
,SCOTCH,1,2,14.68%,J/WALKER RED LBL            1L,995938,5000267099026,,core-extract,6.0,62.93,
,SCOTCH,2,1,13.40%,CHIVAS REGAL SCOTCH 12YO 700ML,557099,0080432402931,,core-extract,6.0,52.49,
,SCOTCH,3,3,8.20%,J/WALKER RED LBL         700ML,566666,5000267014203,,core-extract,12.0,44.82,
,SCOTCH,4,4,7.58%,GRANTS SCOTCH               1L,774578,5010327253749,,core-extract,6.0,59.29,
,SCOTCH,5,6,5.27%,GRANTS SCOTCH            700ML,566886,5010327250007,,core-extract,12.0,43.53,
,SCOTCH,6,5,4.96%,J/WALKER BLACK LABEL     700ML,14452,5000267189611,,core-extract,12.0,48.99,YES
,SCOTCH,7,7,4.40%,GLENFIDDICH MALT 12YO    700ML,85775,5010327115115,,core-extract,6.0,68.01,YES
,SCOTCH,8,8,3.75%,DIMPLE SCOTCH 12YO       700ML,990124,5000281012872,,core-extract,6.0,51.62,YES
,SCOTCH,9,9,2.99%,BLACK DOUGLAS SCOTCH     700ML,555584,9300776006628,,core-extract,12.0,41.42,
,SCOTCH,10,10,2.54%,MONKEY SHOULDER SCOTCH   700ML,533286,5010327105215,,core-extract,6.0,55.25,YES
,SCOTCH,11,11,2.45%,J/WALKER RED LBL NUPK   1125ML,584334,5000267013404,,core-extract,6.0,84.32,
,SCOTCH,12,12,2.01%,BALLANTINES SCOTCH       700ML,555940,5010106113127,,core-extract,6.0,44.45,
,SCOTCH,13,13,1.86%,GLENSHIEL SCOTCH BIS     700ML,647250,,,,,,
,SCOTCH,14,15,1.61%,GLENLIVET FOUNDER RES    700ML,353071,5000299609347,,core-extract,6.0,61.23,
,SCOTCH,15,14,1.60%,SINGLETON MALT MASTER    700ML,813966,5000281051413,,core-extract,6.0,56.52,
,SCOTCH,16,16,1.19%,J/WALKER BLACK LABEL        1L,14384,5000267189604,,core-extract,6.0,72.49,
,SCOTCH,17,18,1.14%,GLENLIVET 12YR           700ML,993855,0080432402825,,core-extract,6.0,68.42,
,SCOTCH,18,21,1.07%,MACALLAN SHERRY OAK 12YO 700ML,718064,5010314017408,,core-extract,6.0,137.40,
,SCOTCH,19,22,1.04%,MACALLAN DBL CASK 12YO   700ML,820620,5010314302863,,core-extract,6.0,117.73,
,SCOTCH,20,17,0.93%,J/WALKER DBL  BLACK      700ML,542950,5000267115443,,core-extract,6.0,59.80,YES
,SCOTCH,21,20,0.88%,J/WALKER RED LBL MINS     50ML,593558,08911308,,core-extract,12.0,8.20,
,SCOTCH,22,19,0.75%,DIMPLE SCOTCH 15YO       700ML,587696,5000281003337,,core-extract,6.0,63.80,
,SCOTCH,23,24,0.71%,CHIVAS REGAL SCOTCH 12YO    1L,583139,0080432400432,,core-extract,6.0,70.58,
,SCOTCH,24,28,0.69%,GLENSHIEL SCOTCH WHISKY BIS 1L,643963,,,,,,
,SCOTCH,25,23,0.57%,J/WALKER GOLD RESERVE    700ML,994607,5000267197692,,core-extract,6.0,86.02,
,SPIRITS KEGS,1,1,53.73%,SMIRNOFF VODKA RED 37%    20L,465991,9310495084104,,core-extract,1.0,1097.32,
,SPIRITS KEGS,2,2,27.69%,BUNDY RUM UP               20L,568464,9311866005001,,core-extract,1.0,1146.43,
,SPIRITS KEGS,3,4,3.71%,J/WALKER RED LBL 40%       20L,873178,,,,,,
,SPIRITS KEGS,4,13,3.47%,CASA VODKA KEG             20L,245647,9356572000896,,core-extract,1.0,943.62,
,SPIRITS KEGS,5,7,2.60%,STEINBOK TRIPLE SEC KEG    20L,89834,9324114004015,,core-extract,1.0,745.62,
,SPIRITS KEGS,6,13,1.95%,CASA TEQ BLNCO AGAVE KEG   20L,246355,9356572001084,,core-extract,1.0,1064.62,
,SPIRITS KEGS,7,6,1.68%,STEINBOK PEACH SCHNAPPS KEG20L,89999,9324114004008,,core-extract,1.0,745.62,
,SPIRITS KEGS,8,13,1.65%,CASA WHITE RUM KEG         20L,246397,9356572002081,,core-extract,1.0,1064.62,
,SPIRITS KEGS,9,11,1.32%,WHITE LIGHT VODKA          20L,133837,,,,,,
,SPIRITS KEGS,10,8,0.96%,FELLOW VODKA KEG           15L,301150,,,,,,
,SPIRITS KEGS,11,13,0.81%,CASA GIN KEG       20L,246478,9356572000902,,core-extract,1.0,943.62,
,SPIRITS KEGS,12,13,0.42%,TRIPLE G AUSTRALIAN DRY GIN20L,137336,,,,,,
,SPIRITS KEGS,13,13,0.03%,FELLOW GIN KEG             15L,393961,,,,,,
,SPIRITS KEGS,14,3,0.00%,JIM BEAM WHITE 37% KEG     20L,674215,,,,,,
,SPIRITS KEGS,14,10,0.00%,ARKTIKA VODKA              20L,527955,,,,,,
,SPIRITS KEGS,14,5,0.00%,JIM BEAM WHITE LBL  37% KEG20L,760338,,,,,,
,TEQUILA,1,3,9.87%,EL JIMADOR TEQUILA BLANC 700ML,543095,7501145268100,,core-extract,6.0,54.29,YES
,TEQUILA,2,2,8.93%,ESPOLON TEQUILA BLANCO   700ML,574533,0664804000934,,core-extract,6.0,57.16,
,TEQUILA,3,4,8.18%,OLMECA ALTOS PLATA       700ML,97609,7501003698636,,core-extract,6.0,54.74,
,TEQUILA,4,1,7.88%,EL JIMADOR TEQUILA REPOS 700ML,511933,7501145269107,,core-extract,6.0,58.35,YES
,TEQUILA,5,5,5.60%,SIERRA TEQUILA BLANCO 38%700ML,369373,,,,,,
,TEQUILA,6,9,4.40%,1800 COCONUT TEQUILA 700ML,276211,7501035013742,,core-extract,6.0,68.33,YES
,TEQUILA,7,6,4.15%,JOSE CUERVO ESP GOLD TEQ 700ML,536239,0082000491651,,core-extract,6.0,52.40,YES
,TEQUILA,8,8,3.36%,JOSE CUERVO ESP SILV TEQ 700ML,512426,7501035042308,,core-extract,6.0,52.40,YES
,TEQUILA,9,11,2.75%,CASAMIGOS BLANCO TEQ 40% 700ML,458897,5000281058320,,core-extract,6.0,62.07,
,TEQUILA,10,51,2.50%,DON JULIO BLANCO 38%     700ML,195818,7506064300160,,core-extract,6.0,78.76,YES
,TEQUILA,11,15,2.04%,AVC MARGARITA BATCH      750ML,700273,,,,,,
,TEQUILA,12,21,1.79%,CASAMIGOS TEQ BLANCO 40%    1L,234492,,,,,,
,TEQUILA,13,205,1.68%,PATRON SILVER          N700ML,369394,0721733000739,,core-extract,6.0,76.96,
,TEQUILA,14,12,1.63%,JOSE CUERVO ESP REPOSADO TEQ1L,586064,0082000491675,,core-extract,6.0,71.89,
,TEQUILA,15,23,1.57%,TEREMANA TEQUILABLANCO40%700ML,576789,7503028799114,,core-extract,6.0,67.50,
,TEQUILA,16,16,1.54%,ESPOLON TEQ REPOSADO     700ML,574525,0664804000941,,core-extract,6.0,60.55,YES
,TEQUILA,17,13,1.51%,SIERRA TEQUILA REPOS 38% 700ML,369433,4062400159203,,core-extract,6.0,47.32,YES
,TEQUILA,18,14,1.25%,HERRADURA TEQUILA PLATA  700ML,506302,7501145233375,,core-extract,6.0,85.45,
,TEQUILA,19,20,1.19%,1800 SILVER TEQUILA      700ML,541268,7501035013117,,core-extract,6.0,68.33,YES
,TEQUILA,20,71,0.96%,CASA BLANCO AGAVE 700ML,653879,9356572000698,,core-extract,6.0,39.98,
,TEQUILA,21,7,0.94%,PATRON SILVER            700ML,387952,,,,,,
,TEQUILA,22,19,0.93%,OLMECA ALTOS REPOSADO    700ML,97594,7501003698643,,core-extract,6.0,60.11,
,TEQUILA,23,47,0.86%,OLMECA ALTOS PLATA 38%      1L,288962,,,,,,
,TEQUILA,24,17,0.86%,MANGO SHOTTA TEQ          50ML,502078,1210000103444,,core-extract,10.0,3.96,
,TEQUILA,25,18,0.83%,JOSE CUERVO ESP SILV TEQ    1L,515432,7501035042315,,core-extract,6.0,71.89,
,VODKA,1,1,14.11%,SMIRNOFF VODKA RED 37%      1L,19559,9310495084081,,core-extract,6.0,60.30,
,VODKA,2,2,8.31%,ABSOLUT VODKA            700ML,566323,7312040017683,,core-extract,6.0,46.63,YES
,VODKA,3,4,6.83%,SMIRNOFF VODKA RED 37%   700ML,19486,9310495084067,,core-extract,12.0,43.19,
,VODKA,4,3,6.65%,SMIRNOFF VODKA RED 37%  1125ML,19664,9310495084043,,core-extract,12.0,68.07,
,VODKA,5,7,4.74%,ABSOLUT VODKA               1L,565474,7312040017034,,core-extract,6.0,62.35,YES
,VODKA,6,8,3.81%,SKYY VODKA 37.5%         700ML,570157,8000040007122,,core-extract,6.0,41.43,
,VODKA,7,6,3.59%,SKYY VODKA 37.5%            1L,570149,8000040007146,,core-extract,6.0,56.48,
,VODKA,8,275,3.09%,GREY GOOSE VODKA       N 700ML,367978,5010677850100,,core-extract,6.0,66.88,YES
,VODKA,9,98,2.71%,ABSOLUT VODKA N          200ML,231229,05322060,,core-extract,6.0,16.99,
,VODKA,10,32,2.38%,FRIS VODKA MINI           50ML,997396,0088004047795,,core-extract,10.0,4.04,
,VODKA,11,13,2.12%,ABSOLUT VODKA MINS        50ML,594041,7312040017058,,core-extract,12.0,5.18,
,VODKA,12,9,1.95%,BELVEDERE VODKA          700ML,536718,5901867816641,,core-extract,6.0,62.61,YES
,VODKA,13,58,1.76%,GREENSIDE PREM TAS VODKA    1L,163858,,,,,,
,VODKA,14,12,1.75%,SMIRNOFF VODKA RED        MINS,593249,0082000724230,,core-extract,10.0,6.90,
,VODKA,15,10,1.74%,KETEL ONE VODKA          700ML,857180,8711566013701,,core-extract,6.0,50.77,YES
,VODKA,16,40,1.66%,TOVARITCH VODKA 37.5%       1L,574478,,,,,,
,VODKA,17,11,1.49%,VODKA O                  700ML,585136,9329982019901,,core-extract,12.0,38.49,YES
,VODKA,18,14,1.47%,FLYKA VODKA 37% 6S       700ML,439725,,,,,,
,VODKA,19,5,1.47%,GREY GOOSE VODKA         700ML,818403,,,,,,
,VODKA,20,16,1.46%,FRIS VODKA               700ML,54910,1210000101501,,core-extract,12.0,38.64,
,VODKA,21,18,1.27%,VODKA O 37.5%               1L,586190,9329982019888,,core-extract,6.0,54.02,
,VODKA,22,63,1.24%,PINK DOT VODKA           700ML,144341,9309000902675,,core-extract,6.0,30.08,
,VODKA,23,24,1.23%,AMPERSAND VODKA & 37.5% 500ML,996031,9354479000360,,core-extract,6.0,32.89,
,VODKA,24,53,1.21%,GREENSIDE TAS VODKA      700ML,830316,9358852002248,,core-extract,6.0,32.88,
,VODKA,25,17,1.20%,ABSOLUT VODKA VANILLA    700ML,528985,7312040350100,,core-extract,6.0,46.63,
,WHISKEY,1,1,14.86%,JAMESON IRISH WSKY       700ML,558299,5011007003005,,core-extract,6.0,52.65,
,WHISKEY,2,3,11.78%,FIREBALL CINN WHISKY MINI 50ML,352884,0088004144708,,core-extract,10.0,4.04,
,WHISKEY,3,2,9.06%,JAMESON IRISH WSKY          1L,590314,5011007003227,,core-extract,6.0,69.39,
,WHISKEY,4,4,6.96%,CANADIAN CLUB ORIG 37%      1L,760472,0080686816232,,core-extract,6.0,59.01,
,WHISKEY,5,6,6.94%,SHEEP DOG P/NUT BUT WHISK 50ML,241583,1210000101952,,core-extract,12.0,3.90,
,WHISKEY,6,5,6.72%,FIREBALL CINNAMON WHISKY 700ML,555157,0088004023492,,core-extract,6.0,45.37,
,WHISKEY,7,8,4.06%,SHEEP DOG P/BUTTER WHISK 700ML,240977,,,,,,
,WHISKEY,8,7,3.87%,CANADIAN CLUB ORIG 37%   700ML,560929,0080686816089,,core-extract,12.0,43.61,
,WHISKEY,9,9,3.47%,FIREBALL CINN WHISKY     200ML,603706,,,,,,
,WHISKEY,10,11,3.18%,SHEEP DOG P/NUT BUT WHISK200ML,241606,,,,,,
,WHISKEY,11,10,2.14%,SOUTHERN COMFORT 30%     700ML,653078,1210000100313,,core-extract,12.0,41.23,
,WHISKEY,12,14,1.49%,TOKI JAPANESE WHISKY     700ML,607690,4901777303553,,core-extract,6.0,62.13,
,WHISKEY,13,279,1.20%,J/WALKER BLACK 12YO VAP  700ML,282819,,,,,,
,WHISKEY,14,25,1.10%,JAMESON BLACK BARREL     700ML,642849,5011007025854,,core-extract,6.0,61.42,YES
,WHISKEY,15,26,1.09%,JAMESON IRISH WSKY MINS   50ML,596946,5011007003586,,core-extract,12.0,4.97,
,WHISKEY,16,126,1.06%,JAMESON IRISH WHISKEY6PK 200ML,230422,5011007003234,,core-extract,6.0,18.15,
,WHISKEY,17,16,1.04%,FIREBALL CINNAMON WHISKY    1L,663413,0088004144678,,core-extract,6.0,61.19,
,WHISKEY,18,17,0.99%,SOUTHERN COMFORT 30%        1L,652616,1210000100269,,core-extract,6.0,59.30,
,WHISKEY,19,15,0.96%,BOND SEVEN WHISKY        700ML,557780,9323594000494,,core-extract,6.0,44.57,
,WHISKEY,20,18,0.91%,STARWARD TWO-FOLD        700ML,44868,9346943000174,,core-extract,6.0,61.89,YES
,WHISKEY,21,21,0.89%,TULLAMORE DEW IRISH WHSKY700ML,754840,5011026108033,,core-extract,6.0,48.50,
,WHISKEY,22,279,0.78%,SHEEP DOG PBJ MINS        50ML,473211,1210000107435,,core-extract,10.0,4.05,
,WHISKEY,23,12,0.70%,SKREWBALL PNUT BTR WHSKY 750ML,615622,,,,,,
,WHISKEY,24,20,0.69%,DUBLINER IRISH WSKY LIQ  700ML,577175,5390424120428,,core-extract,6.0,51.03,YES
,WHISKEY,25,29,0.68%,HIBIKI WHISKY HARMONY   700ML,674715,0080686934035,,core-extract,3.0,166.66,
