Deleted product,Shopify product ID
Adami Bosco di Gica,gid://shopify/Product/9522270503158
All Saints Estate Museum Muscat,gid://shopify/Product/9522271518966
Alois Lageder Porer Pinot Grigio,gid://shopify/Product/9522269552886
Ashton Hills Reserve Pinot Noir,gid://shopify/Product/9522268045558
Astrolabe Awatere Valley Sauvignon Blanc,gid://shopify/Product/9522269094134
Ata Rangi Lismore Pinot Gris,gid://shopify/Product/9522269683958
Bass Phillip Reserve Pinot Noir,gid://shopify/Product/9522267848950
Bekkers Grenache,gid://shopify/Product/9522268340470
Bellebonne Vintage Rosé,gid://shopify/Product/9522270732534
Bindi Block 5 Pinot Noir,gid://shopify/Product/9522267881718
Bindi Quartz Chardonnay,gid://shopify/Product/9522268602614
Bisol Cartizze Superiore di Cartizze,gid://shopify/Product/9522270241014
Bortolomiol Prior Superiore,gid://shopify/Product/9522270372086
By Farr Sangreal,gid://shopify/Product/9522267947254
Campbells Merchant Prince Rare Muscat,gid://shopify/Product/9522271355126
Chambers Rosewood Rare Muscat,gid://shopify/Product/9522271289590
Charles Melton Rose of Virginia,gid://shopify/Product/9522270011638
Château Cantemerle Haut-Médoc,gid://shopify/Product/9522267783414
Château Miraval Rosé,gid://shopify/Product/9522269946102
Château d'Esclans Whispering Angel,gid://shopify/Product/9522269978870
Château de Beaucastel Châteauneuf-du-Pape,gid://shopify/Product/9522268274934
Cirillo 1850 Ancestor Vine Grenache,gid://shopify/Product/9522268176630
Clover Hill Cuvée Exceptionnelle,gid://shopify/Product/9522270699766
Col Vetoraz Cartizze,gid://shopify/Product/9522270273782
Coriole Merlot,gid://shopify/Product/9522267750646
Craggy Range Te Muna Road Sauvignon Blanc,gid://shopify/Product/9522269061366
Crawford River Riesling,gid://shopify/Product/9522269225206
Croser Late Disgorged,gid://shopify/Product/9522270765302
Cullen Kevin John Chardonnay,gid://shopify/Product/9522268569846
Curly Flat Pinot Noir,gid://shopify/Product/9522268143862
Deviation Road Beltana Blanc de Blancs,gid://shopify/Product/9522270601462
Didier Dagueneau Silex,gid://shopify/Product/9522268831990
Dog Point Section 94,gid://shopify/Product/9522268995830
Domaine Tempier Bandol Rosé,gid://shopify/Product/9522269847798
Domaine Vacheron Sancerre,gid://shopify/Product/9522268864758
Domaines Ott Château Romassan,gid://shopify/Product/9522269880566
Dominique Portet Fontaine Rosé,gid://shopify/Product/9522270208246
Dr Loosen Wehlener Sonnenuhr Kabinett,gid://shopify/Product/9522269290742
Egly-Ouriet Brut Tradition Grand Cru,gid://shopify/Product/9522271158518
Frankland Estate Isolation Ridge Riesling,gid://shopify/Product/9522269454582
Giaconda Estate Vineyard Chardonnay,gid://shopify/Product/9522268537078
Giant Steps Applejack Vineyard Pinot Noir,gid://shopify/Product/9522268111094
Grosset Polish Hill,gid://shopify/Product/9522269192438
Grosset Springvale,gid://shopify/Product/9522269257974
Henri Bourgeois Sancerre,gid://shopify/Product/9522268930294
House of Arras Blanc de Blancs,gid://shopify/Product/9522270634230
House of Arras Grand Vintage,gid://shopify/Product/9522270666998
Jacquesson Cuvée No. 74x,gid://shopify/Product/9522271191286
Jermann Pinot Grigio,gid://shopify/Product/9522269585654
Jim Barry The Florita,gid://shopify/Product/9522269356278
Kooyong Beurrot Pinot Gris,gid://shopify/Product/9522269651190
Leeuwin Estate Art Series Chardonnay,gid://shopify/Product/9522268635382
Leo Buring Leopold Eden Valley Riesling,gid://shopify/Product/9522269389046
Livio Felluga Pinot Grigio,gid://shopify/Product/9522269618422
Mac Forbes Pinot Gris,gid://shopify/Product/9522269749494
Moss Wood Cabernet Sauvignon,gid://shopify/Product/9522267259126
Mount Horrocks Watervale Riesling,gid://shopify/Product/9522269421814
Mount Mary Pinot Noir,gid://shopify/Product/9522267914486
Nino Franco Primo Franco,gid://shopify/Product/9522270339318
Nino Franco Rustico,gid://shopify/Product/9522270470390
Ochota Barrels Fugazi Vineyard Grenache,gid://shopify/Product/9522268406006
Paringa Estate The Paringa Pinot Noir,gid://shopify/Product/9522267980022
Parker Coonawarra Estate First Growth,gid://shopify/Product/9522267422966
Penfolds Bin 407 Cabernet Sauvignon,gid://shopify/Product/9522267488502
Penfolds Bin 707 Cabernet Sauvignon,gid://shopify/Product/9522267226358
Penfolds Yattarna Bin 144 Chardonnay,gid://shopify/Product/9522268504310
Pewsey Vale The Contours,gid://shopify/Product/9522269323510
Pierro Chardonnay,gid://shopify/Product/9522268668150
Pol Roger Sir Winston Churchill,gid://shopify/Product/9522270961910
Quealy Turbul Pinot Grigio,gid://shopify/Product/9522269716726
Ruggeri Giustino B.,gid://shopify/Product/9522270404854
S.C. Pannell Smart Vineyard Grenache,gid://shopify/Product/9522268373238
Seppeltsfield 100 Year Old Para Vintage Tawny,gid://shopify/Product/9522271224054
Sorelle Bronca Particella 68,gid://shopify/Product/9522270437622
Stanton & Killeen Rare Muscat,gid://shopify/Product/9522271322358
Stefano Lubiana Brut Reserve,gid://shopify/Product/9522270798070
Tolpuddle Vineyard Chardonnay,gid://shopify/Product/9522268766454
Tolpuddle Vineyard Pinot Noir,gid://shopify/Product/9522268078326
Torbreck Les Amis,gid://shopify/Product/9522268209398
Trimbach Cuvée Frédéric Emile,gid://shopify/Product/9522269159670
Trimbach Réserve Pinot Gris,gid://shopify/Product/9522269520118
Turkey Flat Grenache,gid://shopify/Product/9522268471542
Vasse Felix Heytesbury Chardonnay,gid://shopify/Product/9522268733686
Vasse Felix Tom Cullity,gid://shopify/Product/9522267324662
Vieux Télégraphe La Crau,gid://shopify/Product/9522268307702
Villa Sandi Cartizze,gid://shopify/Product/9522270306550
Wynns Coonawarra Estate John Riddoch Cabernet Sauvignon,gid://shopify/Product/9522267357430
Wynns Coonawarra Estate Michael Shiraz,gid://shopify/Product/9522267095286
Yabby Lake Single Block Pinot Noir,gid://shopify/Product/9522268012790
Yalumba The Scribbler,gid://shopify/Product/9522267816182
Yangarra Estate High Sands Grenache,gid://shopify/Product/9522268242166
Yangarra Estate Rosé,gid://shopify/Product/9522270142710
Zind-Humbrecht Clos Windsbuhl Pinot Gris,gid://shopify/Product/9522269487350
d'Arenberg The Derelict Vineyard Grenache,gid://shopify/Product/9522268438774
