Group,Handle,Needs,Current price,Cost ex GST (fill),Sell price (fill),Notes
Cabernet & Bordeaux blends,penfolds-grange,PRICE + COST,0.00,,,
Cabernet & Bordeaux blends,wynns-coonawarra-estate-michael-shiraz,PRICE + COST,0.00,,,
Cabernet & Bordeaux blends,penfolds-st-henri-shiraz,PRICE + COST,0.00,,,
Cabernet & Bordeaux blends,penfolds-bin-707-cabernet-sauvignon,PRICE + COST,0.00,,,
Cabernet & Bordeaux blends,moss-wood-cabernet-sauvignon,PRICE + COST,0.00,,,
Cabernet & Bordeaux blends,vasse-felix-tom-cullity,PRICE + COST,0.00,,,
Cabernet & Bordeaux blends,wynns-coonawarra-estate-john-riddoch-cabernet-sauvignon,PRICE + COST,0.00,,,
Cabernet & Bordeaux blends,parker-coonawarra-estate-first-growth,PRICE + COST,0.00,,,
Cabernet & Bordeaux blends,penfolds-bin-407-cabernet-sauvignon,PRICE + COST,0.00,,,
Cabernet & Bordeaux blends,katnook-estate-merlot,PRICE + COST,0.00,,,
Cabernet & Bordeaux blends,coriole-merlot,PRICE + COST,0.00,,,
Cabernet & Bordeaux blends,chateau-cantemerle-haut-medoc,PRICE + COST,0.00,,,
Cabernet & Bordeaux blends,yalumba-the-scribbler,PRICE + COST,0.00,,,
Pinot Noir,bass-phillip-reserve-pinot-noir,PRICE + COST,0.00,,,
Pinot Noir,bindi-block-5-pinot-noir,PRICE + COST,0.00,,,
Pinot Noir,mount-mary-pinot-noir,PRICE + COST,0.00,,,
Pinot Noir,by-farr-sangreal,PRICE + COST,0.00,,,
Pinot Noir,paringa-estate-the-paringa-pinot-noir,PRICE + COST,0.00,,,
Pinot Noir,yabby-lake-single-block-pinot-noir,PRICE + COST,0.00,,,
Pinot Noir,ashton-hills-reserve-pinot-noir,PRICE + COST,0.00,,,
Pinot Noir,tolpuddle-vineyard-pinot-noir,PRICE + COST,0.00,,,
Pinot Noir,giant-steps-applejack-vineyard-pinot-noir,PRICE + COST,0.00,,,
Pinot Noir,curly-flat-pinot-noir,PRICE + COST,0.00,,,
Grenache & Rhone,cirillo-1850-ancestor-vine-grenache,PRICE + COST,0.00,,,
Grenache & Rhone,torbreck-les-amis,PRICE + COST,0.00,,,
Grenache & Rhone,yangarra-estate-high-sands-grenache,PRICE + COST,0.00,,,
Grenache & Rhone,chateau-de-beaucastel-chateauneuf-du-pape,PRICE + COST,0.00,,,
Grenache & Rhone,vieux-telegraphe-la-crau,PRICE + COST,0.00,,,
Grenache & Rhone,bekkers-grenache,PRICE + COST,0.00,,,
Grenache & Rhone,s-c-pannell-smart-vineyard-grenache,PRICE + COST,0.00,,,
Grenache & Rhone,ochota-barrels-fugazi-vineyard-grenache,PRICE + COST,0.00,,,
Grenache & Rhone,d-arenberg-the-derelict-vineyard-grenache,PRICE + COST,0.00,,,
Grenache & Rhone,turkey-flat-grenache,PRICE + COST,0.00,,,
Chardonnay,penfolds-yattarna-bin-144-chardonnay,PRICE + COST,0.00,,,
Chardonnay,giaconda-estate-vineyard-chardonnay,PRICE + COST,0.00,,,
Chardonnay,cullen-kevin-john-chardonnay,PRICE + COST,0.00,,,
Chardonnay,bindi-quartz-chardonnay,PRICE + COST,0.00,,,
Chardonnay,leeuwin-estate-art-series-chardonnay,PRICE + COST,0.00,,,
Chardonnay,pierro-chardonnay,PRICE + COST,0.00,,,
Chardonnay,oakridge-864-chardonnay,PRICE + COST,0.00,,,
Chardonnay,vasse-felix-heytesbury-chardonnay,PRICE + COST,0.00,,,
Chardonnay,tolpuddle-vineyard-chardonnay,PRICE + COST,0.00,,,
Chardonnay,shaw-smith-m3-chardonnay,PRICE + COST,0.00,,,
Sauvignon Blanc,didier-dagueneau-silex,PRICE + COST,0.00,,,
Sauvignon Blanc,domaine-vacheron-sancerre,PRICE + COST,0.00,,,
Sauvignon Blanc,cloudy-bay-te-koko,PRICE + COST,0.00,,,
Sauvignon Blanc,henri-bourgeois-sancerre,PRICE + COST,0.00,,,
Sauvignon Blanc,greywacke-wild-sauvignon,PRICE + COST,0.00,,,
Sauvignon Blanc,dog-point-section-94,PRICE + COST,0.00,,,
Sauvignon Blanc,cloudy-bay-sauvignon-blanc,PRICE + COST,0.00,,,
Sauvignon Blanc,craggy-range-te-muna-road-sauvignon-blanc,PRICE + COST,0.00,,,
Sauvignon Blanc,astrolabe-awatere-valley-sauvignon-blanc,PRICE + COST,0.00,,,
Sauvignon Blanc,shaw-smith-sauvignon-blanc,PRICE + COST,0.00,,,
Riesling,trimbach-cuvee-frederic-emile,PRICE + COST,0.00,,,
Riesling,grosset-polish-hill,PRICE + COST,0.00,,,
Riesling,crawford-river-riesling,PRICE + COST,0.00,,,
Riesling,grosset-springvale,PRICE + COST,0.00,,,
Riesling,dr-loosen-wehlener-sonnenuhr-kabinett,PRICE + COST,0.00,,,
Riesling,pewsey-vale-the-contours,PRICE + COST,0.00,,,
Riesling,jim-barry-the-florita,PRICE + COST,0.00,,,
Riesling,leo-buring-leopold-eden-valley-riesling,PRICE + COST,0.00,,,
Riesling,mount-horrocks-watervale-riesling,PRICE + COST,0.00,,,
Riesling,frankland-estate-isolation-ridge-riesling,PRICE + COST,0.00,,,
Pinot Gris / Grigio,zind-humbrecht-clos-windsbuhl-pinot-gris,PRICE + COST,0.00,,,
Pinot Gris / Grigio,trimbach-reserve-pinot-gris,PRICE + COST,0.00,,,
Pinot Gris / Grigio,alois-lageder-porer-pinot-grigio,PRICE + COST,0.00,,,
Pinot Gris / Grigio,jermann-pinot-grigio,PRICE + COST,0.00,,,
Pinot Gris / Grigio,livio-felluga-pinot-grigio,PRICE + COST,0.00,,,
Pinot Gris / Grigio,kooyong-beurrot-pinot-gris,PRICE + COST,0.00,,,
Pinot Gris / Grigio,ata-rangi-lismore-pinot-gris,PRICE + COST,0.00,,,
Pinot Gris / Grigio,quealy-turbul-pinot-grigio,PRICE + COST,0.00,,,
Pinot Gris / Grigio,mac-forbes-pinot-gris,PRICE + COST,0.00,,,
Pinot Gris / Grigio,chrismont-la-zona-pinot-grigio,PRICE + COST,0.00,,,
Rose,chateau-d-esclans-garrus,PRICE + COST,0.00,,,
Rose,domaine-tempier-bandol-rose,PRICE + COST,0.00,,,
Rose,domaines-ott-chateau-romassan,PRICE + COST,0.00,,,
Rose,minuty-rose-et-or,PRICE + COST,0.00,,,
Rose,chateau-miraval-rose,PRICE + COST,0.00,,,
Rose,chateau-d-esclans-whispering-angel,PRICE + COST,0.00,,,
Rose,charles-melton-rose-of-virginia,PRICE + COST,0.00,,,
Rose,yangarra-estate-rose,PRICE + COST,0.00,,,
Rose,turkey-flat-rose,PRICE + COST,0.00,,,
Rose,dominique-portet-fontaine-rose,PRICE + COST,0.00,,,
Prosecco,bisol-cartizze-superiore-di-cartizze,PRICE + COST,0.00,,,
Prosecco,col-vetoraz-cartizze,PRICE + COST,0.00,,,
Prosecco,villa-sandi-cartizze,PRICE + COST,0.00,,,
Prosecco,nino-franco-primo-franco,PRICE + COST,0.00,,,
Prosecco,bortolomiol-prior-superiore,PRICE + COST,0.00,,,
Prosecco,ruggeri-giustino-b,PRICE + COST,0.00,,,
Prosecco,sorelle-bronca-particella-68,PRICE + COST,0.00,,,
Prosecco,nino-franco-rustico,PRICE + COST,0.00,,,
Prosecco,adami-bosco-di-gica,PRICE + COST,0.00,,,
Prosecco,dal-zotto-pucino-prosecco,PRICE + COST,0.00,,,
Australian sparkling,house-of-arras-ej-carr-late-disgorged,PRICE + COST,0.00,,,
Australian sparkling,deviation-road-beltana-blanc-de-blancs,PRICE + COST,0.00,,,
Australian sparkling,house-of-arras-blanc-de-blancs,PRICE + COST,0.00,,,
Australian sparkling,house-of-arras-grand-vintage,PRICE + COST,0.00,,,
Australian sparkling,clover-hill-cuvee-exceptionnelle,PRICE + COST,0.00,,,
Australian sparkling,bellebonne-vintage-rose,PRICE + COST,0.00,,,
Australian sparkling,croser-late-disgorged,PRICE + COST,0.00,,,
Australian sparkling,stefano-lubiana-brut-reserve,PRICE + COST,0.00,,,
Champagne,krug-grande-cuvee,PRICE + COST,0.00,,,
Champagne,pol-roger-sir-winston-churchill,PRICE + COST,0.00,,,
Champagne,mo-t-and-chandon-dom-perignon,PRICE + COST,0.00,,,
Champagne,veuve-clicquot-la-grande-dame,PRICE + COST,0.00,,,
Champagne,billecart-salmon-brut-rose,PRICE + COST,0.00,,,
Champagne,egly-ouriet-brut-tradition-grand-cru,PRICE + COST,0.00,,,
Champagne,jacquesson-cuvee-no-74x,PRICE + COST,0.00,,,
Fortified,seppeltsfield-100-year-old-para-vintage-tawny,PRICE + COST,0.00,,,
Fortified,chambers-rosewood-rare-muscat,PRICE + COST,0.00,,,
Fortified,stanton-and-killeen-rare-muscat,PRICE + COST,0.00,,,
Fortified,campbells-merchant-prince-rare-muscat,PRICE + COST,0.00,,,
Fortified,seppeltsfield-para-21-year-old-tawny,PRICE + COST,0.00,,,
Fortified,all-saints-estate-museum-muscat,PRICE + COST,0.00,,,
"Priced, cost missing",henschke-hill-of-grace,COST,949.99,,949.99,margin currently invisible
"Priced, cost missing",torbreck-runrig,COST,330.00,,330.00,margin currently invisible
"Priced, cost missing",jim-barry-the-armagh,COST,419.29,,419.29,margin currently invisible
"Priced, cost missing",best-s-thomson-family-shiraz,COST,249.99,,249.99,margin currently invisible
"Priced, cost missing",yalumba-the-octavius,COST,159.99,,159.99,margin currently invisible
"Priced, cost missing",clonakilla-shiraz-viognier,COST,139.99,,139.99,margin currently invisible
"Priced, cost missing",d-arenberg-the-dead-arm-shiraz,COST,74.99,,74.99,margin currently invisible
"Priced, cost missing",cullen-diana-madeline,COST,159.99,,159.99,margin currently invisible
"Priced, cost missing",howard-park-abercrombie-cabernet-sauvignon,COST,129.99,,129.99,margin currently invisible
"Priced, cost missing",wendouree-cabernet-sauvignon,COST,250.99,,250.99,margin currently invisible
"Priced, cost missing",yalumba-the-menzies,COST,56.99,,56.99,margin currently invisible
"Priced, cost missing",irvine-grand-merlot,COST,119.99,,119.99,margin currently invisible
"Priced, cost missing",tapanappa-whalebone-vineyard-merlot-cabernet-franc,COST,95.00,,95.00,margin currently invisible
"Priced, cost missing",duckhorn-napa-valley-merlot,COST,99.99,,99.99,margin currently invisible
"Priced, cost missing",woodlands-cabernet-merlot,COST,41.99,,41.99,margin currently invisible
"Priced, cost missing",petaluma-coonawarra,COST,84.99,,84.99,margin currently invisible
"Priced, cost missing",jansz-tasmania-vintage-cuvee,COST,48.99,,48.99,margin currently invisible
"Priced, cost missing",chandon-vintage-brut,COST,49.99,,49.99,margin currently invisible
"Priced, cost missing",louis-roederer-cristal,COST,529.99,,529.99,margin currently invisible
"Priced, cost missing",taittinger-comtes-de-champagne-blanc-de-blancs,COST,450.00,,450.00,margin currently invisible
"Priced, cost missing",bollinger-la-grande-annee,COST,199.99,,199.99,margin currently invisible
"Priced, cost missing",penfolds-great-grandfather-rare-tawny,COST,350.00,,350.00,margin currently invisible
"Priced, cost missing",yalumba-antique-tawny,COST,26.99,,26.99,margin currently invisible
