Group,Handle,Product (from handle),Cost ex GST (fill),Sell price (fill),Image? (y/n),Notes
Champagne,billecart-salmon-brut-rose,Billecart Salmon Brut Rose,,,n,
Champagne,egly-ouriet-brut-tradition-grand-cru,Egly Ouriet Brut Tradition Grand Cru,,,n,
Champagne,jacquesson-cuvee-no-74x,Jacquesson Cuvee No 74X,,,n,
Champagne,krug-grande-cuvee,Krug Grande Cuvee,,,n,
Champagne,mo-t-and-chandon-dom-perignon,Mo T And Chandon Dom Perignon,,,n,
Champagne,pol-roger-sir-winston-churchill,Pol Roger Sir Winston Churchill,,,n,
Champagne,veuve-clicquot-la-grande-dame,Veuve Clicquot La Grande Dame,,,n,
Sparkling — Australian,bellebonne-vintage-rose,Bellebonne Vintage Rose,,,n,
Sparkling — Australian,clover-hill-cuvee-exceptionnelle,Clover Hill Cuvee Exceptionnelle,,,n,
Sparkling — Australian,croser-late-disgorged,Croser Late Disgorged,,,n,
Sparkling — Australian,deviation-road-beltana-blanc-de-blancs,Deviation Road Beltana Blanc De Blancs,,,n,
Sparkling — Australian,house-of-arras-blanc-de-blancs,House Of Arras Blanc De Blancs,,,n,
Sparkling — Australian,house-of-arras-ej-carr-late-disgorged,House Of Arras Ej Carr Late Disgorged,,,n,
Sparkling — Australian,house-of-arras-grand-vintage,House Of Arras Grand Vintage,,,n,
Sparkling — Australian,stefano-lubiana-brut-reserve,Stefano Lubiana Brut Reserve,,,n,
Prosecco & Cartizze,adami-bosco-di-gica,Adami Bosco Di Gica,,,n,
Prosecco & Cartizze,bisol-cartizze-superiore-di-cartizze,Bisol Cartizze Superiore Di Cartizze,,,n,
Prosecco & Cartizze,bortolomiol-prior-superiore,Bortolomiol Prior Superiore,,,n,
Prosecco & Cartizze,col-vetoraz-cartizze,Col Vetoraz Cartizze,,,n,
Prosecco & Cartizze,dal-zotto-pucino-prosecco,Dal Zotto Pucino Prosecco,,,n,
Prosecco & Cartizze,nino-franco-primo-franco,Nino Franco Primo Franco,,,n,
Prosecco & Cartizze,nino-franco-rustico,Nino Franco Rustico,,,n,
Prosecco & Cartizze,ruggeri-giustino-b,Ruggeri Giustino B,,,n,
Prosecco & Cartizze,sorelle-bronca-particella-68,Sorelle Bronca Particella 68,,,n,
Prosecco & Cartizze,villa-sandi-cartizze,Villa Sandi Cartizze,,,n,
White — Chardonnay,bindi-quartz-chardonnay,Bindi Quartz Chardonnay,,,n,
White — Chardonnay,cullen-kevin-john-chardonnay,Cullen Kevin John Chardonnay,,,n,
White — Chardonnay,giaconda-estate-vineyard-chardonnay,Giaconda Estate Vineyard Chardonnay,,,n,
White — Chardonnay,leeuwin-estate-art-series-chardonnay,Leeuwin Estate Art Series Chardonnay,,,n,
White — Chardonnay,oakridge-864-chardonnay,Oakridge 864 Chardonnay,,,n,
White — Chardonnay,penfolds-yattarna-bin-144-chardonnay,Penfolds Yattarna Bin 144 Chardonnay,,,n,
White — Chardonnay,pierro-chardonnay,Pierro Chardonnay,,,n,
White — Chardonnay,shaw-smith-m3-chardonnay,Shaw Smith M3 Chardonnay,,,n,
White — Chardonnay,tolpuddle-vineyard-chardonnay,Tolpuddle Vineyard Chardonnay,,,n,
White — Chardonnay,vasse-felix-heytesbury-chardonnay,Vasse Felix Heytesbury Chardonnay,,,n,
White — Riesling,crawford-river-riesling,Crawford River Riesling,,,n,
White — Riesling,dr-loosen-wehlener-sonnenuhr-kabinett,Dr Loosen Wehlener Sonnenuhr Kabinett,,,n,
White — Riesling,frankland-estate-isolation-ridge-riesling,Frankland Estate Isolation Ridge Riesling,,,n,
White — Riesling,grosset-polish-hill,Grosset Polish Hill,,,n,
White — Riesling,grosset-springvale,Grosset Springvale,,,n,
White — Riesling,jim-barry-the-florita,Jim Barry The Florita,,,n,
White — Riesling,leo-buring-leopold-eden-valley-riesling,Leo Buring Leopold Eden Valley Riesling,,,n,
White — Riesling,mount-horrocks-watervale-riesling,Mount Horrocks Watervale Riesling,,,n,
White — Riesling,pewsey-vale-the-contours,Pewsey Vale The Contours,,,n,
White — Riesling,trimbach-cuvee-frederic-emile,Trimbach Cuvee Frederic Emile,,,n,
White — Sauvignon Blanc,astrolabe-awatere-valley-sauvignon-blanc,Astrolabe Awatere Valley Sauvignon Blanc,,,n,
White — Sauvignon Blanc,cloudy-bay-sauvignon-blanc,Cloudy Bay Sauvignon Blanc,,,n,
White — Sauvignon Blanc,cloudy-bay-te-koko,Cloudy Bay Te Koko,,,n,
White — Sauvignon Blanc,craggy-range-te-muna-road-sauvignon-blanc,Craggy Range Te Muna Road Sauvignon Blanc,,,n,
White — Sauvignon Blanc,didier-dagueneau-silex,Didier Dagueneau Silex,,,n,
White — Sauvignon Blanc,dog-point-section-94,Dog Point Section 94,,,n,
White — Sauvignon Blanc,domaine-vacheron-sancerre,Domaine Vacheron Sancerre,,,n,
White — Sauvignon Blanc,greywacke-wild-sauvignon,Greywacke Wild Sauvignon,,,n,
White — Sauvignon Blanc,henri-bourgeois-sancerre,Henri Bourgeois Sancerre,,,n,
White — Sauvignon Blanc,shaw-smith-sauvignon-blanc,Shaw Smith Sauvignon Blanc,,,n,
White — Pinot Gris/Grigio,alois-lageder-porer-pinot-grigio,Alois Lageder Porer Pinot Grigio,,,n,
White — Pinot Gris/Grigio,ata-rangi-lismore-pinot-gris,Ata Rangi Lismore Pinot Gris,,,n,
White — Pinot Gris/Grigio,chrismont-la-zona-pinot-grigio,Chrismont La Zona Pinot Grigio,,,n,
White — Pinot Gris/Grigio,jermann-pinot-grigio,Jermann Pinot Grigio,,,n,
White — Pinot Gris/Grigio,kooyong-beurrot-pinot-gris,Kooyong Beurrot Pinot Gris,,,n,
White — Pinot Gris/Grigio,livio-felluga-pinot-grigio,Livio Felluga Pinot Grigio,,,n,
White — Pinot Gris/Grigio,mac-forbes-pinot-gris,Mac Forbes Pinot Gris,,,n,
White — Pinot Gris/Grigio,quealy-turbul-pinot-grigio,Quealy Turbul Pinot Grigio,,,n,
White — Pinot Gris/Grigio,trimbach-reserve-pinot-gris,Trimbach Reserve Pinot Gris,,,n,
White — Pinot Gris/Grigio,zind-humbrecht-clos-windsbuhl-pinot-gris,Zind Humbrecht Clos Windsbuhl Pinot Gris,,,n,
Rosé,chateau-d-esclans-garrus,Chateau D Esclans Garrus,,,n,
Rosé,chateau-d-esclans-whispering-angel,Chateau D Esclans Whispering Angel,,,n,
Rosé,chateau-miraval-rose,Chateau Miraval Rose,,,n,
Rosé,charles-melton-rose-of-virginia,Charles Melton Rose Of Virginia,,,n,
Rosé,domaine-tempier-bandol-rose,Domaine Tempier Bandol Rose,,,n,
Rosé,domaines-ott-chateau-romassan,Domaines Ott Chateau Romassan,,,n,
Rosé,dominique-portet-fontaine-rose,Dominique Portet Fontaine Rose,,,n,
Rosé,minuty-rose-et-or,Minuty Rose Et Or,,,n,
Rosé,turkey-flat-rose,Turkey Flat Rose,,,n,
Rosé,yangarra-estate-rose,Yangarra Estate Rose,,,n,
Red — Pinot Noir,ashton-hills-reserve-pinot-noir,Ashton Hills Reserve Pinot Noir,,,n,
Red — Pinot Noir,bass-phillip-reserve-pinot-noir,Bass Phillip Reserve Pinot Noir,,,n,
Red — Pinot Noir,bindi-block-5-pinot-noir,Bindi Block 5 Pinot Noir,,,n,
Red — Pinot Noir,by-farr-sangreal,By Farr Sangreal,,,n,
Red — Pinot Noir,curly-flat-pinot-noir,Curly Flat Pinot Noir,,,n,
Red — Pinot Noir,giant-steps-applejack-vineyard-pinot-noir,Giant Steps Applejack Vineyard Pinot Noir,,,n,
Red — Pinot Noir,mount-mary-pinot-noir,Mount Mary Pinot Noir,,,n,
Red — Pinot Noir,paringa-estate-the-paringa-pinot-noir,Paringa Estate The Paringa Pinot Noir,,,n,
Red — Pinot Noir,tolpuddle-vineyard-pinot-noir,Tolpuddle Vineyard Pinot Noir,,,n,
Red — Pinot Noir,yabby-lake-single-block-pinot-noir,Yabby Lake Single Block Pinot Noir,,,n,
Red — Shiraz,penfolds-grange,Penfolds Grange,,,n,
Red — Shiraz,penfolds-st-henri-shiraz,Penfolds St Henri Shiraz,,,n,
Red — Shiraz,torbreck-les-amis,Torbreck Les Amis,,,n,
Red — Shiraz,wynns-coonawarra-estate-michael-shiraz,Wynns Coonawarra Estate Michael Shiraz,,,n,
Red — Cabernet & Bordeaux blends,chateau-cantemerle-haut-medoc,Chateau Cantemerle Haut Medoc,,,n,
Red — Cabernet & Bordeaux blends,katnook-estate-merlot,Katnook Estate Merlot,,,n,
Red — Cabernet & Bordeaux blends,coriole-merlot,Coriole Merlot,,,n,
Red — Cabernet & Bordeaux blends,moss-wood-cabernet-sauvignon,Moss Wood Cabernet Sauvignon,,,n,
Red — Cabernet & Bordeaux blends,parker-coonawarra-estate-first-growth,Parker Coonawarra Estate First Growth,,,n,
Red — Cabernet & Bordeaux blends,penfolds-bin-407-cabernet-sauvignon,Penfolds Bin 407 Cabernet Sauvignon,,,n,
Red — Cabernet & Bordeaux blends,penfolds-bin-707-cabernet-sauvignon,Penfolds Bin 707 Cabernet Sauvignon,,,n,
Red — Cabernet & Bordeaux blends,vasse-felix-tom-cullity,Vasse Felix Tom Cullity,,,n,
Red — Cabernet & Bordeaux blends,wynns-coonawarra-estate-john-riddoch-cabernet-sauvignon,Wynns Coonawarra Estate John Riddoch Cabernet Sauvignon,,,n,
Red — Cabernet & Bordeaux blends,yalumba-the-scribbler,Yalumba The Scribbler,,,n,
Red — Grenache & Rhône,bekkers-grenache,Bekkers Grenache,,,n,
Red — Grenache & Rhône,chateau-de-beaucastel-chateauneuf-du-pape,Chateau De Beaucastel Chateauneuf Du Pape,,,n,
Red — Grenache & Rhône,cirillo-1850-ancestor-vine-grenache,Cirillo 1850 Ancestor Vine Grenache,,,n,
Red — Grenache & Rhône,d-arenberg-the-derelict-vineyard-grenache,D Arenberg The Derelict Vineyard Grenache,,,n,
Red — Grenache & Rhône,ochota-barrels-fugazi-vineyard-grenache,Ochota Barrels Fugazi Vineyard Grenache,,,n,
Red — Grenache & Rhône,s-c-pannell-smart-vineyard-grenache,S C Pannell Smart Vineyard Grenache,,,n,
Red — Grenache & Rhône,turkey-flat-grenache,Turkey Flat Grenache,,,n,
Red — Grenache & Rhône,vieux-telegraphe-la-crau,Vieux Telegraphe La Crau,,,n,
Red — Grenache & Rhône,yangarra-estate-high-sands-grenache,Yangarra Estate High Sands Grenache,,,n,
Fortified,all-saints-estate-museum-muscat,All Saints Estate Museum Muscat,,,n,
Fortified,campbells-merchant-prince-rare-muscat,Campbells Merchant Prince Rare Muscat,,,n,
Fortified,chambers-rosewood-rare-muscat,Chambers Rosewood Rare Muscat,,,n,
Fortified,seppeltsfield-100-year-old-para-vintage-tawny,Seppeltsfield 100 Year Old Para Vintage Tawny,,,n,
Fortified,seppeltsfield-para-21-year-old-tawny,Seppeltsfield Para 21 Year Old Tawny,,,n,
Fortified,stanton-and-killeen-rare-muscat,Stanton And Killeen Rare Muscat,,,n,
