Tier,Needs,Category,Product,Current price,Known cost,In stock? (y/n),Cost ex GST per bottle (FILL),Photo source (shoot/supplier/na),Filename 01 (front),Filename 02 (back),SKU,Shopify handle
"A - LIVE, margin unknown",COST,Red,Henschke Hill of Grace,949.99,,,,,henschke-hill-of-grace-01.jpg,henschke-hill-of-grace-02.jpg,SH-FINE-HENSCHKE-HILL-OF-GRACE-750,henschke-hill-of-grace
"A - LIVE, margin unknown",COST,Champagne,Louis Roederer Cristal,529.99,,,,,louis-roederer-cristal-01.jpg,louis-roederer-cristal-02.jpg,SH-FINE-LOUIS-ROEDERER-CRISTAL-750,louis-roederer-cristal
"A - LIVE, margin unknown",COST,Champagne,Taittinger Comtes de Champagne Blanc de Blancs,450.00,,,,,taittinger-comtes-de-champagne-blanc-de-blancs-01.jpg,taittinger-comtes-de-champagne-blanc-de-blancs-02.jpg,SH-FINE-TAITTINGER-COMTES-DE-CHAMPAGNE-BLANC-DE-BLANCS-750,taittinger-comtes-de-champagne-blanc-de-blancs
"A - LIVE, margin unknown",COST,Red,Jim Barry The Armagh,419.29,,,,,jim-barry-the-armagh-01.jpg,jim-barry-the-armagh-02.jpg,SH-FINE-JIM-BARRY-THE-ARMAGH-750,jim-barry-the-armagh
"A - LIVE, margin unknown",COST,Red,Torbreck RunRig,330.00,,,,,torbreck-runrig-01.jpg,torbreck-runrig-02.jpg,SH-FINE-TORBRECK-RUNRIG-750,torbreck-runrig
"A - LIVE, margin unknown",COST,Red,Best's Thomson Family Shiraz,249.99,,,,,best-s-thomson-family-shiraz-01.jpg,best-s-thomson-family-shiraz-02.jpg,SH-FINE-BEST-S-THOMSON-FAMILY-SHIRAZ-750,best-s-thomson-family-shiraz
"A - LIVE, margin unknown",COST,Red,Cullen Diana Madeline,159.99,,,,,cullen-diana-madeline-01.jpg,cullen-diana-madeline-02.jpg,SH-FINE-CULLEN-DIANA-MADELINE-750,cullen-diana-madeline
"A - LIVE, margin unknown",COST,Red,Yalumba The Octavius,159.99,,,,,yalumba-the-octavius-01.jpg,yalumba-the-octavius-02.jpg,SH-FINE-YALUMBA-THE-OCTAVIUS-750,yalumba-the-octavius
"A - LIVE, margin unknown",COST,Red,Clonakilla Shiraz Viognier,139.99,,,,,clonakilla-shiraz-viognier-01.jpg,clonakilla-shiraz-viognier-02.jpg,SH-FINE-CLONAKILLA-SHIRAZ-VIOGNIER-750,clonakilla-shiraz-viognier
"A - LIVE, margin unknown",COST,Red,Howard Park Abercrombie Cabernet Sauvignon,129.99,,,,,howard-park-abercrombie-cabernet-sauvignon-01.jpg,howard-park-abercrombie-cabernet-sauvignon-02.jpg,SH-FINE-HOWARD-PARK-ABERCROMBIE-CABERNET-SAUVIGNON-750,howard-park-abercrombie-cabernet-sauvignon
"A - LIVE, margin unknown",COST,Other,Nikka Miyagikyo Single Malt Whisky,129.99,,,,,nikka-miyagikyo-single-malt-whisky-01.jpg,nikka-miyagikyo-single-malt-whisky-02.jpg,SH-WHY-NIKKA-MIYAGIKYO-SINGLE-MALT-700,nikka-miyagikyo-single-malt
"A - LIVE, margin unknown",COST,Red,Irvine Grand Merlot,119.99,,,,,irvine-grand-merlot-01.jpg,irvine-grand-merlot-02.jpg,SH-FINE-IRVINE-GRAND-MERLOT-750,irvine-grand-merlot
"A - LIVE, margin unknown",COST,Other,Karu Outcask Wild Rum,117.00,,,,,karu-outcask-wild-rum-01.jpg,karu-outcask-wild-rum-02.jpg,SH-RUM-KARU-OUTCASK-WILD-RUM-700,karu-outcask-wild-rum
"A - LIVE, margin unknown",COST,Other,Amrut Fusion Single Malt Whisky,109.99,,,,,amrut-fusion-single-malt-whisky-01.jpg,amrut-fusion-single-malt-whisky-02.jpg,SH-WHY-AMRUT-FUSION-700,amrut-fusion
"A - LIVE, margin unknown",COST,Other,Indri Trini Single Malt Whisky,109.99,,,,,indri-trini-single-malt-whisky-01.jpg,indri-trini-single-malt-whisky-02.jpg,SH-WHY-INDRI-TRINI-700,indri-trini
"A - LIVE, margin unknown",COST,Other,Rampur Double Cask Indian Single Malt Whisky,109.99,,,,,rampur-double-cask-indian-single-malt-whisky-01.jpg,rampur-double-cask-indian-single-malt-whisky-02.jpg,SH-WHY-RAMPUR-DOUBLE-CASK-700,rampur-double-cask
"A - LIVE, margin unknown",COST,Red,Duckhorn Napa Valley Merlot,99.99,,,,,duckhorn-napa-valley-merlot-01.jpg,duckhorn-napa-valley-merlot-02.jpg,SH-FINE-DUCKHORN-NAPA-VALLEY-MERLOT-750,duckhorn-napa-valley-merlot
"A - LIVE, margin unknown",COST,Other,Archie Rose Distiller's Strength Gin,99.00,,,,,archie-rose-distiller-s-strength-gin-01.jpg,archie-rose-distiller-s-strength-gin-02.jpg,SH-GIN-ARCHIE-ROSE-DISTILLERS-STRENGTH-GIN-700,archie-rose-distillers-strength-gin
"A - LIVE, margin unknown",COST,Red,Tapanappa Whalebone Vineyard Merlot Cabernet Franc,95.00,,,,,tapanappa-whalebone-vineyard-merlot-cabernet-franc-01.jpg,tapanappa-whalebone-vineyard-merlot-cabernet-franc-02.jpg,SH-FINE-TAPANAPPA-WHALEBONE-VINEYARD-MERLOT-CABERNET-FRANC-750,tapanappa-whalebone-vineyard-merlot-cabernet-franc
"A - LIVE, margin unknown",COST,Other,Hendrick's Neptunia Gin,90.00,,,,,hendrick-s-neptunia-gin-01.jpg,hendrick-s-neptunia-gin-02.jpg,SH-GIN-HENDRICKS-NEPTUNIA-GIN-700,hendricks-neptunia-gin
"A - LIVE, margin unknown",COST,Other,Karu Rested Morita,89.99,,,,,karu-rested-morita-01.jpg,karu-rested-morita-02.jpg,SH-TEQ-KARU-RESTED-MORITA-700,karu-rested-morita
"A - LIVE, margin unknown",COST,Other,Edinburgh Gin Classic,85.00,,,,,edinburgh-gin-classic-01.jpg,edinburgh-gin-classic-02.jpg,SH-GIN-EDINBURGH-GIN-700,edinburgh-gin
"A - LIVE, margin unknown",COST,Red,Petaluma Coonawarra,84.99,,,,,petaluma-coonawarra-01.jpg,petaluma-coonawarra-02.jpg,SH-FINE-PETALUMA-COONAWARRA-750,petaluma-coonawarra
"A - LIVE, margin unknown",COST,Other,Never Never Southern Strength Gin,79.99,,,,,never-never-southern-strength-gin-01.jpg,never-never-southern-strength-gin-02.jpg,SH-GIN-NEVER-NEVER-SOUTHERN-STRENGTH-GIN-500,never-never-southern-strength-gin
"A - LIVE, margin unknown",COST,Other,Never Never Triple Juniper Gin,79.99,,,,,never-never-triple-juniper-gin-01.jpg,never-never-triple-juniper-gin-02.jpg,SH-GIN-NEVER-NEVER-TRIPLE-JUNIPER-GIN-500,never-never-triple-juniper-gin
"A - LIVE, margin unknown",COST,Other,Karu Morita Chipotle Vodka,79.00,,,,,karu-morita-chipotle-vodka-01.jpg,karu-morita-chipotle-vodka-02.jpg,SH-VOD-KARU-MORITA-CHIPOTLE-VODKA-700,karu-morita-chipotle-vodka
"A - LIVE, margin unknown",COST,Other,Applewood Gin,75.00,,,,,applewood-gin-01.jpg,applewood-gin-02.jpg,SH-GIN-APPLEWOOD-GIN-700,applewood-gin
"A - LIVE, margin unknown",COST,Red,d'Arenberg The Dead Arm Shiraz,74.99,,,,,d-arenberg-the-dead-arm-shiraz-01.jpg,d-arenberg-the-dead-arm-shiraz-02.jpg,SH-FINE-D-ARENBERG-THE-DEAD-ARM-SHIRAZ-750,d-arenberg-the-dead-arm-shiraz
"A - LIVE, margin unknown",COST,Other,Karu Outcask Old Fashioned,69.00,,,,,karu-outcask-old-fashioned-01.jpg,karu-outcask-old-fashioned-02.jpg,SH-RTD-KARU-OUTCASK-OLD-FASHIONED-500,karu-outcask-old-fashioned
"A - LIVE, margin unknown",COST,Other,Karu Pourtrait Gin,68.00,,,,,karu-pourtrait-gin-01.jpg,karu-pourtrait-gin-02.jpg,SH-GIN-KARU-POURTRAIT-GIN-700,karu-pourtrait-gin
"A - LIVE, margin unknown",COST,Other,Karu Orsa Coffee Gin Liqueur,61.00,,,,,karu-orsa-coffee-gin-liqueur-01.jpg,karu-orsa-coffee-gin-liqueur-02.jpg,SH-GIN-KARU-ORSA-COFFEE-GIN-LIQUEUR-500,karu-orsa-coffee-gin-liqueur
"A - LIVE, margin unknown",COST,Red,Yalumba The Menzies,56.99,,,,,yalumba-the-menzies-01.jpg,yalumba-the-menzies-02.jpg,SH-FINE-YALUMBA-THE-MENZIES-750,yalumba-the-menzies
"A - LIVE, margin unknown",COST,Other,Karu House Vodka,56.00,,,,,karu-house-vodka-01.jpg,karu-house-vodka-02.jpg,SH-VOD-KARU-HOUSE-VODKA-700,karu-house-vodka
"A - LIVE, margin unknown",COST,Sparkling,Chandon Vintage Brut,49.99,,,,,chandon-vintage-brut-01.jpg,chandon-vintage-brut-02.jpg,SH-FINE-CHANDON-VINTAGE-BRUT-750,chandon-vintage-brut
"A - LIVE, margin unknown",COST,Sparkling,Jansz Tasmania Vintage Cuvée,48.99,,,,,jansz-tasmania-vintage-cuvee-01.jpg,jansz-tasmania-vintage-cuvee-02.jpg,SH-FINE-JANSZ-TASMANIA-VINTAGE-CUVEE-750,jansz-tasmania-vintage-cuvee
"A - LIVE, margin unknown",COST,Red,Woodlands Cabernet Merlot,41.99,,,,,woodlands-cabernet-merlot-01.jpg,woodlands-cabernet-merlot-02.jpg,SH-FINE-WOODLANDS-CABERNET-MERLOT-750,woodlands-cabernet-merlot
"A - LIVE, margin unknown",COST,Fortified,Yalumba Antique Tawny 375ml,26.99,,,,,yalumba-antique-tawny-375ml-01.jpg,yalumba-antique-tawny-375ml-02.jpg,SH-FINE-YALUMBA-ANTIQUE-TAWNY-375,yalumba-antique-tawny
"A - LIVE, margin unknown",COST,Red,Penfolds Koonunga Hill Shiraz Cabernet,19.99,,,,,penfolds-koonunga-hill-shiraz-cabernet-01.jpg,penfolds-koonunga-hill-shiraz-cabernet-02.jpg,,penfolds-koonunga-hill-shiraz-cabernet
"A - LIVE, margin unknown",COST,Other,Karu Morita & Grapefruit Soda,7.00,,,,,karu-morita-grapefruit-soda-01.jpg,karu-morita-grapefruit-soda-02.jpg,SH-VOD-KARU-MORITA-GRAPEFRUIT-SODA-250,karu-morita-grapefruit-soda
"B - draft, not ranged yet",COST + PHOTO,Red,Wendouree Cabernet Sauvignon,250.99,,,,,wendouree-cabernet-sauvignon-01.jpg,wendouree-cabernet-sauvignon-02.jpg,SH-FINE-WENDOUREE-CABERNET-SAUVIGNON-750,wendouree-cabernet-sauvignon
"B - draft, not ranged yet",COST + PHOTO,Sparkling,Adami Bosco di Gica,,,,,,adami-bosco-di-gica-01.jpg,adami-bosco-di-gica-02.jpg,SH-FINE-ADAMI-BOSCO-DI-GICA-750,adami-bosco-di-gica
"B - draft, not ranged yet",COST + PHOTO,Fortified,All Saints Estate Museum Muscat,,,,,,all-saints-estate-museum-muscat-01.jpg,all-saints-estate-museum-muscat-02.jpg,SH-FINE-ALL-SAINTS-ESTATE-MUSEUM-MUSCAT-750,all-saints-estate-museum-muscat
"B - draft, not ranged yet",COST + PHOTO,White,Alois Lageder Porer Pinot Grigio,,,,,,alois-lageder-porer-pinot-grigio-01.jpg,alois-lageder-porer-pinot-grigio-02.jpg,SH-FINE-ALOIS-LAGEDER-PORER-PINOT-GRIGIO-750,alois-lageder-porer-pinot-grigio
"B - draft, not ranged yet",COST + PHOTO,Red,Ashton Hills Reserve Pinot Noir,,,,,,ashton-hills-reserve-pinot-noir-01.jpg,ashton-hills-reserve-pinot-noir-02.jpg,SH-FINE-ASHTON-HILLS-RESERVE-PINOT-NOIR-750,ashton-hills-reserve-pinot-noir
"B - draft, not ranged yet",COST + PHOTO,White,Astrolabe Awatere Valley Sauvignon Blanc,,,,,,astrolabe-awatere-valley-sauvignon-blanc-01.jpg,astrolabe-awatere-valley-sauvignon-blanc-02.jpg,SH-FINE-ASTROLABE-AWATERE-VALLEY-SAUVIGNON-BLANC-750,astrolabe-awatere-valley-sauvignon-blanc
"B - draft, not ranged yet",COST + PHOTO,White,Ata Rangi Lismore Pinot Gris,,,,,,ata-rangi-lismore-pinot-gris-01.jpg,ata-rangi-lismore-pinot-gris-02.jpg,SH-FINE-ATA-RANGI-LISMORE-PINOT-GRIS-750,ata-rangi-lismore-pinot-gris
"B - draft, not ranged yet",COST + PHOTO,Red,Bass Phillip Reserve Pinot Noir,,,,,,bass-phillip-reserve-pinot-noir-01.jpg,bass-phillip-reserve-pinot-noir-02.jpg,SH-FINE-BASS-PHILLIP-RESERVE-PINOT-NOIR-750,bass-phillip-reserve-pinot-noir
"B - draft, not ranged yet",COST + PHOTO,Red,Bekkers Grenache,,,,,,bekkers-grenache-01.jpg,bekkers-grenache-02.jpg,SH-FINE-BEKKERS-GRENACHE-750,bekkers-grenache
"B - draft, not ranged yet",COST + PHOTO,Sparkling,Bellebonne Vintage Rosé,,,,,,bellebonne-vintage-rose-01.jpg,bellebonne-vintage-rose-02.jpg,SH-FINE-BELLEBONNE-VINTAGE-ROSE-750,bellebonne-vintage-rose
"B - draft, not ranged yet",COST + PHOTO,Red,Bindi Block 5 Pinot Noir,,,,,,bindi-block-5-pinot-noir-01.jpg,bindi-block-5-pinot-noir-02.jpg,SH-FINE-BINDI-BLOCK-5-PINOT-NOIR-750,bindi-block-5-pinot-noir
"B - draft, not ranged yet",COST + PHOTO,White,Bindi Quartz Chardonnay,,,,,,bindi-quartz-chardonnay-01.jpg,bindi-quartz-chardonnay-02.jpg,SH-FINE-BINDI-QUARTZ-CHARDONNAY-750,bindi-quartz-chardonnay
"B - draft, not ranged yet",COST + PHOTO,Sparkling,Bisol Cartizze Superiore di Cartizze,,,,,,bisol-cartizze-superiore-di-cartizze-01.jpg,bisol-cartizze-superiore-di-cartizze-02.jpg,SH-FINE-BISOL-CARTIZZE-SUPERIORE-DI-CARTIZZE-750,bisol-cartizze-superiore-di-cartizze
"B - draft, not ranged yet",COST + PHOTO,Sparkling,Bortolomiol Prior Superiore,,,,,,bortolomiol-prior-superiore-01.jpg,bortolomiol-prior-superiore-02.jpg,SH-FINE-BORTOLOMIOL-PRIOR-SUPERIORE-750,bortolomiol-prior-superiore
"B - draft, not ranged yet",COST + PHOTO,Red,By Farr Sangreal,,,,,,by-farr-sangreal-01.jpg,by-farr-sangreal-02.jpg,SH-FINE-BY-FARR-SANGREAL-750,by-farr-sangreal
"B - draft, not ranged yet",COST + PHOTO,Fortified,Campbells Merchant Prince Rare Muscat,,,,,,campbells-merchant-prince-rare-muscat-01.jpg,campbells-merchant-prince-rare-muscat-02.jpg,SH-FINE-CAMPBELLS-MERCHANT-PRINCE-RARE-MUSCAT-750,campbells-merchant-prince-rare-muscat
"B - draft, not ranged yet",COST + PHOTO,Fortified,Chambers Rosewood Rare Muscat,,,,,,chambers-rosewood-rare-muscat-01.jpg,chambers-rosewood-rare-muscat-02.jpg,SH-FINE-CHAMBERS-ROSEWOOD-RARE-MUSCAT-750,chambers-rosewood-rare-muscat
"B - draft, not ranged yet",COST + PHOTO,Rose,Charles Melton Rose of Virginia,,,,,,charles-melton-rose-of-virginia-01.jpg,charles-melton-rose-of-virginia-02.jpg,SH-FINE-CHARLES-MELTON-ROSE-OF-VIRGINIA-750,charles-melton-rose-of-virginia
"B - draft, not ranged yet",COST + PHOTO,Red,Château Cantemerle Haut-Médoc,,,,,,chateau-cantemerle-haut-medoc-01.jpg,chateau-cantemerle-haut-medoc-02.jpg,SH-FINE-CHATEAU-CANTEMERLE-HAUT-MEDOC-750,chateau-cantemerle-haut-medoc
"B - draft, not ranged yet",COST + PHOTO,Rose,Château Miraval Rosé,,,,,,chateau-miraval-rose-01.jpg,chateau-miraval-rose-02.jpg,SH-FINE-CHATEAU-MIRAVAL-ROSE-750,chateau-miraval-rose
"B - draft, not ranged yet",COST + PHOTO,Rose,Château d'Esclans Whispering Angel,,,,,,chateau-d-esclans-whispering-angel-01.jpg,chateau-d-esclans-whispering-angel-02.jpg,SH-FINE-CHATEAU-D-ESCLANS-WHISPERING-ANGEL-750,chateau-d-esclans-whispering-angel
"B - draft, not ranged yet",COST + PHOTO,Red,Château de Beaucastel Châteauneuf-du-Pape,,,,,,chateau-de-beaucastel-chateauneuf-du-pape-01.jpg,chateau-de-beaucastel-chateauneuf-du-pape-02.jpg,SH-FINE-CHATEAU-DE-BEAUCASTEL-CHATEAUNEUF-DU-PAPE-750,chateau-de-beaucastel-chateauneuf-du-pape
"B - draft, not ranged yet",COST + PHOTO,Red,Cirillo 1850 Ancestor Vine Grenache,,,,,,cirillo-1850-ancestor-vine-grenache-01.jpg,cirillo-1850-ancestor-vine-grenache-02.jpg,SH-FINE-CIRILLO-1850-ANCESTOR-VINE-GRENACHE-750,cirillo-1850-ancestor-vine-grenache
"B - draft, not ranged yet",COST + PHOTO,Sparkling,Clover Hill Cuvée Exceptionnelle,,,,,,clover-hill-cuvee-exceptionnelle-01.jpg,clover-hill-cuvee-exceptionnelle-02.jpg,SH-FINE-CLOVER-HILL-CUVEE-EXCEPTIONNELLE-750,clover-hill-cuvee-exceptionnelle
"B - draft, not ranged yet",COST + PHOTO,Sparkling,Col Vetoraz Cartizze,,,,,,col-vetoraz-cartizze-01.jpg,col-vetoraz-cartizze-02.jpg,SH-FINE-COL-VETORAZ-CARTIZZE-750,col-vetoraz-cartizze
"B - draft, not ranged yet",COST + PHOTO,Red,Coriole Merlot,,,,,,coriole-merlot-01.jpg,coriole-merlot-02.jpg,SH-FINE-CORIOLE-MERLOT-750,coriole-merlot
"B - draft, not ranged yet",COST + PHOTO,White,Craggy Range Te Muna Road Sauvignon Blanc,,,,,,craggy-range-te-muna-road-sauvignon-blanc-01.jpg,craggy-range-te-muna-road-sauvignon-blanc-02.jpg,SH-FINE-CRAGGY-RANGE-TE-MUNA-ROAD-SAUVIGNON-BLANC-750,craggy-range-te-muna-road-sauvignon-blanc
"B - draft, not ranged yet",COST + PHOTO,White,Crawford River Riesling,,,,,,crawford-river-riesling-01.jpg,crawford-river-riesling-02.jpg,SH-FINE-CRAWFORD-RIVER-RIESLING-750,crawford-river-riesling
"B - draft, not ranged yet",COST + PHOTO,Sparkling,Croser Late Disgorged,,,,,,croser-late-disgorged-01.jpg,croser-late-disgorged-02.jpg,SH-FINE-CROSER-LATE-DISGORGED-750,croser-late-disgorged
"B - draft, not ranged yet",COST + PHOTO,White,Cullen Kevin John Chardonnay,,,,,,cullen-kevin-john-chardonnay-01.jpg,cullen-kevin-john-chardonnay-02.jpg,SH-FINE-CULLEN-KEVIN-JOHN-CHARDONNAY-750,cullen-kevin-john-chardonnay
"B - draft, not ranged yet",COST + PHOTO,Red,Curly Flat Pinot Noir,,,,,,curly-flat-pinot-noir-01.jpg,curly-flat-pinot-noir-02.jpg,SH-FINE-CURLY-FLAT-PINOT-NOIR-750,curly-flat-pinot-noir
"B - draft, not ranged yet",COST + PHOTO,Sparkling,Deviation Road Beltana Blanc de Blancs,,,,,,deviation-road-beltana-blanc-de-blancs-01.jpg,deviation-road-beltana-blanc-de-blancs-02.jpg,SH-FINE-DEVIATION-ROAD-BELTANA-BLANC-DE-BLANCS-750,deviation-road-beltana-blanc-de-blancs
"B - draft, not ranged yet",COST + PHOTO,White,Didier Dagueneau Silex,,,,,,didier-dagueneau-silex-01.jpg,didier-dagueneau-silex-02.jpg,SH-FINE-DIDIER-DAGUENEAU-SILEX-750,didier-dagueneau-silex
"B - draft, not ranged yet",COST + PHOTO,White,Dog Point Section 94,,,,,,dog-point-section-94-01.jpg,dog-point-section-94-02.jpg,SH-FINE-DOG-POINT-SECTION-94-750,dog-point-section-94
"B - draft, not ranged yet",COST + PHOTO,Rose,Domaine Tempier Bandol Rosé,,,,,,domaine-tempier-bandol-rose-01.jpg,domaine-tempier-bandol-rose-02.jpg,SH-FINE-DOMAINE-TEMPIER-BANDOL-ROSE-750,domaine-tempier-bandol-rose
"B - draft, not ranged yet",COST + PHOTO,White,Domaine Vacheron Sancerre,,,,,,domaine-vacheron-sancerre-01.jpg,domaine-vacheron-sancerre-02.jpg,SH-FINE-DOMAINE-VACHERON-SANCERRE-750,domaine-vacheron-sancerre
"B - draft, not ranged yet",COST + PHOTO,Rose,Domaines Ott Château Romassan,,,,,,domaines-ott-chateau-romassan-01.jpg,domaines-ott-chateau-romassan-02.jpg,SH-FINE-DOMAINES-OTT-CHATEAU-ROMASSAN-750,domaines-ott-chateau-romassan
"B - draft, not ranged yet",COST + PHOTO,Rose,Dominique Portet Fontaine Rosé,,,,,,dominique-portet-fontaine-rose-01.jpg,dominique-portet-fontaine-rose-02.jpg,SH-FINE-DOMINIQUE-PORTET-FONTAINE-ROSE-750,dominique-portet-fontaine-rose
"B - draft, not ranged yet",COST + PHOTO,White,Dr Loosen Wehlener Sonnenuhr Kabinett,,,,,,dr-loosen-wehlener-sonnenuhr-kabinett-01.jpg,dr-loosen-wehlener-sonnenuhr-kabinett-02.jpg,SH-FINE-DR-LOOSEN-WEHLENER-SONNENUHR-KABINETT-750,dr-loosen-wehlener-sonnenuhr-kabinett
"B - draft, not ranged yet",COST + PHOTO,Champagne,Egly-Ouriet Brut Tradition Grand Cru,,,,,,egly-ouriet-brut-tradition-grand-cru-01.jpg,egly-ouriet-brut-tradition-grand-cru-02.jpg,SH-FINE-EGLY-OURIET-BRUT-TRADITION-GRAND-CRU-750,egly-ouriet-brut-tradition-grand-cru
"B - draft, not ranged yet",COST + PHOTO,White,Frankland Estate Isolation Ridge Riesling,,,,,,frankland-estate-isolation-ridge-riesling-01.jpg,frankland-estate-isolation-ridge-riesling-02.jpg,SH-FINE-FRANKLAND-ESTATE-ISOLATION-RIDGE-RIESLING-750,frankland-estate-isolation-ridge-riesling
"B - draft, not ranged yet",COST + PHOTO,White,Giaconda Estate Vineyard Chardonnay,,,,,,giaconda-estate-vineyard-chardonnay-01.jpg,giaconda-estate-vineyard-chardonnay-02.jpg,SH-FINE-GIACONDA-ESTATE-VINEYARD-CHARDONNAY-750,giaconda-estate-vineyard-chardonnay
"B - draft, not ranged yet",COST + PHOTO,Red,Giant Steps Applejack Vineyard Pinot Noir,,,,,,giant-steps-applejack-vineyard-pinot-noir-01.jpg,giant-steps-applejack-vineyard-pinot-noir-02.jpg,SH-FINE-GIANT-STEPS-APPLEJACK-VINEYARD-PINOT-NOIR-750,giant-steps-applejack-vineyard-pinot-noir
"B - draft, not ranged yet",COST + PHOTO,White,Grosset Polish Hill,,,,,,grosset-polish-hill-01.jpg,grosset-polish-hill-02.jpg,SH-FINE-GROSSET-POLISH-HILL-750,grosset-polish-hill
"B - draft, not ranged yet",COST + PHOTO,White,Grosset Springvale,,,,,,grosset-springvale-01.jpg,grosset-springvale-02.jpg,SH-FINE-GROSSET-SPRINGVALE-750,grosset-springvale
"B - draft, not ranged yet",COST + PHOTO,White,Henri Bourgeois Sancerre,,,,,,henri-bourgeois-sancerre-01.jpg,henri-bourgeois-sancerre-02.jpg,SH-FINE-HENRI-BOURGEOIS-SANCERRE-750,henri-bourgeois-sancerre
"B - draft, not ranged yet",COST + PHOTO,Sparkling,House of Arras Blanc de Blancs,,,,,,house-of-arras-blanc-de-blancs-01.jpg,house-of-arras-blanc-de-blancs-02.jpg,SH-FINE-HOUSE-OF-ARRAS-BLANC-DE-BLANCS-750,house-of-arras-blanc-de-blancs
"B - draft, not ranged yet",COST + PHOTO,Sparkling,House of Arras Grand Vintage,,,,,,house-of-arras-grand-vintage-01.jpg,house-of-arras-grand-vintage-02.jpg,SH-FINE-HOUSE-OF-ARRAS-GRAND-VINTAGE-750,house-of-arras-grand-vintage
"B - draft, not ranged yet",COST + PHOTO,Champagne,Jacquesson Cuvée No. 74x,,,,,,jacquesson-cuvee-no-74x-01.jpg,jacquesson-cuvee-no-74x-02.jpg,SH-FINE-JACQUESSON-CUVEE-NO-74X-750,jacquesson-cuvee-no-74x
"B - draft, not ranged yet",COST + PHOTO,White,Jermann Pinot Grigio,,,,,,jermann-pinot-grigio-01.jpg,jermann-pinot-grigio-02.jpg,SH-FINE-JERMANN-PINOT-GRIGIO-750,jermann-pinot-grigio
"B - draft, not ranged yet",COST + PHOTO,White,Jim Barry The Florita,,,,,,jim-barry-the-florita-01.jpg,jim-barry-the-florita-02.jpg,SH-FINE-JIM-BARRY-THE-FLORITA-750,jim-barry-the-florita
"B - draft, not ranged yet",COST + PHOTO,White,Kooyong Beurrot Pinot Gris,,,,,,kooyong-beurrot-pinot-gris-01.jpg,kooyong-beurrot-pinot-gris-02.jpg,SH-FINE-KOOYONG-BEURROT-PINOT-GRIS-750,kooyong-beurrot-pinot-gris
"B - draft, not ranged yet",COST + PHOTO,White,Leeuwin Estate Art Series Chardonnay,,,,,,leeuwin-estate-art-series-chardonnay-01.jpg,leeuwin-estate-art-series-chardonnay-02.jpg,SH-FINE-LEEUWIN-ESTATE-ART-SERIES-CHARDONNAY-750,leeuwin-estate-art-series-chardonnay
"B - draft, not ranged yet",COST + PHOTO,White,Leo Buring Leopold Eden Valley Riesling,,,,,,leo-buring-leopold-eden-valley-riesling-01.jpg,leo-buring-leopold-eden-valley-riesling-02.jpg,SH-FINE-LEO-BURING-LEOPOLD-EDEN-VALLEY-RIESLING-750,leo-buring-leopold-eden-valley-riesling
"B - draft, not ranged yet",COST + PHOTO,White,Livio Felluga Pinot Grigio,,,,,,livio-felluga-pinot-grigio-01.jpg,livio-felluga-pinot-grigio-02.jpg,SH-FINE-LIVIO-FELLUGA-PINOT-GRIGIO-750,livio-felluga-pinot-grigio
"B - draft, not ranged yet",COST + PHOTO,White,Mac Forbes Pinot Gris,,,,,,mac-forbes-pinot-gris-01.jpg,mac-forbes-pinot-gris-02.jpg,SH-FINE-MAC-FORBES-PINOT-GRIS-750,mac-forbes-pinot-gris
"B - draft, not ranged yet",COST + PHOTO,Red,Moss Wood Cabernet Sauvignon,,,,,,moss-wood-cabernet-sauvignon-01.jpg,moss-wood-cabernet-sauvignon-02.jpg,SH-FINE-MOSS-WOOD-CABERNET-SAUVIGNON-750,moss-wood-cabernet-sauvignon
"B - draft, not ranged yet",COST + PHOTO,White,Mount Horrocks Watervale Riesling,,,,,,mount-horrocks-watervale-riesling-01.jpg,mount-horrocks-watervale-riesling-02.jpg,SH-FINE-MOUNT-HORROCKS-WATERVALE-RIESLING-750,mount-horrocks-watervale-riesling
"B - draft, not ranged yet",COST + PHOTO,Red,Mount Mary Pinot Noir,,,,,,mount-mary-pinot-noir-01.jpg,mount-mary-pinot-noir-02.jpg,SH-FINE-MOUNT-MARY-PINOT-NOIR-750,mount-mary-pinot-noir
"B - draft, not ranged yet",COST + PHOTO,Sparkling,Nino Franco Primo Franco,,,,,,nino-franco-primo-franco-01.jpg,nino-franco-primo-franco-02.jpg,SH-FINE-NINO-FRANCO-PRIMO-FRANCO-750,nino-franco-primo-franco
"B - draft, not ranged yet",COST + PHOTO,Sparkling,Nino Franco Rustico,,,,,,nino-franco-rustico-01.jpg,nino-franco-rustico-02.jpg,SH-FINE-NINO-FRANCO-RUSTICO-750,nino-franco-rustico
"B - draft, not ranged yet",COST + PHOTO,Red,Ochota Barrels Fugazi Vineyard Grenache,,,,,,ochota-barrels-fugazi-vineyard-grenache-01.jpg,ochota-barrels-fugazi-vineyard-grenache-02.jpg,SH-FINE-OCHOTA-BARRELS-FUGAZI-VINEYARD-GRENACHE-750,ochota-barrels-fugazi-vineyard-grenache
"B - draft, not ranged yet",COST + PHOTO,Red,Paringa Estate The Paringa Pinot Noir,,,,,,paringa-estate-the-paringa-pinot-noir-01.jpg,paringa-estate-the-paringa-pinot-noir-02.jpg,SH-FINE-PARINGA-ESTATE-THE-PARINGA-PINOT-NOIR-750,paringa-estate-the-paringa-pinot-noir
"B - draft, not ranged yet",COST + PHOTO,Red,Parker Coonawarra Estate First Growth,,,,,,parker-coonawarra-estate-first-growth-01.jpg,parker-coonawarra-estate-first-growth-02.jpg,SH-FINE-PARKER-COONAWARRA-ESTATE-FIRST-GROWTH-750,parker-coonawarra-estate-first-growth
"B - draft, not ranged yet",COST + PHOTO,Red,Penfolds Bin 407 Cabernet Sauvignon,,,,,,penfolds-bin-407-cabernet-sauvignon-01.jpg,penfolds-bin-407-cabernet-sauvignon-02.jpg,SH-FINE-PENFOLDS-BIN-407-CABERNET-SAUVIGNON-750,penfolds-bin-407-cabernet-sauvignon
"B - draft, not ranged yet",COST + PHOTO,Red,Penfolds Bin 707 Cabernet Sauvignon,,,,,,penfolds-bin-707-cabernet-sauvignon-01.jpg,penfolds-bin-707-cabernet-sauvignon-02.jpg,SH-FINE-PENFOLDS-BIN-707-CABERNET-SAUVIGNON-750,penfolds-bin-707-cabernet-sauvignon
"B - draft, not ranged yet",COST + PHOTO,White,Penfolds Yattarna Bin 144 Chardonnay,,,,,,penfolds-yattarna-bin-144-chardonnay-01.jpg,penfolds-yattarna-bin-144-chardonnay-02.jpg,SH-FINE-PENFOLDS-YATTARNA-BIN-144-CHARDONNAY-750,penfolds-yattarna-bin-144-chardonnay
"B - draft, not ranged yet",COST + PHOTO,White,Pewsey Vale The Contours,,,,,,pewsey-vale-the-contours-01.jpg,pewsey-vale-the-contours-02.jpg,SH-FINE-PEWSEY-VALE-THE-CONTOURS-750,pewsey-vale-the-contours
"B - draft, not ranged yet",COST + PHOTO,White,Pierro Chardonnay,,,,,,pierro-chardonnay-01.jpg,pierro-chardonnay-02.jpg,SH-FINE-PIERRO-CHARDONNAY-750,pierro-chardonnay
"B - draft, not ranged yet",COST + PHOTO,Champagne,Pol Roger Sir Winston Churchill,,,,,,pol-roger-sir-winston-churchill-01.jpg,pol-roger-sir-winston-churchill-02.jpg,SH-FINE-POL-ROGER-SIR-WINSTON-CHURCHILL-750,pol-roger-sir-winston-churchill
"B - draft, not ranged yet",COST + PHOTO,White,Quealy Turbul Pinot Grigio,,,,,,quealy-turbul-pinot-grigio-01.jpg,quealy-turbul-pinot-grigio-02.jpg,SH-FINE-QUEALY-TURBUL-PINOT-GRIGIO-750,quealy-turbul-pinot-grigio
"B - draft, not ranged yet",COST + PHOTO,Sparkling,Ruggeri Giustino B.,,,,,,ruggeri-giustino-b-01.jpg,ruggeri-giustino-b-02.jpg,SH-FINE-RUGGERI-GIUSTINO-B-750,ruggeri-giustino-b
"B - draft, not ranged yet",COST + PHOTO,Red,S.C. Pannell Smart Vineyard Grenache,,,,,,s-c-pannell-smart-vineyard-grenache-01.jpg,s-c-pannell-smart-vineyard-grenache-02.jpg,SH-FINE-S-C-PANNELL-SMART-VINEYARD-GRENACHE-750,s-c-pannell-smart-vineyard-grenache
"B - draft, not ranged yet",COST + PHOTO,Fortified,Seppeltsfield 100 Year Old Para Vintage Tawny,,,,,,seppeltsfield-100-year-old-para-vintage-tawny-01.jpg,seppeltsfield-100-year-old-para-vintage-tawny-02.jpg,SH-FINE-SEPPELTSFIELD-100-YEAR-OLD-PARA-VINTAGE-TAWNY-750,seppeltsfield-100-year-old-para-vintage-tawny
"B - draft, not ranged yet",COST + PHOTO,Sparkling,Sorelle Bronca Particella 68,,,,,,sorelle-bronca-particella-68-01.jpg,sorelle-bronca-particella-68-02.jpg,SH-FINE-SORELLE-BRONCA-PARTICELLA-68-750,sorelle-bronca-particella-68
"B - draft, not ranged yet",COST + PHOTO,Fortified,Stanton & Killeen Rare Muscat,,,,,,stanton-killeen-rare-muscat-01.jpg,stanton-killeen-rare-muscat-02.jpg,SH-FINE-STANTON-AND-KILLEEN-RARE-MUSCAT-750,stanton-and-killeen-rare-muscat
"B - draft, not ranged yet",COST + PHOTO,Sparkling,Stefano Lubiana Brut Reserve,,,,,,stefano-lubiana-brut-reserve-01.jpg,stefano-lubiana-brut-reserve-02.jpg,SH-FINE-STEFANO-LUBIANA-BRUT-RESERVE-750,stefano-lubiana-brut-reserve
"B - draft, not ranged yet",COST + PHOTO,White,Tolpuddle Vineyard Chardonnay,,,,,,tolpuddle-vineyard-chardonnay-01.jpg,tolpuddle-vineyard-chardonnay-02.jpg,SH-FINE-TOLPUDDLE-VINEYARD-CHARDONNAY-750,tolpuddle-vineyard-chardonnay
"B - draft, not ranged yet",COST + PHOTO,Red,Tolpuddle Vineyard Pinot Noir,,,,,,tolpuddle-vineyard-pinot-noir-01.jpg,tolpuddle-vineyard-pinot-noir-02.jpg,SH-FINE-TOLPUDDLE-VINEYARD-PINOT-NOIR-750,tolpuddle-vineyard-pinot-noir
"B - draft, not ranged yet",COST + PHOTO,Red,Torbreck Les Amis,,,,,,torbreck-les-amis-01.jpg,torbreck-les-amis-02.jpg,SH-FINE-TORBRECK-LES-AMIS-750,torbreck-les-amis
"B - draft, not ranged yet",COST + PHOTO,White,Trimbach Cuvée Frédéric Emile,,,,,,trimbach-cuvee-frederic-emile-01.jpg,trimbach-cuvee-frederic-emile-02.jpg,SH-FINE-TRIMBACH-CUVEE-FREDERIC-EMILE-750,trimbach-cuvee-frederic-emile
"B - draft, not ranged yet",COST + PHOTO,White,Trimbach Réserve Pinot Gris,,,,,,trimbach-reserve-pinot-gris-01.jpg,trimbach-reserve-pinot-gris-02.jpg,SH-FINE-TRIMBACH-RESERVE-PINOT-GRIS-750,trimbach-reserve-pinot-gris
"B - draft, not ranged yet",COST + PHOTO,Red,Turkey Flat Grenache,,,,,,turkey-flat-grenache-01.jpg,turkey-flat-grenache-02.jpg,SH-FINE-TURKEY-FLAT-GRENACHE-750,turkey-flat-grenache
"B - draft, not ranged yet",COST + PHOTO,White,Vasse Felix Heytesbury Chardonnay,,,,,,vasse-felix-heytesbury-chardonnay-01.jpg,vasse-felix-heytesbury-chardonnay-02.jpg,SH-FINE-VASSE-FELIX-HEYTESBURY-CHARDONNAY-750,vasse-felix-heytesbury-chardonnay
"B - draft, not ranged yet",COST + PHOTO,Red,Vasse Felix Tom Cullity,,,,,,vasse-felix-tom-cullity-01.jpg,vasse-felix-tom-cullity-02.jpg,SH-FINE-VASSE-FELIX-TOM-CULLITY-750,vasse-felix-tom-cullity
"B - draft, not ranged yet",COST + PHOTO,Red,Vieux Télégraphe La Crau,,,,,,vieux-telegraphe-la-crau-01.jpg,vieux-telegraphe-la-crau-02.jpg,SH-FINE-VIEUX-TELEGRAPHE-LA-CRAU-750,vieux-telegraphe-la-crau
"B - draft, not ranged yet",COST + PHOTO,Sparkling,Villa Sandi Cartizze,,,,,,villa-sandi-cartizze-01.jpg,villa-sandi-cartizze-02.jpg,SH-FINE-VILLA-SANDI-CARTIZZE-750,villa-sandi-cartizze
"B - draft, not ranged yet",COST + PHOTO,Red,Wynns Coonawarra Estate John Riddoch Cabernet Sauvignon,,,,,,wynns-coonawarra-estate-john-riddoch-cabernet-sauvignon-01.jpg,wynns-coonawarra-estate-john-riddoch-cabernet-sauvignon-02.jpg,SH-FINE-WYNNS-COONAWARRA-ESTATE-JOHN-RIDDOCH-CABERNET-SAUVIGNON-750,wynns-coonawarra-estate-john-riddoch-cabernet-sauvignon
"B - draft, not ranged yet",COST + PHOTO,Red,Wynns Coonawarra Estate Michael Shiraz,,,,,,wynns-coonawarra-estate-michael-shiraz-01.jpg,wynns-coonawarra-estate-michael-shiraz-02.jpg,SH-FINE-WYNNS-COONAWARRA-ESTATE-MICHAEL-SHIRAZ-750,wynns-coonawarra-estate-michael-shiraz
"B - draft, not ranged yet",COST + PHOTO,Red,Yabby Lake Single Block Pinot Noir,,,,,,yabby-lake-single-block-pinot-noir-01.jpg,yabby-lake-single-block-pinot-noir-02.jpg,SH-FINE-YABBY-LAKE-SINGLE-BLOCK-PINOT-NOIR-750,yabby-lake-single-block-pinot-noir
"B - draft, not ranged yet",COST + PHOTO,Red,Yalumba The Scribbler,,,,,,yalumba-the-scribbler-01.jpg,yalumba-the-scribbler-02.jpg,SH-FINE-YALUMBA-THE-SCRIBBLER-750,yalumba-the-scribbler
"B - draft, not ranged yet",COST + PHOTO,Red,Yangarra Estate High Sands Grenache,,,,,,yangarra-estate-high-sands-grenache-01.jpg,yangarra-estate-high-sands-grenache-02.jpg,SH-FINE-YANGARRA-ESTATE-HIGH-SANDS-GRENACHE-750,yangarra-estate-high-sands-grenache
"B - draft, not ranged yet",COST + PHOTO,Rose,Yangarra Estate Rosé,,,,,,yangarra-estate-rose-01.jpg,yangarra-estate-rose-02.jpg,SH-FINE-YANGARRA-ESTATE-ROSE-750,yangarra-estate-rose
"B - draft, not ranged yet",COST + PHOTO,White,Zind-Humbrecht Clos Windsbuhl Pinot Gris,,,,,,zind-humbrecht-clos-windsbuhl-pinot-gris-01.jpg,zind-humbrecht-clos-windsbuhl-pinot-gris-02.jpg,SH-FINE-ZIND-HUMBRECHT-CLOS-WINDSBUHL-PINOT-GRIS-750,zind-humbrecht-clos-windsbuhl-pinot-gris
"B - draft, not ranged yet",COST + PHOTO,Red,d'Arenberg The Derelict Vineyard Grenache,,,,,,d-arenberg-the-derelict-vineyard-grenache-01.jpg,d-arenberg-the-derelict-vineyard-grenache-02.jpg,SH-FINE-D-ARENBERG-THE-DERELICT-VINEYARD-GRENACHE-750,d-arenberg-the-derelict-vineyard-grenache
"C - draft, costed, needs photo",PHOTO,Red,San Polo Brunello di Montalcino DOCG Vignavecchia 2017 Sangiovese Tuscany Italy,806.99,550.00,,,,san-polo-brunello-di-montalcino-docg-vignavecchia-2017-sangiovese-tuscany-italy-01.jpg,san-polo-brunello-di-montalcino-docg-vignavecchia-2017-sangiovese-tuscany-italy-02.jpg,SH-FINE-SAN-POLO-BRUNELLO-DI-MONTALCINO-DOCG-VIGNAVECCHIA-2017-SANGIOVESE-TUSCAN,san-polo-brunello-di-montalcino-docg-vignavecchia-2017-sangiovese-tuscany-italy
"C - draft, costed, needs photo",PHOTO,Champagne,Perrier-Jouet Belle Epoque Blanc de Blanc,662.99,451.56,,,,perrier-jouet-belle-epoque-blanc-de-blanc-01.jpg,perrier-jouet-belle-epoque-blanc-de-blanc-02.jpg,SH-FINE-PERRIER-JOUET-BELLE-EPOQUE-BLANC-DE-BLANC-750,perrier-jouet-belle-epoque-blanc-de-blanc
"C - draft, costed, needs photo",PHOTO,Champagne,Champagne Deutz Amour de Deutz Brut Millesime 2011,469.99,319.84,,,,champagne-deutz-amour-de-deutz-brut-millesime-2011-01.jpg,champagne-deutz-amour-de-deutz-brut-millesime-2011-02.jpg,SH-FINE-CHAMPAGNE-DEUTZ-AMOUR-DE-DEUTZ-BRUT-MILLESIME-2011-750,champagne-deutz-amour-de-deutz-brut-millesime-2011
"C - draft, costed, needs photo",PHOTO,Red,Brokenwood Graveyard Shiraz,442.99,301.54,,,,brokenwood-graveyard-shiraz-01.jpg,brokenwood-graveyard-shiraz-02.jpg,SH-FINE-BROKENWOOD-GRAVEYARD-SHIRAZ-750,brokenwood-graveyard-shiraz
"C - draft, costed, needs photo",PHOTO,Red,Poggio Al Tesoro Dedicato A Walter Bolgheri Superiore DOC Tuscany Italy,403.99,275.00,,,,poggio-al-tesoro-dedicato-a-walter-bolgheri-superiore-doc-tuscany-italy-01.jpg,poggio-al-tesoro-dedicato-a-walter-bolgheri-superiore-doc-tuscany-italy-02.jpg,SH-FINE-POGGIO-AL-TESORO-DEDICATO-A-WALTER-BOLGHERI-SUPERIORE-DOC-TUSCANY-ITALY-,poggio-al-tesoro-dedicato-a-walter-bolgheri-superiore-doc-tuscany-italy
"C - draft, costed, needs photo",PHOTO,Red,Joseph Drouhin Gevrey Chambertin,380.99,259.68,,,,joseph-drouhin-gevrey-chambertin-01.jpg,joseph-drouhin-gevrey-chambertin-02.jpg,SH-FINE-JOSEPH-DROUHIN-GEVREY-CHAMBERTIN-750,joseph-drouhin-gevrey-chambertin
"C - draft, costed, needs photo",PHOTO,Red,Kaesler Old Bastard Shiraz,366.99,249.98,,,,kaesler-old-bastard-shiraz-01.jpg,kaesler-old-bastard-shiraz-02.jpg,SH-FINE-KAESLER-OLD-BASTARD-SHIRAZ-750,kaesler-old-bastard-shiraz
"C - draft, costed, needs photo",PHOTO,Rose,Château d'Esclans Garrus,337.99,230.20,,,,chateau-d-esclans-garrus-01.jpg,chateau-d-esclans-garrus-02.jpg,SH-FINE-CHATEAU-D-ESCLANS-GARRUS-750,chateau-d-esclans-garrus
"C - draft, costed, needs photo",PHOTO,Champagne,Lacourte-Godbillon Mont Ames-Migreats Premier Cru (Pinot Noir) - Champagne France,311.99,212.30,,,,lacourte-godbillon-mont-ames-migreats-premier-cru-pinot-noir-champagne-france-01.jpg,lacourte-godbillon-mont-ames-migreats-premier-cru-pinot-noir-champagne-france-02.jpg,SH-FINE-LACOURTE-GODBILLON-MONT-AMES-MIGREATS-PREMIER-CRU-PINOT-NOIR-CHAMPAGNE-F,lacourte-godbillon-mont-ames-migreats-premier-cru-pinot-noir-champagne-france
"C - draft, costed, needs photo",PHOTO,Red,Kilikanoon Attunga 1865 Shiraz 2016,303.99,206.94,,,,kilikanoon-attunga-1865-shiraz-2016-01.jpg,kilikanoon-attunga-1865-shiraz-2016-02.jpg,SH-FINE-KILIKANOON-ATTUNGA-1865-SHIRAZ-2016-750,kilikanoon-attunga-1865-shiraz-2016
"C - draft, costed, needs photo",PHOTO,Red,Hentley Farm Clos Otto Shiraz,301.99,205.75,,,,hentley-farm-clos-otto-shiraz-01.jpg,hentley-farm-clos-otto-shiraz-02.jpg,SH-FINE-HENTLEY-FARM-CLOS-OTTO-SHIRAZ-750,hentley-farm-clos-otto-shiraz
"C - draft, costed, needs photo",PHOTO,Red,Maison Tramier & Fils Corton Grand Cru Pinot Noir 2016,276.99,188.55,,,,maison-tramier-fils-corton-grand-cru-pinot-noir-2016-01.jpg,maison-tramier-fils-corton-grand-cru-pinot-noir-2016-02.jpg,SH-FINE-MAISON-TRAMIER-FILS-CORTON-GRAND-CRU-PINOT-NOIR-2016-750,maison-tramier-fils-corton-grand-cru-pinot-noir-2016
"C - draft, costed, needs photo",PHOTO,Sparkling,House of Arras EJ Carr Late Disgorged,272.99,185.89,,,,house-of-arras-ej-carr-late-disgorged-01.jpg,house-of-arras-ej-carr-late-disgorged-02.jpg,SH-FINE-HOUSE-OF-ARRAS-EJ-CARR-LATE-DISGORGED-750,house-of-arras-ej-carr-late-disgorged
"C - draft, costed, needs photo",PHOTO,Champagne,Ruinart Rose Second Skin,267.99,182.35,,,,ruinart-rose-second-skin-01.jpg,ruinart-rose-second-skin-02.jpg,SH-FINE-RUINART-ROSE-SECOND-SKIN-750,ruinart-rose-second-skin
"C - draft, costed, needs photo",PHOTO,Champagne,Bollinger Pinot Noir Tx20 Blanc de Noirs Champagne,258.99,176.19,,,,bollinger-pinot-noir-tx20-blanc-de-noirs-champagne-01.jpg,bollinger-pinot-noir-tx20-blanc-de-noirs-champagne-02.jpg,SH-FINE-BOLLINGER-PINOT-NOIR-TX20-BLANC-DE-NOIRS-CHAMPAGNE-750,bollinger-pinot-noir-tx20-blanc-de-noirs-champagne
"C - draft, costed, needs photo",PHOTO,Champagne,Ruinart Blanc de Blanc SS,256.99,174.82,,,,ruinart-blanc-de-blanc-ss-01.jpg,ruinart-blanc-de-blanc-ss-02.jpg,SH-FINE-RUINART-BLANC-DE-BLANC-SS-750,ruinart-blanc-de-blanc-ss
"C - draft, costed, needs photo",PHOTO,Red,San Polo Brunello di Montalcino Riserva DOCG 2012 Sangiovese Tuscany Italy,256.99,174.90,,,,san-polo-brunello-di-montalcino-riserva-docg-2012-sangiovese-tuscany-italy-01.jpg,san-polo-brunello-di-montalcino-riserva-docg-2012-sangiovese-tuscany-italy-02.jpg,SH-FINE-SAN-POLO-BRUNELLO-DI-MONTALCINO-RISERVA-DOCG-2012-SANGIOVESE-TUSCANY-ITA,san-polo-brunello-di-montalcino-riserva-docg-2012-sangiovese-tuscany-italy
"C - draft, costed, needs photo",PHOTO,Red,Maison Tramier & Fils Vosne-Romanee Pinot Noir 2020,253.99,172.67,,,,maison-tramier-fils-vosne-romanee-pinot-noir-2020-01.jpg,maison-tramier-fils-vosne-romanee-pinot-noir-2020-02.jpg,SH-FINE-MAISON-TRAMIER-FILS-VOSNE-ROMANEE-PINOT-NOIR-2020-750,maison-tramier-fils-vosne-romanee-pinot-noir-2020
"C - draft, costed, needs photo",PHOTO,Red,Grant Burge Meshach Shiraz V19,251.99,171.36,,,,grant-burge-meshach-shiraz-v19-01.jpg,grant-burge-meshach-shiraz-v19-02.jpg,SH-FINE-GRANT-BURGE-MESHACH-SHIRAZ-V19-750,grant-burge-meshach-shiraz-v19
"C - draft, costed, needs photo",PHOTO,Champagne,Billecart Salmon Brut Sous Bois,238.99,162.79,,,,billecart-salmon-brut-sous-bois-01.jpg,billecart-salmon-brut-sous-bois-02.jpg,SH-FINE-BILLECART-SALMON-BRUT-SOUS-BOIS-750,billecart-salmon-brut-sous-bois
"C - draft, costed, needs photo",PHOTO,Champagne,Billecart-Salmon Brut Rosé,238.99,162.79,,,,billecart-salmon-brut-rose-01.jpg,billecart-salmon-brut-rose-02.jpg,SH-FINE-BILLECART-SALMON-BRUT-ROSE-750,billecart-salmon-brut-rose
"C - draft, costed, needs photo",PHOTO,Champagne,Veuve Clicquot Rose Reserve,215.99,147.04,,,,veuve-clicquot-rose-reserve-01.jpg,veuve-clicquot-rose-reserve-02.jpg,SH-FINE-VEUVE-CLICQUOT-ROSE-RESERVE-750,veuve-clicquot-rose-reserve
"C - draft, costed, needs photo",PHOTO,Red,Tenuta Meraviglia Rosso Bolgheri Superiore 2018,210.99,143.79,,,,tenuta-meraviglia-rosso-bolgheri-superiore-2018-01.jpg,tenuta-meraviglia-rosso-bolgheri-superiore-2018-02.jpg,SH-FINE-TENUTA-MERAVIGLIA-ROSSO-BOLGHERI-SUPERIORE-2018-750,tenuta-meraviglia-rosso-bolgheri-superiore-2018
"C - draft, costed, needs photo",PHOTO,Sparkling,Bollinger Rose NV,197.99,134.81,,,,bollinger-rose-nv-01.jpg,bollinger-rose-nv-02.jpg,SH-FINE-BOLLINGER-ROSE-NV-750,bollinger-rose-nv
"C - draft, costed, needs photo",PHOTO,Fortified,Dow's 30 Year Old Tawny Port,196.99,133.97,,,,dow-s-30-year-old-tawny-port-01.jpg,dow-s-30-year-old-tawny-port-02.jpg,SH-FINE-DOW-S-30-YEAR-OLD-TAWNY-PORT-750,dow-s-30-year-old-tawny-port
"C - draft, costed, needs photo",PHOTO,Red,Fontanafredda Vigna la Rosa Barolo DOCG Italy,191.99,130.28,,,,fontanafredda-vigna-la-rosa-barolo-docg-italy-01.jpg,fontanafredda-vigna-la-rosa-barolo-docg-italy-02.jpg,SH-FINE-FONTANAFREDDA-VIGNA-LA-ROSA-BAROLO-DOCG-ITALY-750,fontanafredda-vigna-la-rosa-barolo-docg-italy
"C - draft, costed, needs photo",PHOTO,Red,Marziano Abbona DOCG Barolo,191.99,130.90,,,,marziano-abbona-docg-barolo-01.jpg,marziano-abbona-docg-barolo-02.jpg,SH-FINE-MARZIANO-ABBONA-DOCG-BAROLO-750,marziano-abbona-docg-barolo
"C - draft, costed, needs photo",PHOTO,Champagne,Champagne Deutz Brut Rose NV,185.99,126.81,,,,champagne-deutz-brut-rose-nv-01.jpg,champagne-deutz-brut-rose-nv-02.jpg,SH-FINE-CHAMPAGNE-DEUTZ-BRUT-ROSE-NV-750,champagne-deutz-brut-rose-nv
"C - draft, costed, needs photo",PHOTO,Red,Wynns Riddoch Cabernet Sauvignon,184.99,125.89,,,,wynns-riddoch-cabernet-sauvignon-01.jpg,wynns-riddoch-cabernet-sauvignon-02.jpg,SH-FINE-WYNNS-RIDDOCH-CABERNET-SAUVIGNON-750,wynns-riddoch-cabernet-sauvignon
"C - draft, costed, needs photo",PHOTO,Sparkling,R de Ruinart Brut,183.99,125.44,,,,r-de-ruinart-brut-01.jpg,r-de-ruinart-brut-02.jpg,SH-FINE-R-DE-RUINART-BRUT-750,r-de-ruinart-brut
"C - draft, costed, needs photo",PHOTO,Champagne,Collet Vintage 2014,180.99,122.98,,,,collet-vintage-2014-01.jpg,collet-vintage-2014-02.jpg,SH-FINE-COLLET-VINTAGE-2014-750,collet-vintage-2014
"C - draft, costed, needs photo",PHOTO,Red,Donne Fittipaldi Malaroja Malbec Super Tuscan,175.99,119.90,,,,donne-fittipaldi-malaroja-malbec-super-tuscan-01.jpg,donne-fittipaldi-malaroja-malbec-super-tuscan-02.jpg,SH-FINE-DONNE-FITTIPALDI-MALAROJA-MALBEC-SUPER-TUSCAN-750,donne-fittipaldi-malaroja-malbec-super-tuscan
"C - draft, costed, needs photo",PHOTO,Champagne,Moët & Chandon Vintage,172.99,117.57,,,,moet-chandon-vintage-01.jpg,moet-chandon-vintage-02.jpg,SH-FINE-MOET-CHANDON-VINTAGE-750,moet-chandon-vintage
"C - draft, costed, needs photo",PHOTO,Red,Fontanafredda Barolo Proprieta DOCG Italy,169.99,115.80,,,,fontanafredda-barolo-proprieta-docg-italy-01.jpg,fontanafredda-barolo-proprieta-docg-italy-02.jpg,SH-FINE-FONTANAFREDDA-BAROLO-PROPRIETA-DOCG-ITALY-750,fontanafredda-barolo-proprieta-docg-italy
"C - draft, costed, needs photo",PHOTO,Red,Petaluma Anova Cabernet Sauvignon,166.99,113.52,,,,petaluma-anova-cabernet-sauvignon-01.jpg,petaluma-anova-cabernet-sauvignon-02.jpg,SH-FINE-PETALUMA-ANOVA-CABERNET-SAUVIGNON-750,petaluma-anova-cabernet-sauvignon
"C - draft, costed, needs photo",PHOTO,Red,Petaluma Anova Chardonnay,166.99,113.52,,,,petaluma-anova-chardonnay-01.jpg,petaluma-anova-chardonnay-02.jpg,SH-FINE-PETALUMA-ANOVA-CHARDONNAY-750,petaluma-anova-chardonnay
"C - draft, costed, needs photo",PHOTO,Champagne,Lacourte-Godbillon Rose Premier Cru (Pinot Noir) - Champagne France,164.99,112.20,,,,lacourte-godbillon-rose-premier-cru-pinot-noir-champagne-france-01.jpg,lacourte-godbillon-rose-premier-cru-pinot-noir-champagne-france-02.jpg,SH-FINE-LACOURTE-GODBILLON-ROSE-PREMIER-CRU-PINOT-NOIR-CHAMPAGNE-FRANCE-750,lacourte-godbillon-rose-premier-cru-pinot-noir-champagne-france
"C - draft, costed, needs photo",PHOTO,Red,Cloudy Bay Te Wahi,163.99,111.21,,,,cloudy-bay-te-wahi-01.jpg,cloudy-bay-te-wahi-02.jpg,SH-FINE-CLOUDY-BAY-TE-WAHI-750,cloudy-bay-te-wahi
"C - draft, costed, needs photo",PHOTO,Red,Eileen Hardy Shiraz V20,163.99,111.15,,,,eileen-hardy-shiraz-v20-01.jpg,eileen-hardy-shiraz-v20-02.jpg,SH-FINE-EILEEN-HARDY-SHIRAZ-V20-750,eileen-hardy-shiraz-v20
"C - draft, costed, needs photo",PHOTO,Red,First Drop Fat Of the Land Seppeltsfield Shiraz 2021,156.99,106.42,,,,first-drop-fat-of-the-land-seppeltsfield-shiraz-2021-01.jpg,first-drop-fat-of-the-land-seppeltsfield-shiraz-2021-02.jpg,SH-FINE-FIRST-DROP-FAT-OF-THE-LAND-SEPPELTSFIELD-SHIRAZ-2021-750,first-drop-fat-of-the-land-seppeltsfield-shiraz-2021
"C - draft, costed, needs photo",PHOTO,White,Joseph Drouhin Cote de Beaune Blanc,154.99,115.50,,,,joseph-drouhin-cote-de-beaune-blanc-01.jpg,joseph-drouhin-cote-de-beaune-blanc-02.jpg,SH-FINE-JOSEPH-DROUHIN-COTE-DE-BEAUNE-BLANC-750,joseph-drouhin-cote-de-beaune-blanc
"C - draft, costed, needs photo",PHOTO,Red,Piombaia DOCG Brunello di Montalcino,154.99,105.24,,,,piombaia-docg-brunello-di-montalcino-01.jpg,piombaia-docg-brunello-di-montalcino-02.jpg,SH-FINE-PIOMBAIA-DOCG-BRUNELLO-DI-MONTALCINO-750,piombaia-docg-brunello-di-montalcino
"C - draft, costed, needs photo",PHOTO,Champagne,Champagne Deutz Brut Rose,153.99,104.56,,,,champagne-deutz-brut-rose-01.jpg,champagne-deutz-brut-rose-02.jpg,SH-FINE-CHAMPAGNE-DEUTZ-BRUT-ROSE-750,champagne-deutz-brut-rose
"C - draft, costed, needs photo",PHOTO,White,Hardys Eileen Hardy Chardonnay V21,152.99,104.06,,,,hardys-eileen-hardy-chardonnay-v21-01.jpg,hardys-eileen-hardy-chardonnay-v21-02.jpg,SH-FINE-HARDYS-EILEEN-HARDY-CHARDONNAY-V21-750,hardys-eileen-hardy-chardonnay-v21
"C - draft, costed, needs photo",PHOTO,Red,Eileen Hardy Pinot Noir V21,150.99,102.88,,,,eileen-hardy-pinot-noir-v21-01.jpg,eileen-hardy-pinot-noir-v21-02.jpg,SH-FINE-EILEEN-HARDY-PINOT-NOIR-V21-750,eileen-hardy-pinot-noir-v21
"C - draft, costed, needs photo",PHOTO,Red,Giboulot Beaune Clos du Roi 1er Cru,150.99,102.88,,,,giboulot-beaune-clos-du-roi-1er-cru-01.jpg,giboulot-beaune-clos-du-roi-1er-cru-02.jpg,SH-FINE-GIBOULOT-BEAUNE-CLOS-DU-ROI-1ER-CRU-750,giboulot-beaune-clos-du-roi-1er-cru
"C - draft, costed, needs photo",PHOTO,Red,Penfolds St Henri Shiraz,149.99,101.65,,,,penfolds-st-henri-shiraz-01.jpg,penfolds-st-henri-shiraz-02.jpg,SH-FINE-PENFOLDS-ST-HENRI-SHIRAZ-750,penfolds-st-henri-shiraz
"C - draft, costed, needs photo",PHOTO,Champagne,Pol Roger Brut Non Vintage,149.99,102.21,,,,pol-roger-brut-non-vintage-01.jpg,pol-roger-brut-non-vintage-02.jpg,SH-FINE-POL-ROGER-BRUT-NON-VINTAGE-750,pol-roger-brut-non-vintage
"C - draft, costed, needs photo",PHOTO,Red,Poggio Landi Brunello di Montalcino DOCG 2018,145.99,98.86,,,,poggio-landi-brunello-di-montalcino-docg-2018-01.jpg,poggio-landi-brunello-di-montalcino-docg-2018-02.jpg,SH-FINE-POGGIO-LANDI-BRUNELLO-DI-MONTALCINO-DOCG-2018-750,poggio-landi-brunello-di-montalcino-docg-2018
"C - draft, costed, needs photo",PHOTO,Red,Cape Mentelle Heritage Cabernet Margaret River,143.99,97.91,,,,cape-mentelle-heritage-cabernet-margaret-river-01.jpg,cape-mentelle-heritage-cabernet-margaret-river-02.jpg,SH-FINE-CAPE-MENTELLE-HERITAGE-CABERNET-MARGARET-RIVER-750,cape-mentelle-heritage-cabernet-margaret-river
"C - draft, costed, needs photo",PHOTO,Red,Cape Mentelle Heritage Chardonnay Margaret River,143.99,97.91,,,,cape-mentelle-heritage-chardonnay-margaret-river-01.jpg,cape-mentelle-heritage-chardonnay-margaret-river-02.jpg,SH-FINE-CAPE-MENTELLE-HERITAGE-CHARDONNAY-MARGARET-RIVER-750,cape-mentelle-heritage-chardonnay-margaret-river
"C - draft, costed, needs photo",PHOTO,Sparkling,Collet Rose,143.99,98.15,,,,collet-rose-01.jpg,collet-rose-02.jpg,SH-FINE-COLLET-ROSE-750,collet-rose
"C - draft, costed, needs photo",PHOTO,Champagne,Champagne Laurent-Perrier la Cuvee,142.99,97.46,,,,champagne-laurent-perrier-la-cuvee-01.jpg,champagne-laurent-perrier-la-cuvee-02.jpg,SH-FINE-CHAMPAGNE-LAURENT-PERRIER-LA-CUVEE-750,champagne-laurent-perrier-la-cuvee
"C - draft, costed, needs photo",PHOTO,Red,Xanadu Reserve Cabernet Sauvignon,142.99,96.96,,,,xanadu-reserve-cabernet-sauvignon-01.jpg,xanadu-reserve-cabernet-sauvignon-02.jpg,SH-FINE-XANADU-RESERVE-CABERNET-SAUVIGNON-750,xanadu-reserve-cabernet-sauvignon
"C - draft, costed, needs photo",PHOTO,Red,Albert Bichot Gevrey Chambertin,138.99,94.36,,,,albert-bichot-gevrey-chambertin-01.jpg,albert-bichot-gevrey-chambertin-02.jpg,SH-FINE-ALBERT-BICHOT-GEVREY-CHAMBERTIN-750,albert-bichot-gevrey-chambertin
"C - draft, costed, needs photo",PHOTO,Sparkling,House of Arras Vintage Blanc de Blancs,137.99,93.89,,,,house-of-arras-vintage-blanc-de-blancs-01.jpg,house-of-arras-vintage-blanc-de-blancs-02.jpg,SH-FINE-HOUSE-OF-ARRAS-VINTAGE-BLANC-DE-BLANCS-750,house-of-arras-vintage-blanc-de-blancs
"C - draft, costed, needs photo",PHOTO,Sparkling,House of Arras Vintage Rose,137.99,93.89,,,,house-of-arras-vintage-rose-01.jpg,house-of-arras-vintage-rose-02.jpg,SH-FINE-HOUSE-OF-ARRAS-VINTAGE-ROSE-750,house-of-arras-vintage-rose
"C - draft, costed, needs photo",PHOTO,Red,San Polo Brunello di Montalcino DOCG Sangiovese Tuscany Italy 2017,137.99,93.50,,,,san-polo-brunello-di-montalcino-docg-sangiovese-tuscany-italy-2017-01.jpg,san-polo-brunello-di-montalcino-docg-sangiovese-tuscany-italy-2017-02.jpg,SH-FINE-SAN-POLO-BRUNELLO-DI-MONTALCINO-DOCG-SANGIOVESE-TUSCANY-ITALY-2017-750,san-polo-brunello-di-montalcino-docg-sangiovese-tuscany-italy-2017
"C - draft, costed, needs photo",PHOTO,Champagne,Collet Art Deco Brut NV,135.99,92.23,,,,collet-art-deco-brut-nv-01.jpg,collet-art-deco-brut-nv-02.jpg,SH-FINE-COLLET-ART-DECO-BRUT-NV-750,collet-art-deco-brut-nv
"C - draft, costed, needs photo",PHOTO,Red,Giovanni Rosso Barolo Serralunga d'Alba del Comune,135.99,92.36,,,,giovanni-rosso-barolo-serralunga-d-alba-del-comune-01.jpg,giovanni-rosso-barolo-serralunga-d-alba-del-comune-02.jpg,SH-FINE-GIOVANNI-ROSSO-BAROLO-SERRALUNGA-D-ALBA-DEL-COMUNE-750,giovanni-rosso-barolo-serralunga-d-alba-del-comune
"C - draft, costed, needs photo",PHOTO,White,Jf Moreau Premier Cru Mont de Milieu 2021,134.99,91.64,,,,jf-moreau-premier-cru-mont-de-milieu-2021-01.jpg,jf-moreau-premier-cru-mont-de-milieu-2021-02.jpg,SH-FINE-JF-MOREAU-PREMIER-CRU-MONT-DE-MILIEU-2021-750,jf-moreau-premier-cru-mont-de-milieu-2021
"C - draft, costed, needs photo",PHOTO,Red,Marziano Abbona Barbaresco DOCG,133.99,91.30,,,,marziano-abbona-barbaresco-docg-01.jpg,marziano-abbona-barbaresco-docg-02.jpg,SH-FINE-MARZIANO-ABBONA-BARBARESCO-DOCG-750,marziano-abbona-barbaresco-docg
"C - draft, costed, needs photo",PHOTO,Red,Xanadu Reserve Chardonnay,132.99,90.34,,,,xanadu-reserve-chardonnay-01.jpg,xanadu-reserve-chardonnay-02.jpg,SH-FINE-XANADU-RESERVE-CHARDONNAY-750,xanadu-reserve-chardonnay
"C - draft, costed, needs photo",PHOTO,Sparkling,Ayala Brut Majeur NV,126.99,86.56,,,,ayala-brut-majeur-nv-01.jpg,ayala-brut-majeur-nv-02.jpg,SH-FINE-AYALA-BRUT-MAJEUR-NV-750,ayala-brut-majeur-nv
"C - draft, costed, needs photo",PHOTO,Champagne,Moët & Chandon Rosé,126.99,86.37,,,,moet-chandon-rose-01.jpg,moet-chandon-rose-02.jpg,SH-FINE-MOET-CHANDON-ROSE-750,moet-chandon-rose
"C - draft, costed, needs photo",PHOTO,White,Oakridge 864 Chardonnay,126.99,86.09,,,,oakridge-864-chardonnay-01.jpg,oakridge-864-chardonnay-02.jpg,SH-FINE-OAKRIDGE-864-CHARDONNAY-750,oakridge-864-chardonnay
"C - draft, costed, needs photo",PHOTO,White,Oakridge 864 Henk Chardonnay,126.99,86.09,,,,oakridge-864-henk-chardonnay-01.jpg,oakridge-864-henk-chardonnay-02.jpg,SH-FINE-OAKRIDGE-864-HENK-CHARDONNAY-750,oakridge-864-henk-chardonnay
"C - draft, costed, needs photo",PHOTO,Champagne,Taittinger NV Brut,126.99,85.91,,,,taittinger-nv-brut-01.jpg,taittinger-nv-brut-02.jpg,SH-FINE-TAITTINGER-NV-BRUT-750,taittinger-nv-brut
"C - draft, costed, needs photo",PHOTO,Red,Diego Rivetti Barolo Elda 2022,125.99,85.80,,,,diego-rivetti-barolo-elda-2022-01.jpg,diego-rivetti-barolo-elda-2022-02.jpg,SH-FINE-DIEGO-RIVETTI-BAROLO-ELDA-2022-750,diego-rivetti-barolo-elda-2022
"C - draft, costed, needs photo",PHOTO,White,Chateau de Maligny Chablis Vieilles Vignes 2025,123.99,84.18,,,,chateau-de-maligny-chablis-vieilles-vignes-2025-01.jpg,chateau-de-maligny-chablis-vieilles-vignes-2025-02.jpg,SH-FINE-CHATEAU-DE-MALIGNY-CHABLIS-VIEILLES-VIGNES-2025-750,chateau-de-maligny-chablis-vieilles-vignes-2025
"C - draft, costed, needs photo",PHOTO,Red,Jean Michel Giboulot Savigny Les Beaune Aux Fournaux 1er Cru 2018,123.99,84.43,,,,jean-michel-giboulot-savigny-les-beaune-aux-fournaux-1er-cru-2018-01.jpg,jean-michel-giboulot-savigny-les-beaune-aux-fournaux-1er-cru-2018-02.jpg,SH-FINE-JEAN-MICHEL-GIBOULOT-SAVIGNY-LES-BEAUNE-AUX-FOURNAUX-1ER-CRU-2018-750,jean-michel-giboulot-savigny-les-beaune-aux-fournaux-1er-cru-2018
"C - draft, costed, needs photo",PHOTO,Red,Piazzo Barbaresco Pajore DOCG 2021,123.99,83.96,,,,piazzo-barbaresco-pajore-docg-2021-01.jpg,piazzo-barbaresco-pajore-docg-2021-02.jpg,SH-FINE-PIAZZO-BARBARESCO-PAJORE-DOCG-2021-750,piazzo-barbaresco-pajore-docg-2021
"C - draft, costed, needs photo",PHOTO,Red,Petaluma Yellow Label Cabernet Merlot,119.99,81.36,,,,petaluma-yellow-label-cabernet-merlot-01.jpg,petaluma-yellow-label-cabernet-merlot-02.jpg,SH-FINE-PETALUMA-YELLOW-LABEL-CABERNET-MERLOT-750,petaluma-yellow-label-cabernet-merlot
"C - draft, costed, needs photo",PHOTO,Fortified,Seppeltsfield Para 21 Year Old Tawny,119.99,81.38,,,,seppeltsfield-para-21-year-old-tawny-01.jpg,seppeltsfield-para-21-year-old-tawny-02.jpg,SH-FINE-SEPPELTSFIELD-PARA-21-YEAR-OLD-TAWNY-750,seppeltsfield-para-21-year-old-tawny
"C - draft, costed, needs photo",PHOTO,White,Chateau de Maligny Chablis Carre de Cesar 2025,117.99,79.92,,,,chateau-de-maligny-chablis-carre-de-cesar-2025-01.jpg,chateau-de-maligny-chablis-carre-de-cesar-2025-02.jpg,SH-FINE-CHATEAU-DE-MALIGNY-CHABLIS-CARRE-DE-CESAR-2025-750,chateau-de-maligny-chablis-carre-de-cesar-2025
"C - draft, costed, needs photo",PHOTO,Red,Tar & Roses Local Hero Barolo,116.99,79.48,,,,tar-roses-local-hero-barolo-01.jpg,tar-roses-local-hero-barolo-02.jpg,SH-FINE-TAR-ROSES-LOCAL-HERO-BAROLO-750,tar-roses-local-hero-barolo
"C - draft, costed, needs photo",PHOTO,Red,Xanadu Stevens Road Cabernet Sauvignon,112.99,76.86,,,,xanadu-stevens-road-cabernet-sauvignon-01.jpg,xanadu-stevens-road-cabernet-sauvignon-02.jpg,SH-FINE-XANADU-STEVENS-ROAD-CABERNET-SAUVIGNON-750,xanadu-stevens-road-cabernet-sauvignon
"C - draft, costed, needs photo",PHOTO,White,Beaurenard Chateau Blanc Chateauneuf du Pape,108.99,74.02,,,,beaurenard-chateau-blanc-chateauneuf-du-pape-01.jpg,beaurenard-chateau-blanc-chateauneuf-du-pape-02.jpg,SH-FINE-BEAURENARD-CHATEAU-BLANC-CHATEAUNEUF-DU-PAPE-750,beaurenard-chateau-blanc-chateauneuf-du-pape
"C - draft, costed, needs photo",PHOTO,White,Cloudy Bay Te Koko,107.99,73.54,,,,cloudy-bay-te-koko-01.jpg,cloudy-bay-te-koko-02.jpg,SH-FINE-CLOUDY-BAY-TE-KOKO-750,cloudy-bay-te-koko
"C - draft, costed, needs photo",PHOTO,Red,Kilikanoon Tregea Cabernet Sauvignon 2018,107.99,73.31,,,,kilikanoon-tregea-cabernet-sauvignon-2018-01.jpg,kilikanoon-tregea-cabernet-sauvignon-2018-02.jpg,SH-FINE-KILIKANOON-TREGEA-CABERNET-SAUVIGNON-2018-750,kilikanoon-tregea-cabernet-sauvignon-2018
"C - draft, costed, needs photo",PHOTO,Red,Oakridge 864 Cabernet Sauvignon Winery Block,106.99,72.37,,,,oakridge-864-cabernet-sauvignon-winery-block-01.jpg,oakridge-864-cabernet-sauvignon-winery-block-02.jpg,SH-FINE-OAKRIDGE-864-CABERNET-SAUVIGNON-WINERY-BLOCK-750,oakridge-864-cabernet-sauvignon-winery-block
"C - draft, costed, needs photo",PHOTO,Red,Oakridge 864 Pinot Noir Block A4,106.99,72.37,,,,oakridge-864-pinot-noir-block-a4-01.jpg,oakridge-864-pinot-noir-block-a4-02.jpg,SH-FINE-OAKRIDGE-864-PINOT-NOIR-BLOCK-A4-750,oakridge-864-pinot-noir-block-a4
"C - draft, costed, needs photo",PHOTO,Red,Oakridge 864 Syrah,106.99,72.37,,,,oakridge-864-syrah-01.jpg,oakridge-864-syrah-02.jpg,SH-FINE-OAKRIDGE-864-SYRAH-750,oakridge-864-syrah
"C - draft, costed, needs photo",PHOTO,Red,Xanadu Stevens Road Chardonnay,103.99,70.24,,,,xanadu-stevens-road-chardonnay-01.jpg,xanadu-stevens-road-chardonnay-02.jpg,SH-FINE-XANADU-STEVENS-ROAD-CHARDONNAY-750,xanadu-stevens-road-chardonnay
"C - draft, costed, needs photo",PHOTO,Red,Farina Amarone della Valpolicella Classico DOCG Veneto Italy,101.99,69.30,,,,farina-amarone-della-valpolicella-classico-docg-veneto-italy-01.jpg,farina-amarone-della-valpolicella-classico-docg-veneto-italy-02.jpg,SH-FINE-FARINA-AMARONE-DELLA-VALPOLICELLA-CLASSICO-DOCG-VENETO-ITALY-750,farina-amarone-della-valpolicella-classico-docg-veneto-italy
"C - draft, costed, needs photo",PHOTO,Red,Fontanafredda Serralunga d'Alba Barolo DOCG Italy,99.99,67.55,,,,fontanafredda-serralunga-d-alba-barolo-docg-italy-01.jpg,fontanafredda-serralunga-d-alba-barolo-docg-italy-02.jpg,SH-FINE-FONTANAFREDDA-SERRALUNGA-D-ALBA-BAROLO-DOCG-ITALY-750,fontanafredda-serralunga-d-alba-barolo-docg-italy
"C - draft, costed, needs photo",PHOTO,Red,Vignoble Dauny Sancerre Rouge Pynoz 2024,96.99,65.73,,,,vignoble-dauny-sancerre-rouge-pynoz-2024-01.jpg,vignoble-dauny-sancerre-rouge-pynoz-2024-02.jpg,SH-FINE-VIGNOBLE-DAUNY-SANCERRE-ROUGE-PYNOZ-2024-750,vignoble-dauny-sancerre-rouge-pynoz-2024
"C - draft, costed, needs photo",PHOTO,White,Millebuis Bourgogne Montagny Premier Cru 2022,94.99,64.67,,,,millebuis-bourgogne-montagny-premier-cru-2022-01.jpg,millebuis-bourgogne-montagny-premier-cru-2022-02.jpg,SH-FINE-MILLEBUIS-BOURGOGNE-MONTAGNY-PREMIER-CRU-2022-750,millebuis-bourgogne-montagny-premier-cru-2022
"C - draft, costed, needs photo",PHOTO,Fortified,Seppeltsfield Para Rare Tawny NV 15 Year Old,92.99,62.77,,,,seppeltsfield-para-rare-tawny-nv-15-year-old-01.jpg,seppeltsfield-para-rare-tawny-nv-15-year-old-02.jpg,SH-FINE-SEPPELTSFIELD-PARA-RARE-TAWNY-NV-15-YEAR-OLD-750,seppeltsfield-para-rare-tawny-nv-15-year-old
"C - draft, costed, needs photo",PHOTO,Red,Villebois Sancerre Blanc Marne,91.99,62.44,,,,villebois-sancerre-blanc-marne-01.jpg,villebois-sancerre-blanc-marne-02.jpg,SH-FINE-VILLEBOIS-SANCERRE-BLANC-MARNE-750,villebois-sancerre-blanc-marne
"C - draft, costed, needs photo",PHOTO,Red,Donne Fittipaldi Bolgheri Tuscany 2022,90.99,61.49,,,,donne-fittipaldi-bolgheri-tuscany-2022-01.jpg,donne-fittipaldi-bolgheri-tuscany-2022-02.jpg,SH-FINE-DONNE-FITTIPALDI-BOLGHERI-TUSCANY-2022-750,donne-fittipaldi-bolgheri-tuscany-2022
"C - draft, costed, needs photo",PHOTO,Red,Tenuta Meraviglia Rosso Bolgheri DOC 2020,90.99,61.96,,,,tenuta-meraviglia-rosso-bolgheri-doc-2020-01.jpg,tenuta-meraviglia-rosso-bolgheri-doc-2020-02.jpg,SH-FINE-TENUTA-MERAVIGLIA-ROSSO-BOLGHERI-DOC-2020-750,tenuta-meraviglia-rosso-bolgheri-doc-2020
"C - draft, costed, needs photo",PHOTO,Rose,Chateau d'Esclans Rock Angel,88.99,60.65,,,,chateau-d-esclans-rock-angel-01.jpg,chateau-d-esclans-rock-angel-02.jpg,SH-FINE-CHATEAU-D-ESCLANS-ROCK-ANGEL-750,chateau-d-esclans-rock-angel
"C - draft, costed, needs photo",PHOTO,Red,Vignoble Dauny AOC Sancerre Blanc Les Caillottes 2025,88.99,60.06,,,,vignoble-dauny-aoc-sancerre-blanc-les-caillottes-2025-01.jpg,vignoble-dauny-aoc-sancerre-blanc-les-caillottes-2025-02.jpg,SH-FINE-VIGNOBLE-DAUNY-AOC-SANCERRE-BLANC-LES-CAILLOTTES-2025-750,vignoble-dauny-aoc-sancerre-blanc-les-caillottes-2025
"C - draft, costed, needs photo",PHOTO,White,Petaluma Yellow Label Chardonnay,87.99,59.56,,,,petaluma-yellow-label-chardonnay-01.jpg,petaluma-yellow-label-chardonnay-02.jpg,SH-FINE-PETALUMA-YELLOW-LABEL-CHARDONNAY-750,petaluma-yellow-label-chardonnay
"C - draft, costed, needs photo",PHOTO,Red,Piazzo Barolo Valente DOCG 2020,87.99,59.72,,,,piazzo-barolo-valente-docg-2020-01.jpg,piazzo-barolo-valente-docg-2020-02.jpg,SH-FINE-PIAZZO-BAROLO-VALENTE-DOCG-2020-750,piazzo-barolo-valente-docg-2020
"C - draft, costed, needs photo",PHOTO,Red,Casali del Barone Barolo 2020,84.99,57.94,,,,casali-del-barone-barolo-2020-01.jpg,casali-del-barone-barolo-2020-02.jpg,SH-FINE-CASALI-DEL-BARONE-BAROLO-2020-750,casali-del-barone-barolo-2020
"C - draft, costed, needs photo",PHOTO,Red,Piazzo Barbaresco Arge DOCG 2021,83.99,56.76,,,,piazzo-barbaresco-arge-docg-2021-01.jpg,piazzo-barbaresco-arge-docg-2021-02.jpg,SH-FINE-PIAZZO-BARBARESCO-ARGE-DOCG-2021-750,piazzo-barbaresco-arge-docg-2021
"C - draft, costed, needs photo",PHOTO,Red,Cloudy Bay Pinot Noir,80.99,54.94,,,,cloudy-bay-pinot-noir-01.jpg,cloudy-bay-pinot-noir-02.jpg,SH-FINE-CLOUDY-BAY-PINOT-NOIR-750,cloudy-bay-pinot-noir
"C - draft, costed, needs photo",PHOTO,White,Chateau de Maligny Petit Chablis 2023,78.99,53.32,,,,chateau-de-maligny-petit-chablis-2023-01.jpg,chateau-de-maligny-petit-chablis-2023-02.jpg,SH-FINE-CHATEAU-DE-MALIGNY-PETIT-CHABLIS-2023-750,chateau-de-maligny-petit-chablis-2023
"C - draft, costed, needs photo",PHOTO,Fortified,Dow's Colheita Tawny Port Portugal,77.99,52.77,,,,dow-s-colheita-tawny-port-portugal-01.jpg,dow-s-colheita-tawny-port-portugal-02.jpg,SH-FINE-DOW-S-COLHEITA-TAWNY-PORT-PORTUGAL-750,dow-s-colheita-tawny-port-portugal
"C - draft, costed, needs photo",PHOTO,Red,Yalumba Signature Cabernet Shiraz,77.99,52.57,,,,yalumba-signature-cabernet-shiraz-01.jpg,yalumba-signature-cabernet-shiraz-02.jpg,SH-FINE-YALUMBA-SIGNATURE-CABERNET-SHIRAZ-750,yalumba-signature-cabernet-shiraz
"C - draft, costed, needs photo",PHOTO,Red,Hentley Farm Old Legend Grenache,76.99,57.00,,,,hentley-farm-old-legend-grenache-01.jpg,hentley-farm-old-legend-grenache-02.jpg,SH-FINE-HENTLEY-FARM-OLD-LEGEND-GRENACHE-750,hentley-farm-old-legend-grenache
"C - draft, costed, needs photo",PHOTO,White,Laroche Chablis St Martin,76.99,52.43,,,,laroche-chablis-st-martin-01.jpg,laroche-chablis-st-martin-02.jpg,SH-FINE-LAROCHE-CHABLIS-ST-MARTIN-750,laroche-chablis-st-martin
"C - draft, costed, needs photo",PHOTO,Red,Petaluma Yellow Label Shiraz,76.99,52.03,,,,petaluma-yellow-label-shiraz-01.jpg,petaluma-yellow-label-shiraz-02.jpg,SH-FINE-PETALUMA-YELLOW-LABEL-SHIRAZ-750,petaluma-yellow-label-shiraz
"C - draft, costed, needs photo",PHOTO,Red,Chateau Galeteau Cuvee Eleonore Saint Emilion Grand Cru 2022,75.99,51.32,,,,chateau-galeteau-cuvee-eleonore-saint-emilion-grand-cru-2022-01.jpg,chateau-galeteau-cuvee-eleonore-saint-emilion-grand-cru-2022-02.jpg,SH-FINE-CHATEAU-GALETEAU-CUVEE-ELEONORE-SAINT-EMILION-GRAND-CRU-2022-750,chateau-galeteau-cuvee-eleonore-saint-emilion-grand-cru-2022
"C - draft, costed, needs photo",PHOTO,White,Patrick Piuze 2023 Petit Chablis,75.99,51.54,,,,patrick-piuze-2023-petit-chablis-01.jpg,patrick-piuze-2023-petit-chablis-02.jpg,SH-FINE-PATRICK-PIUZE-2023-PETIT-CHABLIS-750,patrick-piuze-2023-petit-chablis
"C - draft, costed, needs photo",PHOTO,Rose,Minuty Rosé et Or,74.99,50.61,,,,minuty-rose-et-or-01.jpg,minuty-rose-et-or-02.jpg,SH-FINE-MINUTY-ROSE-ET-OR-750,minuty-rose-et-or
"C - draft, costed, needs photo",PHOTO,Red,Podere Casanova DOCG Chianti Classico,74.99,50.85,,,,podere-casanova-docg-chianti-classico-01.jpg,podere-casanova-docg-chianti-classico-02.jpg,SH-FINE-PODERE-CASANOVA-DOCG-CHIANTI-CLASSICO-750,podere-casanova-docg-chianti-classico
"C - draft, costed, needs photo",PHOTO,White,Jf Moreau Chablis 2023,73.99,50.26,,,,jf-moreau-chablis-2023-01.jpg,jf-moreau-chablis-2023-02.jpg,SH-FINE-JF-MOREAU-CHABLIS-2023-750,jf-moreau-chablis-2023
"C - draft, costed, needs photo",PHOTO,White,Cloudy Bay Chardonnay,70.99,48.09,,,,cloudy-bay-chardonnay-01.jpg,cloudy-bay-chardonnay-02.jpg,SH-FINE-CLOUDY-BAY-CHARDONNAY-750,cloudy-bay-chardonnay
"C - draft, costed, needs photo",PHOTO,Red,Hentley Farm Quint Shiraz,70.99,48.01,,,,hentley-farm-quint-shiraz-01.jpg,hentley-farm-quint-shiraz-02.jpg,SH-FINE-HENTLEY-FARM-QUINT-SHIRAZ-750,hentley-farm-quint-shiraz
"C - draft, costed, needs photo",PHOTO,Rose,Peyrassol Chateau Rose,70.99,48.01,,,,peyrassol-chateau-rose-01.jpg,peyrassol-chateau-rose-02.jpg,SH-FINE-PEYRASSOL-CHATEAU-ROSE-750,peyrassol-chateau-rose
"C - draft, costed, needs photo",PHOTO,White,Cape Mentelle Chardonnay Margaret River,69.99,47.06,,,,cape-mentelle-chardonnay-margaret-river-01.jpg,cape-mentelle-chardonnay-margaret-river-02.jpg,SH-FINE-CAPE-MENTELLE-CHARDONNAY-MARGARET-RIVER-750,cape-mentelle-chardonnay-margaret-river
"C - draft, costed, needs photo",PHOTO,Red,Cape Mentelle Zinfandel Margaret River,69.99,47.06,,,,cape-mentelle-zinfandel-margaret-river-01.jpg,cape-mentelle-zinfandel-margaret-river-02.jpg,SH-FINE-CAPE-MENTELLE-ZINFANDEL-MARGARET-RIVER-750,cape-mentelle-zinfandel-margaret-river
"C - draft, costed, needs photo",PHOTO,Red,Henschke Keyneton Estate,68.99,46.51,,,,henschke-keyneton-estate-01.jpg,henschke-keyneton-estate-02.jpg,SH-FINE-HENSCHKE-KEYNETON-ESTATE-750,henschke-keyneton-estate
"C - draft, costed, needs photo",PHOTO,Sparkling,House of Arras Brut Elite Rose,68.99,46.83,,,,house-of-arras-brut-elite-rose-01.jpg,house-of-arras-brut-elite-rose-02.jpg,SH-FINE-HOUSE-OF-ARRAS-BRUT-ELITE-ROSE-750,house-of-arras-brut-elite-rose
"C - draft, costed, needs photo",PHOTO,Red,Banfi DOCG Chianti Classico Riserva,67.99,46.12,,,,banfi-docg-chianti-classico-riserva-01.jpg,banfi-docg-chianti-classico-riserva-02.jpg,SH-FINE-BANFI-DOCG-CHIANTI-CLASSICO-RISERVA-750,banfi-docg-chianti-classico-riserva
"C - draft, costed, needs photo",PHOTO,White,Domaine Christian Salmon Sancerre Ac,67.99,46.12,,,,domaine-christian-salmon-sancerre-ac-01.jpg,domaine-christian-salmon-sancerre-ac-02.jpg,SH-FINE-DOMAINE-CHRISTIAN-SALMON-SANCERRE-AC-750,domaine-christian-salmon-sancerre-ac
"C - draft, costed, needs photo",PHOTO,White,Jf Moreau Petit Chablis 2023,67.99,46.12,,,,jf-moreau-petit-chablis-2023-01.jpg,jf-moreau-petit-chablis-2023-02.jpg,SH-FINE-JF-MOREAU-PETIT-CHABLIS-2023-750,jf-moreau-petit-chablis-2023
"C - draft, costed, needs photo",PHOTO,White,Laurent Habrard Crozes Hermitage Blanc Grand Classique,67.99,46.12,,,,laurent-habrard-crozes-hermitage-blanc-grand-classique-01.jpg,laurent-habrard-crozes-hermitage-blanc-grand-classique-02.jpg,SH-FINE-LAURENT-HABRARD-CROZES-HERMITAGE-BLANC-GRAND-CLASSIQUE-750,laurent-habrard-crozes-hermitage-blanc-grand-classique
"C - draft, costed, needs photo",PHOTO,Red,Maison Tramier & Fils Aop Chablis 2025,66.99,45.62,,,,maison-tramier-fils-aop-chablis-2025-01.jpg,maison-tramier-fils-aop-chablis-2025-02.jpg,SH-FINE-MAISON-TRAMIER-FILS-AOP-CHABLIS-2025-750,maison-tramier-fils-aop-chablis-2025
"C - draft, costed, needs photo",PHOTO,Red,Chiappini DOC Bolgheri Rosso Ferruggini,64.99,43.75,,,,chiappini-doc-bolgheri-rosso-ferruggini-01.jpg,chiappini-doc-bolgheri-rosso-ferruggini-02.jpg,SH-FINE-CHIAPPINI-DOC-BOLGHERI-ROSSO-FERRUGGINI-750,chiappini-doc-bolgheri-rosso-ferruggini
"C - draft, costed, needs photo",PHOTO,Red,Donne Fittipaldi Bolgheri Rosso,64.99,44.00,,,,donne-fittipaldi-bolgheri-rosso-01.jpg,donne-fittipaldi-bolgheri-rosso-02.jpg,SH-FINE-DONNE-FITTIPALDI-BOLGHERI-ROSSO-750,donne-fittipaldi-bolgheri-rosso
"C - draft, costed, needs photo",PHOTO,Red,Greywacke Pinot Noir Marlborough New Zealand,64.99,43.95,,,,greywacke-pinot-noir-marlborough-new-zealand-01.jpg,greywacke-pinot-noir-marlborough-new-zealand-02.jpg,SH-FINE-GREYWACKE-PINOT-NOIR-MARLBOROUGH-NEW-ZEALAND-750,greywacke-pinot-noir-marlborough-new-zealand
"C - draft, costed, needs photo",PHOTO,Red,Joseph Drouhin Laforet Bourgogne Pinot Noir,64.99,43.89,,,,joseph-drouhin-laforet-bourgogne-pinot-noir-01.jpg,joseph-drouhin-laforet-bourgogne-pinot-noir-02.jpg,SH-FINE-JOSEPH-DROUHIN-LAFORET-BOURGOGNE-PINOT-NOIR-750,joseph-drouhin-laforet-bourgogne-pinot-noir
"C - draft, costed, needs photo",PHOTO,Red,Cape Mentelle Wallcliffe Cabernet Franc,62.99,42.33,,,,cape-mentelle-wallcliffe-cabernet-franc-01.jpg,cape-mentelle-wallcliffe-cabernet-franc-02.jpg,SH-FINE-CAPE-MENTELLE-WALLCLIFFE-CABERNET-FRANC-750,cape-mentelle-wallcliffe-cabernet-franc
"C - draft, costed, needs photo",PHOTO,Red,Cape Mentelle Wallcliffe Sauvignon Blanc,62.99,42.33,,,,cape-mentelle-wallcliffe-sauvignon-blanc-01.jpg,cape-mentelle-wallcliffe-sauvignon-blanc-02.jpg,SH-FINE-CAPE-MENTELLE-WALLCLIFFE-SAUVIGNON-BLANC-750,cape-mentelle-wallcliffe-sauvignon-blanc
"C - draft, costed, needs photo",PHOTO,White,Cloudy Bay Sauvignon Blanc,62.99,42.94,,,,cloudy-bay-sauvignon-blanc-01.jpg,cloudy-bay-sauvignon-blanc-02.jpg,SH-FINE-CLOUDY-BAY-SAUVIGNON-BLANC-750,cloudy-bay-sauvignon-blanc
"C - draft, costed, needs photo",PHOTO,Red,Jim Barry McRae Shiraz,62.99,42.37,,,,jim-barry-mcrae-shiraz-01.jpg,jim-barry-mcrae-shiraz-02.jpg,SH-FINE-JIM-BARRY-MCRAE-SHIRAZ-750,jim-barry-mcrae-shiraz
"C - draft, costed, needs photo",PHOTO,White,Roland Tissier Sancerre,62.99,42.57,,,,roland-tissier-sancerre-01.jpg,roland-tissier-sancerre-02.jpg,SH-FINE-ROLAND-TISSIER-SANCERRE-750,roland-tissier-sancerre
"C - draft, costed, needs photo",PHOTO,Red,Villebois Sancerre Rouge,62.99,42.33,,,,villebois-sancerre-rouge-01.jpg,villebois-sancerre-rouge-02.jpg,SH-FINE-VILLEBOIS-SANCERRE-ROUGE-750,villebois-sancerre-rouge
"C - draft, costed, needs photo",PHOTO,White,Greywacke Chardonnay - Marlborough New Zealand,61.99,41.74,,,,greywacke-chardonnay-marlborough-new-zealand-01.jpg,greywacke-chardonnay-marlborough-new-zealand-02.jpg,SH-FINE-GREYWACKE-CHARDONNAY-MARLBOROUGH-NEW-ZEALAND-750,greywacke-chardonnay-marlborough-new-zealand
"C - draft, costed, needs photo",PHOTO,White,La Chablisienne Lapierele Chablis,61.99,41.86,,,,la-chablisienne-lapierele-chablis-01.jpg,la-chablisienne-lapierele-chablis-02.jpg,SH-FINE-LA-CHABLISIENNE-LAPIERELE-CHABLIS-750,la-chablisienne-lapierele-chablis
"C - draft, costed, needs photo",PHOTO,White,Laroche Petit Chablis 2023,61.99,41.95,,,,laroche-petit-chablis-2023-01.jpg,laroche-petit-chablis-2023-02.jpg,SH-FINE-LAROCHE-PETIT-CHABLIS-2023-750,laroche-petit-chablis-2023
"C - draft, costed, needs photo",PHOTO,White,Kilikanoon Mort's Reserve Riesling 2024,60.99,41.39,,,,kilikanoon-mort-s-reserve-riesling-2024-01.jpg,kilikanoon-mort-s-reserve-riesling-2024-02.jpg,SH-FINE-KILIKANOON-MORT-S-RESERVE-RIESLING-2024-750,kilikanoon-mort-s-reserve-riesling-2024
"C - draft, costed, needs photo",PHOTO,White,Shaw + Smith M3 Chardonnay,60.99,41.57,,,,shaw-smith-m3-chardonnay-01.jpg,shaw-smith-m3-chardonnay-02.jpg,SH-FINE-SHAW-SMITH-M3-CHARDONNAY-750,shaw-smith-m3-chardonnay
"C - draft, costed, needs photo",PHOTO,Red,Torbreck Struie,60.99,41.03,,,,torbreck-struie-01.jpg,torbreck-struie-02.jpg,SH-FINE-TORBRECK-STRUIE-750,torbreck-struie
"C - draft, costed, needs photo",PHOTO,Red,Vasse Felix Cabernet Sauvignon,57.99,39.07,,,,vasse-felix-cabernet-sauvignon-01.jpg,vasse-felix-cabernet-sauvignon-02.jpg,SH-FINE-VASSE-FELIX-CABERNET-SAUVIGNON-750,vasse-felix-cabernet-sauvignon
"C - draft, costed, needs photo",PHOTO,White,Greywacke Wild Sauvignon,56.99,38.50,,,,greywacke-wild-sauvignon-01.jpg,greywacke-wild-sauvignon-02.jpg,SH-FINE-GREYWACKE-WILD-SAUVIGNON-750,greywacke-wild-sauvignon
"C - draft, costed, needs photo",PHOTO,White,Joseph Drouhin Chablis,56.99,38.39,,,,joseph-drouhin-chablis-01.jpg,joseph-drouhin-chablis-02.jpg,SH-FINE-JOSEPH-DROUHIN-CHABLIS-750,joseph-drouhin-chablis
"C - draft, costed, needs photo",PHOTO,Red,Joseph Drouhin Laforet Bourgogne Chardonnay,56.99,38.39,,,,joseph-drouhin-laforet-bourgogne-chardonnay-01.jpg,joseph-drouhin-laforet-bourgogne-chardonnay-02.jpg,SH-FINE-JOSEPH-DROUHIN-LAFORET-BOURGOGNE-CHARDONNAY-750,joseph-drouhin-laforet-bourgogne-chardonnay
"C - draft, costed, needs photo",PHOTO,Red,Banfi DOCG Chianti Classico,53.99,36.66,,,,banfi-docg-chianti-classico-01.jpg,banfi-docg-chianti-classico-02.jpg,SH-FINE-BANFI-DOCG-CHIANTI-CLASSICO-750,banfi-docg-chianti-classico
"C - draft, costed, needs photo",PHOTO,Red,Joseph Drouhin Morgon,53.99,36.30,,,,joseph-drouhin-morgon-01.jpg,joseph-drouhin-morgon-02.jpg,SH-FINE-JOSEPH-DROUHIN-MORGON-750,joseph-drouhin-morgon
"C - draft, costed, needs photo",PHOTO,Red,Kilikanoon Covenant Shiraz,52.99,35.48,,,,kilikanoon-covenant-shiraz-01.jpg,kilikanoon-covenant-shiraz-02.jpg,SH-FINE-KILIKANOON-COVENANT-SHIRAZ-750,kilikanoon-covenant-shiraz
"C - draft, costed, needs photo",PHOTO,Red,Penfolds Bin 28 Shiraz,52.99,36.10,,,,penfolds-bin-28-shiraz-01.jpg,penfolds-bin-28-shiraz-02.jpg,SH-FINE-PENFOLDS-BIN-28-SHIRAZ-750,penfolds-bin-28-shiraz
"C - draft, costed, needs photo",PHOTO,Red,Poggio Al Tesoro Solosole Vermentino Bolgheri DOC - Tuscany Italy,52.99,35.48,,,,poggio-al-tesoro-solosole-vermentino-bolgheri-doc-tuscany-italy-01.jpg,poggio-al-tesoro-solosole-vermentino-bolgheri-doc-tuscany-italy-02.jpg,SH-FINE-POGGIO-AL-TESORO-SOLOSOLE-VERMENTINO-BOLGHERI-DOC-TUSCANY-ITALY-750,poggio-al-tesoro-solosole-vermentino-bolgheri-doc-tuscany-italy
"C - draft, costed, needs photo",PHOTO,Red,Poggio dei Salici Chianti Classico DOCG,52.99,35.48,,,,poggio-dei-salici-chianti-classico-docg-01.jpg,poggio-dei-salici-chianti-classico-docg-02.jpg,SH-FINE-POGGIO-DEI-SALICI-CHIANTI-CLASSICO-DOCG-750,poggio-dei-salici-chianti-classico-docg
"C - draft, costed, needs photo",PHOTO,Red,Katnook Estate Merlot,51.99,34.91,,,,katnook-estate-merlot-01.jpg,katnook-estate-merlot-02.jpg,SH-FINE-KATNOOK-ESTATE-MERLOT-750,katnook-estate-merlot
"C - draft, costed, needs photo",PHOTO,White,Shaw + Smith Sauvignon Blanc,29.99,25.27,,,,shaw-smith-sauvignon-blanc-01.jpg,shaw-smith-sauvignon-blanc-02.jpg,SH-FINE-SHAW-SMITH-SAUVIGNON-BLANC-750,shaw-smith-sauvignon-blanc
"C - draft, costed, needs photo",PHOTO,Rose,Turkey Flat Rosé,26.99,23.07,,,,turkey-flat-rose-01.jpg,turkey-flat-rose-02.jpg,SH-FINE-TURKEY-FLAT-ROSE-750,turkey-flat-rose
"C - draft, costed, needs photo",PHOTO,White,Chrismont La Zona Pinot Grigio,20.99,17.74,,,,chrismont-la-zona-pinot-grigio-01.jpg,chrismont-la-zona-pinot-grigio-02.jpg,SH-FINE-CHRISMONT-LA-ZONA-PINOT-GRIGIO-750,chrismont-la-zona-pinot-grigio
"C - draft, costed, needs photo",PHOTO,Sparkling,Dal Zotto Pucino Prosecco,19.99,16.60,,,,dal-zotto-pucino-prosecco-01.jpg,dal-zotto-pucino-prosecco-02.jpg,SH-FINE-DAL-ZOTTO-PUCINO-PROSECCO-750,dal-zotto-pucino-prosecco
