Title,Cost,Old price,New price,Change,New GP% (ex-GST)
Penfolds Grange,824.59,1099.99,1209.99,+110.00,25.0
Krug Vintage,670.07,893.99,982.99,+89.00,25.0
Dom Perignon Rose,662.31,883.99,971.99,+88.00,25.0
San Polo Brunello di Montalcino DOCG Vignavecchia 2017 Sangiovese Tuscany Italy,550.00,733.99,806.99,+73.00,25.0
Perrier-Jouet Belle Epoque Blanc de Blanc,451.56,602.99,662.99,+60.00,25.1
Krug Grande Cuvée,402.46,536.99,590.99,+54.00,25.1
Moët & Chandon Dom Pérignon,402.66,536.99,590.99,+54.00,25.1
Champagne Deutz Amour de Deutz Brut Millesime 2011,319.84,426.99,469.99,+43.00,25.1
Veuve Clicquot La Grande Dame,311.14,414.99,456.99,+42.00,25.1
Brokenwood Graveyard Shiraz,301.54,402.99,442.99,+40.00,25.1
Poggio Al Tesoro Dedicato A Walter Bolgheri Superiore DOC Tuscany Italy,275.00,366.99,403.99,+37.00,25.1
Bollinger La Grande Année,269.61,359.99,395.99,+36.00,25.1
Joseph Drouhin Gevrey Chambertin,259.68,346.99,380.99,+34.00,25.0
Kaesler Old Bastard Shiraz,249.98,333.99,366.99,+33.00,25.1
Château d'Esclans Garrus,230.20,306.99,337.99,+31.00,25.1
Lacourte-Godbillon Mont Ames-Migreats Premier Cru (Pinot Noir) - Champagne France,212.30,283.99,311.99,+28.00,25.1
Kilikanoon Attunga 1865 Shiraz 2016,206.94,275.99,303.99,+28.00,25.1
Hentley Farm Clos Otto Shiraz,205.75,274.99,301.99,+27.00,25.1
Maison Tramier & Fils Corton Grand Cru Pinot Noir 2016,188.55,251.99,276.99,+25.00,25.1
House of Arras EJ Carr Late Disgorged,185.89,247.99,272.99,+25.00,25.1
Ruinart Rose Second Skin,182.35,243.99,267.99,+24.00,25.2
Bollinger Pinot Noir Tx20 Blanc de Noirs Champagne,176.19,234.99,258.99,+24.00,25.2
Ruinart Blanc de Blanc SS,174.82,233.99,256.99,+23.00,25.2
San Polo Brunello di Montalcino Riserva DOCG 2012 Sangiovese Tuscany Italy,174.90,233.99,256.99,+23.00,25.1
Maison Tramier & Fils Vosne-Romanee Pinot Noir 2020,172.67,230.99,253.99,+23.00,25.2
Grant Burge Meshach Shiraz V19,171.36,228.99,251.99,+23.00,25.2
Billecart-Salmon Brut Rosé,162.79,217.99,238.99,+21.00,25.1
Billecart Salmon Brut Sous Bois,162.79,217.99,238.99,+21.00,25.1
Veuve Clicquot Rose Reserve,147.04,196.99,215.99,+19.00,25.1
Tenuta Meraviglia Rosso Bolgheri Superiore 2018,143.79,191.99,210.99,+19.00,25.0
Bollinger Rose NV,134.81,179.99,197.99,+18.00,25.1
Dow's 30 Year Old Tawny Port,133.97,178.99,196.99,+18.00,25.2
Marziano Abbona DOCG Barolo,130.90,174.99,191.99,+17.00,25.0
Fontanafredda Vigna la Rosa Barolo DOCG Italy,130.28,173.99,191.99,+18.00,25.4
Champagne Deutz Brut Rose NV,126.81,169.99,185.99,+16.00,25.0
Wynns Riddoch Cabernet Sauvignon,125.89,167.99,184.99,+17.00,25.1
R de Ruinart Brut,125.44,167.99,183.99,+16.00,25.0
Collet Vintage 2014,122.98,163.99,180.99,+17.00,25.3
Donne Fittipaldi Malaroja Malbec Super Tuscan,119.90,159.99,175.99,+16.00,25.1
Moët & Chandon Vintage,117.57,156.99,172.99,+16.00,25.2
Fontanafredda Barolo Proprieta DOCG Italy,115.80,154.99,169.99,+15.00,25.1
Petaluma Anova Cabernet Sauvignon,113.52,151.99,166.99,+15.00,25.2
Petaluma Anova Chardonnay,113.52,151.99,166.99,+15.00,25.2
Lacourte-Godbillon Rose Premier Cru (Pinot Noir) - Champagne France,112.20,149.99,164.99,+15.00,25.2
Cloudy Bay Te Wahi,111.21,148.99,163.99,+15.00,25.4
Eileen Hardy Shiraz V20,111.15,148.99,163.99,+15.00,25.4
First Drop Fat Of the Land Seppeltsfield Shiraz 2021,106.42,141.99,156.99,+15.00,25.4
Piombaia DOCG Brunello di Montalcino,105.24,140.99,154.99,+14.00,25.3
Champagne Deutz Brut Rose,104.56,139.99,153.99,+14.00,25.3
Hardys Eileen Hardy Chardonnay V21,104.06,138.99,152.99,+14.00,25.2
Eileen Hardy Pinot Noir V21,102.88,137.99,150.99,+13.00,25.0
Giboulot Beaune Clos du Roi 1er Cru,102.88,137.99,150.99,+13.00,25.0
Penfolds St Henri Shiraz,101.65,135.99,149.99,+14.00,25.5
Pol Roger Brut Non Vintage,102.21,136.99,149.99,+13.00,25.0
Poggio Landi Brunello di Montalcino DOCG 2018,98.86,131.99,145.99,+14.00,25.5
Cape Mentelle Heritage Cabernet Margaret River,97.91,130.99,143.99,+13.00,25.2
Collet Rose,98.15,130.99,143.99,+13.00,25.0
Cape Mentelle Heritage Chardonnay Margaret River,97.91,130.99,143.99,+13.00,25.2
Champagne Laurent-Perrier la Cuvee,97.46,129.99,142.99,+13.00,25.0
Xanadu Reserve Cabernet Sauvignon,96.96,129.99,142.99,+13.00,25.4
Albert Bichot Gevrey Chambertin,94.36,125.99,138.99,+13.00,25.3
San Polo Brunello di Montalcino DOCG Sangiovese Tuscany Italy 2017,93.50,124.99,137.99,+13.00,25.5
House of Arras Vintage Rose,93.89,125.99,137.99,+12.00,25.2
House of Arras Vintage Blanc de Blancs,93.89,125.99,137.99,+12.00,25.2
Collet Art Deco Brut NV,92.23,122.99,135.99,+13.00,25.4
Giovanni Rosso Barolo Serralunga d'Alba del Comune,92.36,123.99,135.99,+12.00,25.3
Jf Moreau Premier Cru Mont de Milieu 2021,91.64,122.99,134.99,+12.00,25.3
Marziano Abbona Barbaresco DOCG,91.30,121.99,133.99,+12.00,25.0
Xanadu Reserve Chardonnay,90.34,120.99,132.99,+12.00,25.3
Oakridge 864 Chardonnay,86.09,114.99,126.99,+12.00,25.4
Moët & Chandon Rosé,86.37,115.99,126.99,+11.00,25.2
Taittinger NV Brut,85.91,114.99,126.99,+12.00,25.6
Ayala Brut Majeur NV,86.56,115.99,126.99,+11.00,25.0
Oakridge 864 Henk Chardonnay,86.09,114.99,126.99,+12.00,25.4
Diego Rivetti Barolo Elda 2022,85.80,114.99,125.99,+11.00,25.1
Jean Michel Giboulot Savigny Les Beaune Aux Fournaux 1er Cru 2018,84.43,112.99,123.99,+11.00,25.1
Piazzo Barbaresco Pajore DOCG 2021,83.96,111.99,123.99,+12.00,25.5
Chateau de Maligny Chablis Vieilles Vignes 2025,84.18,112.99,123.99,+11.00,25.3
Seppeltsfield Para 21 Year Old Tawny,81.38,108.99,119.99,+11.00,25.4
Petaluma Yellow Label Cabernet Merlot,81.36,108.99,119.99,+11.00,25.4
Chateau de Maligny Chablis Carre de Cesar 2025,79.92,106.99,117.99,+11.00,25.5
Tar & Roses Local Hero Barolo,79.48,105.99,116.99,+11.00,25.3
Xanadu Stevens Road Cabernet Sauvignon,76.86,102.99,112.99,+10.00,25.2
Penfolds Grandfather Rare Tawny,75.49,100.99,110.99,+10.00,25.2
Beaurenard Chateau Blanc Chateauneuf du Pape,74.02,98.99,108.99,+10.00,25.3
Cloudy Bay Te Koko,73.54,98.99,107.99,+9.00,25.1
Kilikanoon Tregea Cabernet Sauvignon 2018,73.31,97.99,107.99,+10.00,25.3
Oakridge 864 Cabernet Sauvignon Winery Block,72.37,96.99,106.99,+10.00,25.6
Oakridge 864 Pinot Noir Block A4,72.37,96.99,106.99,+10.00,25.6
Oakridge 864 Syrah,72.37,96.99,106.99,+10.00,25.6
Xanadu Stevens Road Chardonnay,70.24,93.99,103.99,+10.00,25.7
Farina Amarone della Valpolicella Classico DOCG Veneto Italy,69.30,92.99,101.99,+9.00,25.3
Fontanafredda Serralunga d'Alba Barolo DOCG Italy,67.55,90.99,99.99,+9.00,25.7
Vignoble Dauny Sancerre Rouge Pynoz 2024,65.73,87.99,96.99,+9.00,25.5
Millebuis Bourgogne Montagny Premier Cru 2022,64.67,86.99,94.99,+8.00,25.1
Seppeltsfield Para Rare Tawny NV 15 Year Old,62.77,83.99,92.99,+9.00,25.7
Villebois Sancerre Blanc Marne,62.44,83.99,91.99,+8.00,25.3
Tenuta Meraviglia Rosso Bolgheri DOC 2020,61.96,82.99,90.99,+8.00,25.1
Donne Fittipaldi Bolgheri Tuscany 2022,61.49,81.99,90.99,+9.00,25.7
Chateau d'Esclans Rock Angel,60.65,80.99,88.99,+8.00,25.0
Vignoble Dauny AOC Sancerre Blanc Les Caillottes 2025,60.06,80.99,88.99,+8.00,25.8
Piazzo Barolo Valente DOCG 2020,59.72,79.99,87.99,+8.00,25.3
Petaluma Yellow Label Chardonnay,59.56,79.99,87.99,+8.00,25.5
Casali del Barone Barolo 2020,57.94,77.99,84.99,+7.00,25.0
Piazzo Barbaresco Arge DOCG 2021,56.76,75.99,83.99,+8.00,25.7
Cloudy Bay Pinot Noir,54.94,73.99,80.99,+7.00,25.4
Chateau de Maligny Petit Chablis 2023,53.32,71.99,78.99,+7.00,25.7
Dow's Colheita Tawny Port Portugal,52.77,70.99,77.99,+7.00,25.6
Yalumba Signature Cabernet Shiraz,52.57,70.99,77.99,+7.00,25.9
Petaluma Yellow Label Shiraz,52.03,69.99,76.99,+7.00,25.7
Laroche Chablis St Martin,52.43,69.99,76.99,+7.00,25.1
Chateau Galeteau Cuvee Eleonore Saint Emilion Grand Cru 2022,51.32,68.99,75.99,+7.00,25.7
Patrick Piuze 2023 Petit Chablis,51.54,68.99,75.99,+7.00,25.4
Minuty Rosé et Or,50.61,67.99,74.99,+7.00,25.8
Podere Casanova DOCG Chianti Classico,50.85,67.99,74.99,+7.00,25.4
Jf Moreau Chablis 2023,50.26,67.99,73.99,+6.00,25.3
Hentley Farm Quint Shiraz,48.01,64.99,70.99,+6.00,25.6
Peyrassol Chateau Rose,48.01,64.99,70.99,+6.00,25.6
Cloudy Bay Chardonnay,48.09,64.99,70.99,+6.00,25.5
Cape Mentelle Zinfandel Margaret River,47.06,62.99,69.99,+7.00,26.0
Cape Mentelle Chardonnay Margaret River,47.06,62.99,69.99,+7.00,26.0
Henschke Keyneton Estate,46.51,62.99,68.99,+6.00,25.8
House of Arras Brut Elite Rose,46.83,62.99,68.99,+6.00,25.3
Banfi DOCG Chianti Classico Riserva,46.12,61.99,67.99,+6.00,25.4
Jf Moreau Petit Chablis 2023,46.12,61.99,67.99,+6.00,25.4
Domaine Christian Salmon Sancerre Ac,46.12,61.99,67.99,+6.00,25.4
Laurent Habrard Crozes Hermitage Blanc Grand Classique,46.12,61.99,67.99,+6.00,25.4
Maison Tramier & Fils Aop Chablis 2025,45.62,60.99,66.99,+6.00,25.1
Donne Fittipaldi Bolgheri Rosso,44.00,58.99,64.99,+6.00,25.5
Greywacke Pinot Noir Marlborough New Zealand,43.95,58.99,64.99,+6.00,25.6
Joseph Drouhin Laforet Bourgogne Pinot Noir,43.89,58.99,64.99,+6.00,25.7
Chiappini DOC Bolgheri Rosso Ferruggini,43.75,58.99,64.99,+6.00,26.0
Cloudy Bay Sauvignon Blanc,42.94,57.99,62.99,+5.00,25.0
Jim Barry McRae Shiraz,42.37,56.99,62.99,+6.00,26.0
Cape Mentelle Wallcliffe Cabernet Franc,42.33,56.99,62.99,+6.00,26.1
Villebois Sancerre Rouge,42.33,56.99,62.99,+6.00,26.1
Roland Tissier Sancerre,42.57,56.99,62.99,+6.00,25.7
Cape Mentelle Wallcliffe Sauvignon Blanc,42.33,56.99,62.99,+6.00,26.1
Laroche Petit Chablis 2023,41.95,55.99,61.99,+6.00,25.6
La Chablisienne Lapierele Chablis,41.86,55.99,61.99,+6.00,25.7
Greywacke Chardonnay - Marlborough New Zealand,41.74,55.99,61.99,+6.00,25.9
Shaw + Smith M3 Chardonnay,41.57,55.99,60.99,+5.00,25.0
Torbreck Struie,41.03,54.99,60.99,+6.00,26.0
Kilikanoon Mort's Reserve Riesling 2024,41.39,55.99,60.99,+5.00,25.4
Vasse Felix Cabernet Sauvignon,39.07,52.99,57.99,+5.00,25.9
Greywacke Wild Sauvignon,38.50,51.99,56.99,+5.00,25.7
Joseph Drouhin Laforet Bourgogne Chardonnay,38.39,51.99,56.99,+5.00,25.9
Joseph Drouhin Chablis,38.39,51.99,56.99,+5.00,25.9
Banfi DOCG Chianti Classico,36.66,48.99,53.99,+5.00,25.3
Joseph Drouhin Morgon,36.30,48.99,53.99,+5.00,26.0
Penfolds Bin 28 Shiraz,36.10,48.99,52.99,+4.00,25.1
Poggio dei Salici Chianti Classico DOCG,35.48,47.99,52.99,+5.00,26.3
Kilikanoon Covenant Shiraz,35.48,47.99,52.99,+5.00,26.3
Poggio Al Tesoro Solosole Vermentino Bolgheri DOC - Tuscany Italy,35.48,47.99,52.99,+5.00,26.3
Katnook Estate Merlot,34.91,46.99,51.99,+5.00,26.1
