#,Priority,Done? (y/n),Status,Category,Segment,ALM rank,Product,FILENAME 01 (front - required),FILENAME 02 (back label - optional),Price,Cost ex GST,Barcode,ALM item code,Supplier,Why this priority
1,P1,,TO ADD,Spirits,RUM WHITE,1,Bacardi Carta Blanca 1L,bacardi-carta-blanca-1l-01.jpg,bacardi-carta-blanca-1l-02.jpg,106.99,72.28,5010677015806,367517,,ALM top-3 in its segment - proven volume
2,P1,,TO ADD,Wine,SPARKLING CHAMPAGNE,1,Moet Chandon Brut NV 750mL,moet-chandon-brut-nv-750ml-01.jpg,moet-chandon-brut-nv-750ml-02.jpg,99.99,67.94,3185370729960,535518,MOET HENNESSY AUSTRALIA,ALM top-3 in its segment - proven volume
3,P1,,TO ADD,Spirits,GIN,1,Gordons Gin 1L,gordons-gin-1l-01.jpg,gordons-gin-1l-02.jpg,92.99,63.03,9310495067664,534274,,ALM top-3 in its segment - proven volume
4,P1,,TO ADD,Spirits,RUM DARK,1,Bundaberg Rum Up 1L,bundaberg-rum-up-1l-01.jpg,bundaberg-rum-up-1l-02.jpg,92.99,63.02,9311866008705,656322,,ALM top-3 in its segment - proven volume
5,P1,,TO ADD,Spirits,RUM GOLD,1,Captain Morgan Spiced Gold 1L,captain-morgan-spiced-gold-1l-01.jpg,captain-morgan-spiced-gold-1l-02.jpg,92.99,62.98,5000281039558,417448,,ALM top-3 in its segment - proven volume
6,P1,,TO ADD,Spirits,SCOTCH,1,Johnnie Walker Red Label 1L,johnnie-walker-red-label-1l-01.jpg,johnnie-walker-red-label-1l-02.jpg,92.99,62.93,5000267099026,995938,,ALM top-3 in its segment - proven volume
7,P1,,TO ADD,Spirits,VODKA,1,Smirnoff Vodka Red 37% 1L,smirnoff-vodka-red-37-1l-01.jpg,smirnoff-vodka-red-37-1l-02.jpg,88.99,60.30,9310495084081,19559,,ALM top-3 in its segment - proven volume
8,P1,,TO ADD,Spirits,BOURBON,1,Jim Beam White Label Bourbon 37% 1L,jim-beam-white-label-bourbon-37-1l-01.jpg,jim-beam-white-label-bourbon-37-1l-02.jpg,86.99,59.01,5010278101311,802083,,ALM top-3 in its segment - proven volume
9,P1,,TO ADD,Spirits,WHISKEY,1,Jameson Irish Whisky 700mL,jameson-irish-whisky-700ml-01.jpg,jameson-irish-whisky-700ml-02.jpg,77.99,52.65,5011007003005,558299,,ALM top-3 in its segment - proven volume
10,P1,,TO ADD,Spirits,OTHER SPIRITS,1,Aperol Aperitif 700mL,aperol-aperitif-700ml-01.jpg,aperol-aperitif-700ml-02.jpg,40.99,27.44,8002230000302,526226,,ALM top-3 in its segment - proven volume
11,P1,,TO ADD,Wine,STILL RED,1,Pepperjack Shiraz 750mL,pepperjack-shiraz-750ml-01.jpg,pepperjack-shiraz-750ml-02.jpg,24.99,16.76,9300770003272,797013,TREASURY WINE ESTATES,ALM top-3 in its segment - proven volume
12,P1,,TO ADD,Wine,STILL WHITE,1,Oyster Bay Sauvignon Blanc 750mL,oyster-bay-sauvignon-blanc-750ml-01.jpg,oyster-bay-sauvignon-blanc-750ml-02.jpg,22.99,15.42,9415549802601,797592,DELEGAT AUSTRALIA PTY LTD,ALM top-3 in its segment - proven volume
13,P1,,TO ADD,Wine,WINE SPARKLING WHITE,1,De Bortoli K/V Prosecco 750mL,de-bortoli-k-v-prosecco-750ml-01.jpg,de-bortoli-k-v-prosecco-750ml-02.jpg,18.99,12.30,9300752220949,450909,DE BORTOLI WINES PTY LIMI,ALM top-3 in its segment - proven volume
14,P1,,TO ADD,Wine,MOSCATO,1,Brown Brothers Moscato 750mL,brown-brothers-moscato-750ml-01.jpg,brown-brothers-moscato-750ml-02.jpg,17.99,11.69,0029147139985,552578,BROWN FAMILY WINE GROUP,ALM top-3 in its segment - proven volume
15,P1,,TO ADD,Wine,SPARKLING RED,1,A/Garrett NV Sparkling Shiraz 750mL,a-garrett-nv-sparkling-shiraz-750ml-01.jpg,a-garrett-nv-sparkling-shiraz-750ml-02.jpg,16.99,11.15,9315212006834,515513,VOK BEVERAGES - WINES,ALM top-3 in its segment - proven volume
16,P1,,TO ADD,Wine,WINE OTHER,1,Divas Vkat 700mL,divas-vkat-700ml-01.jpg,divas-vkat-700ml-02.jpg,13.99,9.49,9331772900047,561205,DIVAS BEVERAGES AUSTRALIA,ALM top-3 in its segment - proven volume
17,P1,,TO ADD,Wine,SPARKLING ROSE,1,Yellowglen Pink Sparkling Rosé 750mL,yellowglen-pink-sparkling-rose-750ml-01.jpg,yellowglen-pink-sparkling-rose-750ml-02.jpg,10.99,7.17,9300770050726,792225,TREASURY WINE ESTATES,ALM top-3 in its segment - proven volume
18,P1,,TO ADD,Rtds,RTD'S,1,Bundaberg Up and Cola 4.6% Cube 375mL,bundaberg-up-and-cola-4-6-cube-375ml-01.jpg,bundaberg-up-and-cola-4-6-cube-375ml-02.jpg,,91.88,9310495075249,552086,,"ALM top-3 in its segment - proven volume | MULTIPACK - cost is per carton/cube, price to set by hand"
19,P1,,TO ADD,Spirits,BOURBON,2,Jack Daniel's Black Label 1L,jack-daniel-s-black-label-1l-01.jpg,jack-daniel-s-black-label-1l-02.jpg,108.99,74.15,0082184045367,561145,,ALM top-3 in its segment - proven volume
20,P1,,TO ADD,Spirits,TEQUILA,2,Espolon Tequila Blanco 700mL,espolon-tequila-blanco-700ml-01.jpg,espolon-tequila-blanco-700ml-02.jpg,83.99,57.16,0664804000934,574533,,ALM top-3 in its segment - proven volume
21,P1,,TO ADD,Wine,SPARKLING CHAMPAGNE,2,Mumm Cord Rouge NV Champ 750mL,mumm-cord-rouge-nv-champ-750ml-01.jpg,mumm-cord-rouge-nv-champ-750ml-02.jpg,81.99,55.46,3043700103814,535704,PERNOD RICARD AUST P/L,ALM top-3 in its segment - proven volume
22,P1,,TO ADD,Spirits,SCOTCH,2,Chivas Regal Scotch 12YO 700mL,chivas-regal-scotch-12yo-700ml-01.jpg,chivas-regal-scotch-12yo-700ml-02.jpg,76.99,52.49,0080432402931,557099,,ALM top-3 in its segment - proven volume
23,P1,,TO ADD,Rtds,RTD'S,2,Jack Daniel's and Cola 10 pack 375mL,jack-daniel-s-and-cola-10-pack-375ml-01.jpg,jack-daniel-s-and-cola-10-pack-375ml-02.jpg,71.99,48.82,9310733301321,511349,,ALM top-3 in its segment - proven volume
24,P1,,TO ADD,Spirits,RUM GOLD,2,Captain Morgan Spice Gold Au 700mL,captain-morgan-spice-gold-au-700ml-01.jpg,captain-morgan-spice-gold-au-700ml-02.jpg,66.99,45.12,5000281037011,363369,,ALM top-3 in its segment - proven volume
25,P1,,TO ADD,Spirits,RUM DARK,2,Bundaberg Rum Up 700mL,bundaberg-rum-up-700ml-01.jpg,bundaberg-rum-up-700ml-02.jpg,64.99,44.13,9311866005049,523587,,ALM top-3 in its segment - proven volume
26,P1,,TO ADD,Wine,WINE SPARKLING WHITE,2,Brown Brothers Prosecco NV 750mL,brown-brothers-prosecco-nv-750ml-01.jpg,brown-brothers-prosecco-nv-750ml-02.jpg,19.99,13.07,0029147360952,524376,BROWN FAMILY WINE GROUP,ALM top-3 in its segment - proven volume
27,P1,,TO ADD,Spirits,OTHER SPIRITS,2,St Agnes VS Brandy 150mL,st-agnes-vs-brandy-150ml-01.jpg,st-agnes-vs-brandy-150ml-02.jpg,15.99,10.46,93694117,582976,,ALM top-3 in its segment - proven volume
28,P1,,TO ADD,Wine,MOSCATO,2,Banrock Station Moscato S/ 1L,banrock-station-moscato-s-1l-01.jpg,banrock-station-moscato-s-1l-02.jpg,11.99,8.02,9311043766282,666445,VINARCHY AUSTRALIA,ALM top-3 in its segment - proven volume
29,P1,,TO ADD,Wine,SPARKLING ROSE,2,Yellowtail Bubbles Rosé 750mL,yellowtail-bubbles-rose-750ml-01.jpg,yellowtail-bubbles-rose-750ml-02.jpg,10.99,7.35,9322214011209,654663,CASELLA WINES PTY LTD,ALM top-3 in its segment - proven volume
30,P1,,TO ADD,Wine,STILL WHITE,2,Hardys Vr Sauvignon Blanc 1L,hardys-vr-sauvignon-blanc-1l-01.jpg,hardys-vr-sauvignon-blanc-1l-02.jpg,10.99,6.91,9311043090486,539224,VINARCHY AUSTRALIA,ALM top-3 in its segment - proven volume
31,P1,,TO ADD,Wine,WINE OTHER,2,De Bortoli S/Hil Tawny 750mL,de-bortoli-s-hil-tawny-750ml-01.jpg,de-bortoli-s-hil-tawny-750ml-02.jpg,7.99,5.29,9300752020181,515869,DE BORTOLI WINES PTY LIMI,ALM top-3 in its segment - proven volume
32,P1,,TO ADD,Wine,SPARKLING CHAMPAGNE,3,Veuve/ Yellow NV 750mL,veuve-yellow-nv-750ml-01.jpg,veuve-yellow-nv-750ml-02.jpg,118.99,80.64,3049614222245,536946,MOET HENNESSY AUSTRALIA,ALM top-3 in its segment - proven volume
33,P1,,TO ADD,Spirits,WHISKEY,3,Jameson Irish Whisky 1L,jameson-irish-whisky-1l-01.jpg,jameson-irish-whisky-1l-02.jpg,101.99,69.39,5011007003227,590314,,ALM top-3 in its segment - proven volume
34,P1,,TO ADD,Spirits,RUM DARK,3,Kraken Black Spiced Rum 700mL,kraken-black-spiced-rum-700ml-01.jpg,kraken-black-spiced-rum-700ml-02.jpg,82.99,56.04,0811538013055,558430,,ALM top-3 in its segment - proven volume
35,P1,,TO ADD,Spirits,TEQUILA,3,Olmeca Altos Plata 700mL,olmeca-altos-plata-700ml-01.jpg,olmeca-altos-plata-700ml-02.jpg,80.99,54.74,7501003698636,97609,,ALM top-3 in its segment - proven volume
36,P1,,TO ADD,Spirits,BOURBON,3,Jack Daniel's Black Label 700mL,jack-daniel-s-black-label-700ml-01.jpg,jack-daniel-s-black-label-700ml-02.jpg,76.99,52.14,0082184045954,568595,,ALM top-3 in its segment - proven volume
37,P1,,TO ADD,Spirits,RUM GOLD,3,Sailor Jerry Spiced Rum 700mL,sailor-jerry-spiced-rum-700ml-01.jpg,sailor-jerry-spiced-rum-700ml-02.jpg,68.99,46.61,5010327405223,563511,,ALM top-3 in its segment - proven volume
38,P1,,TO ADD,Spirits,SCOTCH,3,Johnnie Walker Red Label 700mL,johnnie-walker-red-label-700ml-01.jpg,johnnie-walker-red-label-700ml-02.jpg,65.99,44.82,5000267014203,566666,,ALM top-3 in its segment - proven volume
39,P1,,TO ADD,Spirits,VODKA,3,Smirnoff Vodka Red 37% 700mL,smirnoff-vodka-red-37-700ml-01.jpg,smirnoff-vodka-red-37-700ml-02.jpg,63.99,43.19,9310495084067,19486,,ALM top-3 in its segment - proven volume
40,P1,,TO ADD,Spirits,OTHER SPIRITS,3,Campari Aperitif Nupk 700mL,campari-aperitif-nupk-700ml-01.jpg,campari-aperitif-nupk-700ml-02.jpg,61.99,41.81,8000040001106,549334,,ALM top-3 in its segment - proven volume
41,P1,,TO ADD,Wine,STILL WHITE,3,Squealing Pig Sauvignon Blanc 750mL,squealing-pig-sauvignon-blanc-750ml-01.jpg,squealing-pig-sauvignon-blanc-750ml-02.jpg,19.99,13.24,9415305127092,508744,TREASURY WINE ESTATES,ALM top-3 in its segment - proven volume
42,P1,,TO ADD,Wine,MOSCATO,3,Brown Brothers Moscato Rosé 750mL,brown-brothers-moscato-rose-750ml-01.jpg,brown-brothers-moscato-rose-750ml-02.jpg,17.99,11.69,0029147139992,570071,BROWN FAMILY WINE GROUP,ALM top-3 in its segment - proven volume
43,P1,,TO ADD,Wine,WINE SPARKLING WHITE,3,Jacobs Ck Chardonnay Pinot 750mL,jacobs-ck-chardonnay-pinot-750ml-01.jpg,jacobs-ck-chardonnay-pinot-750ml-02.jpg,11.99,7.53,9311043403309,553304,VINARCHY AUSTRALIA,ALM top-3 in its segment - proven volume
44,P1,,TO ADD,Wine,SPARKLING RED,3,Yellowglen Red 750mL,yellowglen-red-750ml-01.jpg,yellowglen-red-750ml-02.jpg,10.99,7.17,9300770050153,770786,TREASURY WINE ESTATES,ALM top-3 in its segment - proven volume
45,P1,,TO ADD,Wine,SPARKLING ROSE,3,Yellowglen Pink 65 NV 750mL,yellowglen-pink-65-nv-750ml-01.jpg,yellowglen-pink-65-nv-750ml-02.jpg,10.99,7.17,9300770002749,574850,TREASURY WINE ESTATES,ALM top-3 in its segment - proven volume
46,P1,,TO ADD,Wine,STILL RED,3,Hardys Vr Shiraz 1L,hardys-vr-shiraz-1l-01.jpg,hardys-vr-shiraz-1l-02.jpg,10.99,6.91,9311043090479,535267,VINARCHY AUSTRALIA,ALM top-3 in its segment - proven volume
47,P1,,TO ADD,Wine,WINE OTHER,3,Wolf Blass Red Label Twny Prt 750mL,wolf-blass-red-label-twny-prt-750ml-01.jpg,wolf-blass-red-label-twny-prt-750ml-02.jpg,8.99,6.05,9312088000164,506307,TREASURY WINE ESTATES,ALM top-3 in its segment - proven volume
48,P1,,TO ADD,Spirits,RUM WHITE,3,Bacardi Carta Blanca 1L,bacardi-carta-blanca-1l-788292-01.jpg,bacardi-carta-blanca-1l-788292-02.jpg,,,,788292,,ALM top-3 in its segment - proven volume
49,P1,,TO ADD,Rtds,RTD'S,3,Jim Beam&Cola 4.8% Cube 375mL,jim-beam-cola-4-8-cube-375ml-01.jpg,jim-beam-cola-4-8-cube-375ml-02.jpg,,89.83,9300624029472,42167,,"ALM top-3 in its segment - proven volume | MULTIPACK - cost is per carton/cube, price to set by hand"
50,P2,,EXISTING DRAFT,Wine,,,San Polo Brunello di Montalcino DOCG Vignavecchia 2017 Sangiovese Tuscany Italy,san-polo-brunello-di-montalcino-docg-vignavecchia-2017-sangiovese-tuscany-italy-01.jpg,san-polo-brunello-di-montalcino-docg-vignavecchia-2017-sangiovese-tuscany-italy-02.jpg,806.99,550.00,,,,costed and priced already - the image is the only thing stopping it going live
51,P2,,EXISTING DRAFT,Wine,,,Perrier-Jouet Belle Epoque Blanc de Blanc,perrier-jouet-belle-epoque-blanc-de-blanc-01.jpg,perrier-jouet-belle-epoque-blanc-de-blanc-02.jpg,662.99,451.56,,,,costed and priced already - the image is the only thing stopping it going live
52,P2,,EXISTING DRAFT,Wine,,,Champagne Deutz Amour de Deutz Brut Millesime 2011,champagne-deutz-amour-de-deutz-brut-millesime-2011-01.jpg,champagne-deutz-amour-de-deutz-brut-millesime-2011-02.jpg,469.99,319.84,,,,costed and priced already - the image is the only thing stopping it going live
53,P2,,EXISTING DRAFT,Wine,,,Brokenwood Graveyard Shiraz,brokenwood-graveyard-shiraz-01.jpg,brokenwood-graveyard-shiraz-02.jpg,442.99,301.54,,,,costed and priced already - the image is the only thing stopping it going live
54,P2,,EXISTING DRAFT,Wine,,,Poggio Al Tesoro Dedicato A Walter Bolgheri Superiore DOC Tuscany Italy,poggio-al-tesoro-dedicato-a-walter-bolgheri-superiore-doc-tuscany-italy-01.jpg,poggio-al-tesoro-dedicato-a-walter-bolgheri-superiore-doc-tuscany-italy-02.jpg,403.99,275.00,,,,costed and priced already - the image is the only thing stopping it going live
55,P2,,EXISTING DRAFT,Wine,,,Joseph Drouhin Gevrey Chambertin,joseph-drouhin-gevrey-chambertin-01.jpg,joseph-drouhin-gevrey-chambertin-02.jpg,380.99,259.68,,,,costed and priced already - the image is the only thing stopping it going live
56,P2,,EXISTING DRAFT,Wine,,,Kaesler Old Bastard Shiraz,kaesler-old-bastard-shiraz-01.jpg,kaesler-old-bastard-shiraz-02.jpg,366.99,249.98,,,,costed and priced already - the image is the only thing stopping it going live
57,P2,,EXISTING DRAFT,Wine,,,Château d'Esclans Garrus,chateau-d-esclans-garrus-01.jpg,chateau-d-esclans-garrus-02.jpg,337.99,230.20,,,,costed and priced already - the image is the only thing stopping it going live
58,P2,,EXISTING DRAFT,Wine,,,Lacourte-Godbillon Mont Ames-Migreats Premier Cru (Pinot Noir) - Champagne France,lacourte-godbillon-mont-ames-migreats-premier-cru-pinot-noir-champagne-france-01.jpg,lacourte-godbillon-mont-ames-migreats-premier-cru-pinot-noir-champagne-france-02.jpg,311.99,212.30,,,,costed and priced already - the image is the only thing stopping it going live
59,P2,,EXISTING DRAFT,Wine,,,Kilikanoon Attunga 1865 Shiraz 2016,kilikanoon-attunga-1865-shiraz-2016-01.jpg,kilikanoon-attunga-1865-shiraz-2016-02.jpg,303.99,206.94,,,,costed and priced already - the image is the only thing stopping it going live
60,P2,,EXISTING DRAFT,Wine,,,Hentley Farm Clos Otto Shiraz,hentley-farm-clos-otto-shiraz-01.jpg,hentley-farm-clos-otto-shiraz-02.jpg,301.99,205.75,,,,costed and priced already - the image is the only thing stopping it going live
61,P2,,EXISTING DRAFT,Wine,,,Maison Tramier & Fils Corton Grand Cru Pinot Noir 2016,maison-tramier-fils-corton-grand-cru-pinot-noir-2016-01.jpg,maison-tramier-fils-corton-grand-cru-pinot-noir-2016-02.jpg,276.99,188.55,,,,costed and priced already - the image is the only thing stopping it going live
62,P2,,EXISTING DRAFT,Wine,,,House of Arras EJ Carr Late Disgorged,house-of-arras-ej-carr-late-disgorged-01.jpg,house-of-arras-ej-carr-late-disgorged-02.jpg,272.99,185.89,,,,costed and priced already - the image is the only thing stopping it going live
63,P2,,EXISTING DRAFT,Wine,,,Ruinart Rose Second Skin,ruinart-rose-second-skin-01.jpg,ruinart-rose-second-skin-02.jpg,267.99,182.35,,,,costed and priced already - the image is the only thing stopping it going live
64,P2,,EXISTING DRAFT,Wine,,,Bollinger Pinot Noir Tx20 Blanc de Noirs Champagne,bollinger-pinot-noir-tx20-blanc-de-noirs-champagne-01.jpg,bollinger-pinot-noir-tx20-blanc-de-noirs-champagne-02.jpg,258.99,176.19,,,,costed and priced already - the image is the only thing stopping it going live
65,P2,,EXISTING DRAFT,Wine,,,Ruinart Blanc de Blanc SS,ruinart-blanc-de-blanc-ss-01.jpg,ruinart-blanc-de-blanc-ss-02.jpg,256.99,174.82,3185370712009,,,costed and priced already - the image is the only thing stopping it going live
66,P2,,EXISTING DRAFT,Wine,,,San Polo Brunello di Montalcino Riserva DOCG 2012 Sangiovese Tuscany Italy,san-polo-brunello-di-montalcino-riserva-docg-2012-sangiovese-tuscany-italy-01.jpg,san-polo-brunello-di-montalcino-riserva-docg-2012-sangiovese-tuscany-italy-02.jpg,256.99,174.90,,,,costed and priced already - the image is the only thing stopping it going live
67,P2,,EXISTING DRAFT,Wine,,,Maison Tramier & Fils Vosne-Romanee Pinot Noir 2020,maison-tramier-fils-vosne-romanee-pinot-noir-2020-01.jpg,maison-tramier-fils-vosne-romanee-pinot-noir-2020-02.jpg,253.99,172.67,,,,costed and priced already - the image is the only thing stopping it going live
68,P2,,EXISTING DRAFT,Wine,,,Grant Burge Meshach Shiraz V19,grant-burge-meshach-shiraz-v19-01.jpg,grant-burge-meshach-shiraz-v19-02.jpg,251.99,171.36,,,,costed and priced already - the image is the only thing stopping it going live
69,P2,,EXISTING DRAFT,Wine,,,Wendouree Cabernet Sauvignon,wendouree-cabernet-sauvignon-01.jpg,wendouree-cabernet-sauvignon-02.jpg,250.99,,,,,costed and priced already - the image is the only thing stopping it going live
70,P2,,EXISTING DRAFT,Wine,,,Billecart-Salmon Brut Rosé,billecart-salmon-brut-rose-01.jpg,billecart-salmon-brut-rose-02.jpg,238.99,162.79,,,,costed and priced already - the image is the only thing stopping it going live
71,P2,,EXISTING DRAFT,Wine,,,Billecart Salmon Brut Sous Bois,billecart-salmon-brut-sous-bois-01.jpg,billecart-salmon-brut-sous-bois-02.jpg,238.99,162.79,,,,costed and priced already - the image is the only thing stopping it going live
72,P2,,EXISTING DRAFT,Wine,,,Veuve Clicquot Rose Reserve,veuve-clicquot-rose-reserve-01.jpg,veuve-clicquot-rose-reserve-02.jpg,215.99,147.04,,,,costed and priced already - the image is the only thing stopping it going live
73,P2,,EXISTING DRAFT,Wine,,,Tenuta Meraviglia Rosso Bolgheri Superiore 2018,tenuta-meraviglia-rosso-bolgheri-superiore-2018-01.jpg,tenuta-meraviglia-rosso-bolgheri-superiore-2018-02.jpg,210.99,143.79,,,,costed and priced already - the image is the only thing stopping it going live
74,P2,,EXISTING DRAFT,Wine,,,Bollinger Rose NV,bollinger-rose-nv-01.jpg,bollinger-rose-nv-02.jpg,197.99,134.81,,,,costed and priced already - the image is the only thing stopping it going live
75,P2,,EXISTING DRAFT,Wine,,,Dow's 30 Year Old Tawny Port,dow-s-30-year-old-tawny-port-01.jpg,dow-s-30-year-old-tawny-port-02.jpg,196.99,133.97,,,,costed and priced already - the image is the only thing stopping it going live
76,P2,,EXISTING DRAFT,Wine,,,Marziano Abbona DOCG Barolo,marziano-abbona-docg-barolo-01.jpg,marziano-abbona-docg-barolo-02.jpg,191.99,130.90,,,,costed and priced already - the image is the only thing stopping it going live
77,P2,,EXISTING DRAFT,Wine,,,Fontanafredda Vigna la Rosa Barolo DOCG Italy,fontanafredda-vigna-la-rosa-barolo-docg-italy-01.jpg,fontanafredda-vigna-la-rosa-barolo-docg-italy-02.jpg,191.99,130.28,,,,costed and priced already - the image is the only thing stopping it going live
78,P2,,EXISTING DRAFT,Wine,,,Champagne Deutz Brut Rose NV,champagne-deutz-brut-rose-nv-01.jpg,champagne-deutz-brut-rose-nv-02.jpg,185.99,126.81,,,,costed and priced already - the image is the only thing stopping it going live
79,P2,,EXISTING DRAFT,Wine,,,Wynns Riddoch Cabernet Sauvignon,wynns-riddoch-cabernet-sauvignon-01.jpg,wynns-riddoch-cabernet-sauvignon-02.jpg,184.99,125.89,,,,costed and priced already - the image is the only thing stopping it going live
80,P2,,EXISTING DRAFT,Wine,,,R de Ruinart Brut,r-de-ruinart-brut-01.jpg,r-de-ruinart-brut-02.jpg,183.99,125.44,3185370283905,,,costed and priced already - the image is the only thing stopping it going live
81,P2,,EXISTING DRAFT,Wine,,,Collet Vintage 2014,collet-vintage-2014-01.jpg,collet-vintage-2014-02.jpg,180.99,122.98,,,,costed and priced already - the image is the only thing stopping it going live
82,P2,,EXISTING DRAFT,Wine,,,Donne Fittipaldi Malaroja Malbec Super Tuscan,donne-fittipaldi-malaroja-malbec-super-tuscan-01.jpg,donne-fittipaldi-malaroja-malbec-super-tuscan-02.jpg,175.99,119.90,,,,costed and priced already - the image is the only thing stopping it going live
83,P2,,EXISTING DRAFT,Wine,,,Moët & Chandon Vintage,moet-chandon-vintage-01.jpg,moet-chandon-vintage-02.jpg,172.99,117.57,3185370769270,,,costed and priced already - the image is the only thing stopping it going live
84,P2,,EXISTING DRAFT,Wine,,,Fontanafredda Barolo Proprieta DOCG Italy,fontanafredda-barolo-proprieta-docg-italy-01.jpg,fontanafredda-barolo-proprieta-docg-italy-02.jpg,169.99,115.80,,,,costed and priced already - the image is the only thing stopping it going live
85,P2,,EXISTING DRAFT,Wine,,,Petaluma Anova Cabernet Sauvignon,petaluma-anova-cabernet-sauvignon-01.jpg,petaluma-anova-cabernet-sauvignon-02.jpg,166.99,113.52,,,,costed and priced already - the image is the only thing stopping it going live
86,P2,,EXISTING DRAFT,Wine,,,Petaluma Anova Chardonnay,petaluma-anova-chardonnay-01.jpg,petaluma-anova-chardonnay-02.jpg,166.99,113.52,,,,costed and priced already - the image is the only thing stopping it going live
87,P2,,EXISTING DRAFT,Wine,,,Lacourte-Godbillon Rose Premier Cru (Pinot Noir) - Champagne France,lacourte-godbillon-rose-premier-cru-pinot-noir-champagne-france-01.jpg,lacourte-godbillon-rose-premier-cru-pinot-noir-champagne-france-02.jpg,164.99,112.20,,,,costed and priced already - the image is the only thing stopping it going live
88,P2,,EXISTING DRAFT,Wine,,,Cloudy Bay Te Wahi,cloudy-bay-te-wahi-01.jpg,cloudy-bay-te-wahi-02.jpg,163.99,111.21,,,,costed and priced already - the image is the only thing stopping it going live
89,P2,,EXISTING DRAFT,Wine,,,Eileen Hardy Shiraz V20,eileen-hardy-shiraz-v20-01.jpg,eileen-hardy-shiraz-v20-02.jpg,163.99,111.15,,,,costed and priced already - the image is the only thing stopping it going live
90,P2,,EXISTING DRAFT,Wine,,,First Drop Fat Of the Land Seppeltsfield Shiraz 2021,first-drop-fat-of-the-land-seppeltsfield-shiraz-2021-01.jpg,first-drop-fat-of-the-land-seppeltsfield-shiraz-2021-02.jpg,156.99,106.42,,,,costed and priced already - the image is the only thing stopping it going live
91,P2,,EXISTING DRAFT,Wine,,,Piombaia DOCG Brunello di Montalcino,piombaia-docg-brunello-di-montalcino-01.jpg,piombaia-docg-brunello-di-montalcino-02.jpg,154.99,105.24,,,,costed and priced already - the image is the only thing stopping it going live
92,P2,,EXISTING DRAFT,Wine,,,Joseph Drouhin Cote de Beaune Blanc,joseph-drouhin-cote-de-beaune-blanc-01.jpg,joseph-drouhin-cote-de-beaune-blanc-02.jpg,154.99,115.50,,,,costed and priced already - the image is the only thing stopping it going live
93,P2,,EXISTING DRAFT,Wine,,,Champagne Deutz Brut Rose,champagne-deutz-brut-rose-01.jpg,champagne-deutz-brut-rose-02.jpg,153.99,104.56,,,,costed and priced already - the image is the only thing stopping it going live
94,P2,,EXISTING DRAFT,Wine,,,Hardys Eileen Hardy Chardonnay V21,hardys-eileen-hardy-chardonnay-v21-01.jpg,hardys-eileen-hardy-chardonnay-v21-02.jpg,152.99,104.06,,,,costed and priced already - the image is the only thing stopping it going live
95,P2,,EXISTING DRAFT,Wine,,,Eileen Hardy Pinot Noir V21,eileen-hardy-pinot-noir-v21-01.jpg,eileen-hardy-pinot-noir-v21-02.jpg,150.99,102.88,,,,costed and priced already - the image is the only thing stopping it going live
96,P2,,EXISTING DRAFT,Wine,,,Giboulot Beaune Clos du Roi 1er Cru,giboulot-beaune-clos-du-roi-1er-cru-01.jpg,giboulot-beaune-clos-du-roi-1er-cru-02.jpg,150.99,102.88,,,,costed and priced already - the image is the only thing stopping it going live
97,P2,,EXISTING DRAFT,Wine,,,Penfolds St Henri Shiraz,penfolds-st-henri-shiraz-01.jpg,penfolds-st-henri-shiraz-02.jpg,149.99,101.65,9310297057610,,,costed and priced already - the image is the only thing stopping it going live
98,P2,,EXISTING DRAFT,Wine,,,Pol Roger Brut Non Vintage,pol-roger-brut-non-vintage-01.jpg,pol-roger-brut-non-vintage-02.jpg,149.99,102.21,3260923012000,,,costed and priced already - the image is the only thing stopping it going live
99,P2,,EXISTING DRAFT,Wine,,,Poggio Landi Brunello di Montalcino DOCG 2018,poggio-landi-brunello-di-montalcino-docg-2018-01.jpg,poggio-landi-brunello-di-montalcino-docg-2018-02.jpg,145.99,98.86,,,,costed and priced already - the image is the only thing stopping it going live
100,P2,,EXISTING DRAFT,Wine,,,Cape Mentelle Heritage Cabernet Margaret River,cape-mentelle-heritage-cabernet-margaret-river-01.jpg,cape-mentelle-heritage-cabernet-margaret-river-02.jpg,143.99,97.91,,,,costed and priced already - the image is the only thing stopping it going live
101,P2,,EXISTING DRAFT,Wine,,,Collet Rose,collet-rose-01.jpg,collet-rose-02.jpg,143.99,98.15,,,,costed and priced already - the image is the only thing stopping it going live
102,P2,,EXISTING DRAFT,Wine,,,Cape Mentelle Heritage Chardonnay Margaret River,cape-mentelle-heritage-chardonnay-margaret-river-01.jpg,cape-mentelle-heritage-chardonnay-margaret-river-02.jpg,143.99,97.91,,,,costed and priced already - the image is the only thing stopping it going live
103,P2,,EXISTING DRAFT,Wine,,,Champagne Laurent-Perrier la Cuvee,champagne-laurent-perrier-la-cuvee-01.jpg,champagne-laurent-perrier-la-cuvee-02.jpg,142.99,97.46,,,,costed and priced already - the image is the only thing stopping it going live
104,P2,,EXISTING DRAFT,Wine,,,Xanadu Reserve Cabernet Sauvignon,xanadu-reserve-cabernet-sauvignon-01.jpg,xanadu-reserve-cabernet-sauvignon-02.jpg,142.99,96.96,,,,costed and priced already - the image is the only thing stopping it going live
105,P2,,EXISTING DRAFT,Wine,,,Albert Bichot Gevrey Chambertin,albert-bichot-gevrey-chambertin-01.jpg,albert-bichot-gevrey-chambertin-02.jpg,138.99,94.36,,,,costed and priced already - the image is the only thing stopping it going live
106,P2,,EXISTING DRAFT,Wine,,,San Polo Brunello di Montalcino DOCG Sangiovese Tuscany Italy 2017,san-polo-brunello-di-montalcino-docg-sangiovese-tuscany-italy-2017-01.jpg,san-polo-brunello-di-montalcino-docg-sangiovese-tuscany-italy-2017-02.jpg,137.99,93.50,,,,costed and priced already - the image is the only thing stopping it going live
107,P2,,EXISTING DRAFT,Wine,,,House of Arras Vintage Rose,house-of-arras-vintage-rose-01.jpg,house-of-arras-vintage-rose-02.jpg,137.99,93.89,,,,costed and priced already - the image is the only thing stopping it going live
108,P2,,EXISTING DRAFT,Wine,,,House of Arras Vintage Blanc de Blancs,house-of-arras-vintage-blanc-de-blancs-01.jpg,house-of-arras-vintage-blanc-de-blancs-02.jpg,137.99,93.89,,,,costed and priced already - the image is the only thing stopping it going live
109,P2,,EXISTING DRAFT,Wine,,,Collet Art Deco Brut NV,collet-art-deco-brut-nv-01.jpg,collet-art-deco-brut-nv-02.jpg,135.99,92.23,,,,costed and priced already - the image is the only thing stopping it going live
110,P2,,EXISTING DRAFT,Wine,,,Giovanni Rosso Barolo Serralunga d'Alba del Comune,giovanni-rosso-barolo-serralunga-d-alba-del-comune-01.jpg,giovanni-rosso-barolo-serralunga-d-alba-del-comune-02.jpg,135.99,92.36,,,,costed and priced already - the image is the only thing stopping it going live
111,P2,,EXISTING DRAFT,Wine,,,Jf Moreau Premier Cru Mont de Milieu 2021,jf-moreau-premier-cru-mont-de-milieu-2021-01.jpg,jf-moreau-premier-cru-mont-de-milieu-2021-02.jpg,134.99,91.64,,,,costed and priced already - the image is the only thing stopping it going live
112,P2,,EXISTING DRAFT,Wine,,,Marziano Abbona Barbaresco DOCG,marziano-abbona-barbaresco-docg-01.jpg,marziano-abbona-barbaresco-docg-02.jpg,133.99,91.30,,,,costed and priced already - the image is the only thing stopping it going live
113,P2,,EXISTING DRAFT,Wine,,,Xanadu Reserve Chardonnay,xanadu-reserve-chardonnay-01.jpg,xanadu-reserve-chardonnay-02.jpg,132.99,90.34,,,,costed and priced already - the image is the only thing stopping it going live
114,P2,,EXISTING DRAFT,Wine,,,Oakridge 864 Chardonnay,oakridge-864-chardonnay-01.jpg,oakridge-864-chardonnay-02.jpg,126.99,86.09,,,,costed and priced already - the image is the only thing stopping it going live
115,P2,,EXISTING DRAFT,Wine,,,Moët & Chandon Rosé,moet-chandon-rose-01.jpg,moet-chandon-rose-02.jpg,126.99,86.37,3185370074831,,,costed and priced already - the image is the only thing stopping it going live
116,P2,,EXISTING DRAFT,Wine,,,Taittinger NV Brut,taittinger-nv-brut-01.jpg,taittinger-nv-brut-02.jpg,126.99,85.91,3016570001030,,,costed and priced already - the image is the only thing stopping it going live
117,P2,,EXISTING DRAFT,Wine,,,Ayala Brut Majeur NV,ayala-brut-majeur-nv-01.jpg,ayala-brut-majeur-nv-02.jpg,126.99,86.56,,,,costed and priced already - the image is the only thing stopping it going live
118,P2,,EXISTING DRAFT,Wine,,,Oakridge 864 Henk Chardonnay,oakridge-864-henk-chardonnay-01.jpg,oakridge-864-henk-chardonnay-02.jpg,126.99,86.09,,,,costed and priced already - the image is the only thing stopping it going live
119,P2,,EXISTING DRAFT,Wine,,,Diego Rivetti Barolo Elda 2022,diego-rivetti-barolo-elda-2022-01.jpg,diego-rivetti-barolo-elda-2022-02.jpg,125.99,85.80,,,,costed and priced already - the image is the only thing stopping it going live
120,P2,,EXISTING DRAFT,Wine,,,Jean Michel Giboulot Savigny Les Beaune Aux Fournaux 1er Cru 2018,jean-michel-giboulot-savigny-les-beaune-aux-fournaux-1er-cru-2018-01.jpg,jean-michel-giboulot-savigny-les-beaune-aux-fournaux-1er-cru-2018-02.jpg,123.99,84.43,,,,costed and priced already - the image is the only thing stopping it going live
121,P2,,EXISTING DRAFT,Wine,,,Piazzo Barbaresco Pajore DOCG 2021,piazzo-barbaresco-pajore-docg-2021-01.jpg,piazzo-barbaresco-pajore-docg-2021-02.jpg,123.99,83.96,,,,costed and priced already - the image is the only thing stopping it going live
122,P2,,EXISTING DRAFT,Wine,,,Chateau de Maligny Chablis Vieilles Vignes 2025,chateau-de-maligny-chablis-vieilles-vignes-2025-01.jpg,chateau-de-maligny-chablis-vieilles-vignes-2025-02.jpg,123.99,84.18,,,,costed and priced already - the image is the only thing stopping it going live
123,P2,,EXISTING DRAFT,Wine,,,Seppeltsfield Para 21 Year Old Tawny,seppeltsfield-para-21-year-old-tawny-01.jpg,seppeltsfield-para-21-year-old-tawny-02.jpg,119.99,81.38,,,,costed and priced already - the image is the only thing stopping it going live
124,P2,,EXISTING DRAFT,Wine,,,Petaluma Yellow Label Cabernet Merlot,petaluma-yellow-label-cabernet-merlot-01.jpg,petaluma-yellow-label-cabernet-merlot-02.jpg,119.99,81.36,,,,costed and priced already - the image is the only thing stopping it going live
125,P2,,EXISTING DRAFT,Wine,,,Chateau de Maligny Chablis Carre de Cesar 2025,chateau-de-maligny-chablis-carre-de-cesar-2025-01.jpg,chateau-de-maligny-chablis-carre-de-cesar-2025-02.jpg,117.99,79.92,,,,costed and priced already - the image is the only thing stopping it going live
126,P2,,EXISTING DRAFT,Wine,,,Tar & Roses Local Hero Barolo,tar-roses-local-hero-barolo-01.jpg,tar-roses-local-hero-barolo-02.jpg,116.99,79.48,,,,costed and priced already - the image is the only thing stopping it going live
127,P2,,EXISTING DRAFT,Wine,,,Xanadu Stevens Road Cabernet Sauvignon,xanadu-stevens-road-cabernet-sauvignon-01.jpg,xanadu-stevens-road-cabernet-sauvignon-02.jpg,112.99,76.86,,,,costed and priced already - the image is the only thing stopping it going live
128,P2,,EXISTING DRAFT,Wine,,,Beaurenard Chateau Blanc Chateauneuf du Pape,beaurenard-chateau-blanc-chateauneuf-du-pape-01.jpg,beaurenard-chateau-blanc-chateauneuf-du-pape-02.jpg,108.99,74.02,,,,costed and priced already - the image is the only thing stopping it going live
129,P2,,EXISTING DRAFT,Wine,,,Cloudy Bay Te Koko,cloudy-bay-te-koko-01.jpg,cloudy-bay-te-koko-02.jpg,107.99,73.54,9418408040015,,,costed and priced already - the image is the only thing stopping it going live
130,P2,,EXISTING DRAFT,Wine,,,Kilikanoon Tregea Cabernet Sauvignon 2018,kilikanoon-tregea-cabernet-sauvignon-2018-01.jpg,kilikanoon-tregea-cabernet-sauvignon-2018-02.jpg,107.99,73.31,,,,costed and priced already - the image is the only thing stopping it going live
131,P2,,EXISTING DRAFT,Wine,,,Oakridge 864 Cabernet Sauvignon Winery Block,oakridge-864-cabernet-sauvignon-winery-block-01.jpg,oakridge-864-cabernet-sauvignon-winery-block-02.jpg,106.99,72.37,,,,costed and priced already - the image is the only thing stopping it going live
132,P2,,EXISTING DRAFT,Wine,,,Oakridge 864 Pinot Noir Block A4,oakridge-864-pinot-noir-block-a4-01.jpg,oakridge-864-pinot-noir-block-a4-02.jpg,106.99,72.37,,,,costed and priced already - the image is the only thing stopping it going live
133,P2,,EXISTING DRAFT,Wine,,,Oakridge 864 Syrah,oakridge-864-syrah-01.jpg,oakridge-864-syrah-02.jpg,106.99,72.37,,,,costed and priced already - the image is the only thing stopping it going live
134,P2,,EXISTING DRAFT,Wine,,,Xanadu Stevens Road Chardonnay,xanadu-stevens-road-chardonnay-01.jpg,xanadu-stevens-road-chardonnay-02.jpg,103.99,70.24,,,,costed and priced already - the image is the only thing stopping it going live
135,P2,,EXISTING DRAFT,Wine,,,Farina Amarone della Valpolicella Classico DOCG Veneto Italy,farina-amarone-della-valpolicella-classico-docg-veneto-italy-01.jpg,farina-amarone-della-valpolicella-classico-docg-veneto-italy-02.jpg,101.99,69.30,,,,costed and priced already - the image is the only thing stopping it going live
136,P2,,EXISTING DRAFT,Wine,,,Fontanafredda Serralunga d'Alba Barolo DOCG Italy,fontanafredda-serralunga-d-alba-barolo-docg-italy-01.jpg,fontanafredda-serralunga-d-alba-barolo-docg-italy-02.jpg,99.99,67.55,,,,costed and priced already - the image is the only thing stopping it going live
137,P2,,EXISTING DRAFT,Wine,,,Vignoble Dauny Sancerre Rouge Pynoz 2024,vignoble-dauny-sancerre-rouge-pynoz-2024-01.jpg,vignoble-dauny-sancerre-rouge-pynoz-2024-02.jpg,96.99,65.73,,,,costed and priced already - the image is the only thing stopping it going live
138,P2,,EXISTING DRAFT,Wine,,,Millebuis Bourgogne Montagny Premier Cru 2022,millebuis-bourgogne-montagny-premier-cru-2022-01.jpg,millebuis-bourgogne-montagny-premier-cru-2022-02.jpg,94.99,64.67,,,,costed and priced already - the image is the only thing stopping it going live
139,P2,,EXISTING DRAFT,Wine,,,Seppeltsfield Para Rare Tawny NV 15 Year Old,seppeltsfield-para-rare-tawny-nv-15-year-old-01.jpg,seppeltsfield-para-rare-tawny-nv-15-year-old-02.jpg,92.99,62.77,,,,costed and priced already - the image is the only thing stopping it going live
140,P2,,EXISTING DRAFT,Wine,,,Villebois Sancerre Blanc Marne,villebois-sancerre-blanc-marne-01.jpg,villebois-sancerre-blanc-marne-02.jpg,91.99,62.44,,,,costed and priced already - the image is the only thing stopping it going live
141,P2,,EXISTING DRAFT,Wine,,,Tenuta Meraviglia Rosso Bolgheri DOC 2020,tenuta-meraviglia-rosso-bolgheri-doc-2020-01.jpg,tenuta-meraviglia-rosso-bolgheri-doc-2020-02.jpg,90.99,61.96,,,,costed and priced already - the image is the only thing stopping it going live
142,P2,,EXISTING DRAFT,Wine,,,Donne Fittipaldi Bolgheri Tuscany 2022,donne-fittipaldi-bolgheri-tuscany-2022-01.jpg,donne-fittipaldi-bolgheri-tuscany-2022-02.jpg,90.99,61.49,,,,costed and priced already - the image is the only thing stopping it going live
143,P2,,EXISTING DRAFT,Wine,,,Chateau d'Esclans Rock Angel,chateau-d-esclans-rock-angel-01.jpg,chateau-d-esclans-rock-angel-02.jpg,88.99,60.65,,,,costed and priced already - the image is the only thing stopping it going live
144,P2,,EXISTING DRAFT,Wine,,,Vignoble Dauny AOC Sancerre Blanc Les Caillottes 2025,vignoble-dauny-aoc-sancerre-blanc-les-caillottes-2025-01.jpg,vignoble-dauny-aoc-sancerre-blanc-les-caillottes-2025-02.jpg,88.99,60.06,,,,costed and priced already - the image is the only thing stopping it going live
145,P2,,EXISTING DRAFT,Wine,,,Piazzo Barolo Valente DOCG 2020,piazzo-barolo-valente-docg-2020-01.jpg,piazzo-barolo-valente-docg-2020-02.jpg,87.99,59.72,,,,costed and priced already - the image is the only thing stopping it going live
146,P2,,EXISTING DRAFT,Wine,,,Petaluma Yellow Label Chardonnay,petaluma-yellow-label-chardonnay-01.jpg,petaluma-yellow-label-chardonnay-02.jpg,87.99,59.56,,,,costed and priced already - the image is the only thing stopping it going live
147,P2,,EXISTING DRAFT,Wine,,,Casali del Barone Barolo 2020,casali-del-barone-barolo-2020-01.jpg,casali-del-barone-barolo-2020-02.jpg,84.99,57.94,,,,costed and priced already - the image is the only thing stopping it going live
148,P2,,EXISTING DRAFT,Wine,,,Piazzo Barbaresco Arge DOCG 2021,piazzo-barbaresco-arge-docg-2021-01.jpg,piazzo-barbaresco-arge-docg-2021-02.jpg,83.99,56.76,,,,costed and priced already - the image is the only thing stopping it going live
149,P2,,EXISTING DRAFT,Wine,,,Cloudy Bay Pinot Noir,cloudy-bay-pinot-noir-01.jpg,cloudy-bay-pinot-noir-02.jpg,80.99,54.94,9418408080011,,,costed and priced already - the image is the only thing stopping it going live
150,P2,,EXISTING DRAFT,Wine,,,Chateau de Maligny Petit Chablis 2023,chateau-de-maligny-petit-chablis-2023-01.jpg,chateau-de-maligny-petit-chablis-2023-02.jpg,78.99,53.32,,,,costed and priced already - the image is the only thing stopping it going live
151,P2,,EXISTING DRAFT,Wine,,,Dow's Colheita Tawny Port Portugal,dow-s-colheita-tawny-port-portugal-01.jpg,dow-s-colheita-tawny-port-portugal-02.jpg,77.99,52.77,,,,costed and priced already - the image is the only thing stopping it going live
152,P2,,EXISTING DRAFT,Wine,,,Yalumba Signature Cabernet Shiraz,yalumba-signature-cabernet-shiraz-01.jpg,yalumba-signature-cabernet-shiraz-02.jpg,77.99,52.57,9311789000855,,,costed and priced already - the image is the only thing stopping it going live
153,P2,,EXISTING DRAFT,Wine,,,Hentley Farm Old Legend Grenache,hentley-farm-old-legend-grenache-01.jpg,hentley-farm-old-legend-grenache-02.jpg,76.99,57.00,,,,costed and priced already - the image is the only thing stopping it going live
154,P2,,EXISTING DRAFT,Wine,,,Petaluma Yellow Label Shiraz,petaluma-yellow-label-shiraz-01.jpg,petaluma-yellow-label-shiraz-02.jpg,76.99,52.03,,,,costed and priced already - the image is the only thing stopping it going live
155,P2,,EXISTING DRAFT,Wine,,,Laroche Chablis St Martin,laroche-chablis-st-martin-01.jpg,laroche-chablis-st-martin-02.jpg,76.99,52.43,,,,costed and priced already - the image is the only thing stopping it going live
156,P2,,EXISTING DRAFT,Wine,,,Chateau Galeteau Cuvee Eleonore Saint Emilion Grand Cru 2022,chateau-galeteau-cuvee-eleonore-saint-emilion-grand-cru-2022-01.jpg,chateau-galeteau-cuvee-eleonore-saint-emilion-grand-cru-2022-02.jpg,75.99,51.32,,,,costed and priced already - the image is the only thing stopping it going live
157,P2,,EXISTING DRAFT,Wine,,,Patrick Piuze 2023 Petit Chablis,patrick-piuze-2023-petit-chablis-01.jpg,patrick-piuze-2023-petit-chablis-02.jpg,75.99,51.54,,,,costed and priced already - the image is the only thing stopping it going live
158,P2,,EXISTING DRAFT,Wine,,,Minuty Rosé et Or,minuty-rose-et-or-01.jpg,minuty-rose-et-or-02.jpg,74.99,50.61,,,,costed and priced already - the image is the only thing stopping it going live
159,P2,,EXISTING DRAFT,Wine,,,Podere Casanova DOCG Chianti Classico,podere-casanova-docg-chianti-classico-01.jpg,podere-casanova-docg-chianti-classico-02.jpg,74.99,50.85,,,,costed and priced already - the image is the only thing stopping it going live
160,P2,,EXISTING DRAFT,Wine,,,Jf Moreau Chablis 2023,jf-moreau-chablis-2023-01.jpg,jf-moreau-chablis-2023-02.jpg,73.99,50.26,,,,costed and priced already - the image is the only thing stopping it going live
161,P2,,EXISTING DRAFT,Wine,,,Hentley Farm Quint Shiraz,hentley-farm-quint-shiraz-01.jpg,hentley-farm-quint-shiraz-02.jpg,70.99,48.01,,,,costed and priced already - the image is the only thing stopping it going live
162,P2,,EXISTING DRAFT,Wine,,,Peyrassol Chateau Rose,peyrassol-chateau-rose-01.jpg,peyrassol-chateau-rose-02.jpg,70.99,48.01,,,,costed and priced already - the image is the only thing stopping it going live
163,P2,,EXISTING DRAFT,Wine,,,Cloudy Bay Chardonnay,cloudy-bay-chardonnay-01.jpg,cloudy-bay-chardonnay-02.jpg,70.99,48.09,9418408050014,,,costed and priced already - the image is the only thing stopping it going live
164,P2,,EXISTING DRAFT,Wine,,,Cape Mentelle Zinfandel Margaret River,cape-mentelle-zinfandel-margaret-river-01.jpg,cape-mentelle-zinfandel-margaret-river-02.jpg,69.99,47.06,,,,costed and priced already - the image is the only thing stopping it going live
165,P2,,EXISTING DRAFT,Wine,,,Cape Mentelle Chardonnay Margaret River,cape-mentelle-chardonnay-margaret-river-01.jpg,cape-mentelle-chardonnay-margaret-river-02.jpg,69.99,47.06,,,,costed and priced already - the image is the only thing stopping it going live
166,P2,,EXISTING DRAFT,Wine,,,Henschke Keyneton Estate,henschke-keyneton-estate-01.jpg,henschke-keyneton-estate-02.jpg,68.99,46.51,9320909001306,,,costed and priced already - the image is the only thing stopping it going live
167,P2,,EXISTING DRAFT,Wine,,,House of Arras Brut Elite Rose,house-of-arras-brut-elite-rose-01.jpg,house-of-arras-brut-elite-rose-02.jpg,68.99,46.83,,,,costed and priced already - the image is the only thing stopping it going live
168,P2,,EXISTING DRAFT,Wine,,,Banfi DOCG Chianti Classico Riserva,banfi-docg-chianti-classico-riserva-01.jpg,banfi-docg-chianti-classico-riserva-02.jpg,67.99,46.12,,,,costed and priced already - the image is the only thing stopping it going live
169,P2,,EXISTING DRAFT,Wine,,,Jf Moreau Petit Chablis 2023,jf-moreau-petit-chablis-2023-01.jpg,jf-moreau-petit-chablis-2023-02.jpg,67.99,46.12,,,,costed and priced already - the image is the only thing stopping it going live
170,P2,,EXISTING DRAFT,Wine,,,Domaine Christian Salmon Sancerre Ac,domaine-christian-salmon-sancerre-ac-01.jpg,domaine-christian-salmon-sancerre-ac-02.jpg,67.99,46.12,,,,costed and priced already - the image is the only thing stopping it going live
171,P2,,EXISTING DRAFT,Wine,,,Laurent Habrard Crozes Hermitage Blanc Grand Classique,laurent-habrard-crozes-hermitage-blanc-grand-classique-01.jpg,laurent-habrard-crozes-hermitage-blanc-grand-classique-02.jpg,67.99,46.12,,,,costed and priced already - the image is the only thing stopping it going live
172,P2,,EXISTING DRAFT,Wine,,,Maison Tramier & Fils Aop Chablis 2025,maison-tramier-fils-aop-chablis-2025-01.jpg,maison-tramier-fils-aop-chablis-2025-02.jpg,66.99,45.62,,,,costed and priced already - the image is the only thing stopping it going live
173,P2,,EXISTING DRAFT,Wine,,,Donne Fittipaldi Bolgheri Rosso,donne-fittipaldi-bolgheri-rosso-01.jpg,donne-fittipaldi-bolgheri-rosso-02.jpg,64.99,44.00,,,,costed and priced already - the image is the only thing stopping it going live
174,P2,,EXISTING DRAFT,Wine,,,Greywacke Pinot Noir Marlborough New Zealand,greywacke-pinot-noir-marlborough-new-zealand-01.jpg,greywacke-pinot-noir-marlborough-new-zealand-02.jpg,64.99,43.95,,,,costed and priced already - the image is the only thing stopping it going live
175,P2,,EXISTING DRAFT,Wine,,,Joseph Drouhin Laforet Bourgogne Pinot Noir,joseph-drouhin-laforet-bourgogne-pinot-noir-01.jpg,joseph-drouhin-laforet-bourgogne-pinot-noir-02.jpg,64.99,43.89,,,,costed and priced already - the image is the only thing stopping it going live
176,P2,,EXISTING DRAFT,Wine,,,Chiappini DOC Bolgheri Rosso Ferruggini,chiappini-doc-bolgheri-rosso-ferruggini-01.jpg,chiappini-doc-bolgheri-rosso-ferruggini-02.jpg,64.99,43.75,,,,costed and priced already - the image is the only thing stopping it going live
177,P2,,EXISTING DRAFT,Wine,,,Cloudy Bay Sauvignon Blanc,cloudy-bay-sauvignon-blanc-01.jpg,cloudy-bay-sauvignon-blanc-02.jpg,62.99,42.94,9418408030016,,,costed and priced already - the image is the only thing stopping it going live
178,P2,,EXISTING DRAFT,Wine,,,Jim Barry McRae Shiraz,jim-barry-mcrae-shiraz-01.jpg,jim-barry-mcrae-shiraz-02.jpg,62.99,42.37,9314487217976,,,costed and priced already - the image is the only thing stopping it going live
179,P2,,EXISTING DRAFT,Wine,,,Cape Mentelle Wallcliffe Cabernet Franc,cape-mentelle-wallcliffe-cabernet-franc-01.jpg,cape-mentelle-wallcliffe-cabernet-franc-02.jpg,62.99,42.33,,,,costed and priced already - the image is the only thing stopping it going live
180,P2,,EXISTING DRAFT,Wine,,,Villebois Sancerre Rouge,villebois-sancerre-rouge-01.jpg,villebois-sancerre-rouge-02.jpg,62.99,42.33,,,,costed and priced already - the image is the only thing stopping it going live
181,P2,,EXISTING DRAFT,Wine,,,Roland Tissier Sancerre,roland-tissier-sancerre-01.jpg,roland-tissier-sancerre-02.jpg,62.99,42.57,,,,costed and priced already - the image is the only thing stopping it going live
182,P2,,EXISTING DRAFT,Wine,,,Cape Mentelle Wallcliffe Sauvignon Blanc,cape-mentelle-wallcliffe-sauvignon-blanc-01.jpg,cape-mentelle-wallcliffe-sauvignon-blanc-02.jpg,62.99,42.33,,,,costed and priced already - the image is the only thing stopping it going live
183,P2,,EXISTING DRAFT,Wine,,,Laroche Petit Chablis 2023,laroche-petit-chablis-2023-01.jpg,laroche-petit-chablis-2023-02.jpg,61.99,41.95,,,,costed and priced already - the image is the only thing stopping it going live
184,P2,,EXISTING DRAFT,Wine,,,La Chablisienne Lapierele Chablis,la-chablisienne-lapierele-chablis-01.jpg,la-chablisienne-lapierele-chablis-02.jpg,61.99,41.86,,,,costed and priced already - the image is the only thing stopping it going live
185,P2,,EXISTING DRAFT,Wine,,,Greywacke Chardonnay - Marlborough New Zealand,greywacke-chardonnay-marlborough-new-zealand-01.jpg,greywacke-chardonnay-marlborough-new-zealand-02.jpg,61.99,41.74,,,,costed and priced already - the image is the only thing stopping it going live
186,P2,,EXISTING DRAFT,Wine,,,Shaw + Smith M3 Chardonnay,shaw-smith-m3-chardonnay-01.jpg,shaw-smith-m3-chardonnay-02.jpg,60.99,41.57,9316770010127,,,costed and priced already - the image is the only thing stopping it going live
187,P2,,EXISTING DRAFT,Wine,,,Torbreck Struie,torbreck-struie-01.jpg,torbreck-struie-02.jpg,60.99,41.03,,,,costed and priced already - the image is the only thing stopping it going live
188,P2,,EXISTING DRAFT,Wine,,,Kilikanoon Mort's Reserve Riesling 2024,kilikanoon-mort-s-reserve-riesling-2024-01.jpg,kilikanoon-mort-s-reserve-riesling-2024-02.jpg,60.99,41.39,,,,costed and priced already - the image is the only thing stopping it going live
189,P2,,EXISTING DRAFT,Wine,,,Vasse Felix Cabernet Sauvignon,vasse-felix-cabernet-sauvignon-01.jpg,vasse-felix-cabernet-sauvignon-02.jpg,57.99,39.07,9315032001170,,,costed and priced already - the image is the only thing stopping it going live
190,P2,,EXISTING DRAFT,Wine,,,Greywacke Wild Sauvignon,greywacke-wild-sauvignon-01.jpg,greywacke-wild-sauvignon-02.jpg,56.99,38.50,,,,costed and priced already - the image is the only thing stopping it going live
191,P2,,EXISTING DRAFT,Wine,,,Joseph Drouhin Laforet Bourgogne Chardonnay,joseph-drouhin-laforet-bourgogne-chardonnay-01.jpg,joseph-drouhin-laforet-bourgogne-chardonnay-02.jpg,56.99,38.39,,,,costed and priced already - the image is the only thing stopping it going live
192,P2,,EXISTING DRAFT,Wine,,,Joseph Drouhin Chablis,joseph-drouhin-chablis-01.jpg,joseph-drouhin-chablis-02.jpg,56.99,38.39,,,,costed and priced already - the image is the only thing stopping it going live
193,P2,,EXISTING DRAFT,Wine,,,Banfi DOCG Chianti Classico,banfi-docg-chianti-classico-01.jpg,banfi-docg-chianti-classico-02.jpg,53.99,36.66,,,,costed and priced already - the image is the only thing stopping it going live
194,P2,,EXISTING DRAFT,Wine,,,Joseph Drouhin Morgon,joseph-drouhin-morgon-01.jpg,joseph-drouhin-morgon-02.jpg,53.99,36.30,,,,costed and priced already - the image is the only thing stopping it going live
195,P2,,EXISTING DRAFT,Wine,,,Penfolds Bin 28 Shiraz,penfolds-bin-28-shiraz-01.jpg,penfolds-bin-28-shiraz-02.jpg,52.99,36.10,9310297065301,,,costed and priced already - the image is the only thing stopping it going live
196,P2,,EXISTING DRAFT,Wine,,,Poggio dei Salici Chianti Classico DOCG,poggio-dei-salici-chianti-classico-docg-01.jpg,poggio-dei-salici-chianti-classico-docg-02.jpg,52.99,35.48,,,,costed and priced already - the image is the only thing stopping it going live
197,P2,,EXISTING DRAFT,Wine,,,Kilikanoon Covenant Shiraz,kilikanoon-covenant-shiraz-01.jpg,kilikanoon-covenant-shiraz-02.jpg,52.99,35.48,,,,costed and priced already - the image is the only thing stopping it going live
198,P2,,EXISTING DRAFT,Wine,,,Poggio Al Tesoro Solosole Vermentino Bolgheri DOC - Tuscany Italy,poggio-al-tesoro-solosole-vermentino-bolgheri-doc-tuscany-italy-01.jpg,poggio-al-tesoro-solosole-vermentino-bolgheri-doc-tuscany-italy-02.jpg,52.99,35.48,,,,costed and priced already - the image is the only thing stopping it going live
199,P2,,EXISTING DRAFT,Wine,,,Katnook Estate Merlot,katnook-estate-merlot-01.jpg,katnook-estate-merlot-02.jpg,51.99,34.91,,,,costed and priced already - the image is the only thing stopping it going live
200,P2,,EXISTING DRAFT,Wine,,,Shaw + Smith Sauvignon Blanc,shaw-smith-sauvignon-blanc-01.jpg,shaw-smith-sauvignon-blanc-02.jpg,29.99,25.27,9316770611027,,,costed and priced already - the image is the only thing stopping it going live
201,P2,,EXISTING DRAFT,Wine,,,Turkey Flat Rosé,turkey-flat-rose-01.jpg,turkey-flat-rose-02.jpg,26.99,23.07,9329967000153,,,costed and priced already - the image is the only thing stopping it going live
202,P2,,EXISTING DRAFT,Wine,,,Chrismont La Zona Pinot Grigio,chrismont-la-zona-pinot-grigio-01.jpg,chrismont-la-zona-pinot-grigio-02.jpg,20.99,17.74,,,,costed and priced already - the image is the only thing stopping it going live
203,P2,,EXISTING DRAFT,Wine,,,Dal Zotto Pucino Prosecco,dal-zotto-pucino-prosecco-01.jpg,dal-zotto-pucino-prosecco-02.jpg,19.99,16.60,,,,costed and priced already - the image is the only thing stopping it going live
204,P3,,TO ADD,Spirits,RUM DARK,4,Bundaberg Rum Up 1125mL,bundaberg-rum-up-1125ml-01.jpg,bundaberg-rum-up-1125ml-02.jpg,106.99,72.55,9311866005032,527727,,ALM top-8 in its segment
205,P3,,TO ADD,Spirits,VODKA,4,Smirnoff Vodka Red 37% 1125mL,smirnoff-vodka-red-37-1125ml-01.jpg,smirnoff-vodka-red-37-1125ml-02.jpg,99.99,68.07,9310495084043,19664,,ALM top-8 in its segment
206,P3,,TO ADD,Spirits,RUM GOLD,4,Sailor Jerry Spicd Rum 1L,sailor-jerry-spicd-rum-1l-01.jpg,sailor-jerry-spicd-rum-1l-02.jpg,90.99,61.49,5010327453019,551166,,ALM top-8 in its segment
207,P3,,TO ADD,Wine,SPARKLING CHAMPAGNE,4,Piper-Heidsiek NV Brut 750mL,piper-heidsiek-nv-brut-750ml-01.jpg,piper-heidsiek-nv-brut-750ml-02.jpg,87.99,59.73,3018334100003,988347,ALM IMPORTS.,ALM top-8 in its segment
208,P3,,TO ADD,Spirits,SCOTCH,4,Grants Scotch 1L,grants-scotch-1l-01.jpg,grants-scotch-1l-02.jpg,86.99,59.29,5010327253749,774578,,ALM top-8 in its segment
209,P3,,TO ADD,Spirits,WHISKEY,4,Canadian Club Original 37% 1L,canadian-club-original-37-1l-01.jpg,canadian-club-original-37-1l-02.jpg,86.99,59.01,0080686816232,760472,,ALM top-8 in its segment
210,P3,,TO ADD,Rtds,RTD'S,4,Jack Daniel's Double Jk&Cla 10P 375mL,jack-daniel-s-double-jk-cla-10p-375ml-01.jpg,jack-daniel-s-double-jk-cla-10p-375ml-02.jpg,84.99,57.45,9310733200518,432121,,ALM top-8 in its segment
211,P3,,TO ADD,Spirits,BOURBON,4,Jim Beam White Label 37% 700mL,jim-beam-white-label-37-700ml-01.jpg,jim-beam-white-label-37-700ml-02.jpg,63.99,43.62,5010278101335,718446,,ALM top-8 in its segment
212,P3,,TO ADD,Spirits,OTHER SPIRITS,4,St Agnes VS Brandy 700mL,st-agnes-vs-brandy-700ml-01.jpg,st-agnes-vs-brandy-700ml-02.jpg,54.99,37.01,9300694000517,575128,,ALM top-8 in its segment
213,P3,,TO ADD,Wine,SPARKLING RED,4,De Bortoli Sangria Spritz 750mL,de-bortoli-sangria-spritz-750ml-01.jpg,de-bortoli-sangria-spritz-750ml-02.jpg,21.99,14.70,9300752052717,317368,DE BORTOLI WINES PTY LIMI,ALM top-8 in its segment
214,P3,,TO ADD,Wine,WINE OTHER,4,De Bortoli Limoncllo Spr 750mL,de-bortoli-limoncllo-spr-750ml-01.jpg,de-bortoli-limoncllo-spr-750ml-02.jpg,21.99,14.70,9300752052090,776944,DE BORTOLI WINES PTY LIMI,ALM top-8 in its segment
215,P3,,TO ADD,Wine,STILL RED,4,Taylors Estate Shiraz 750mL,taylors-estate-shiraz-750ml-01.jpg,taylors-estate-shiraz-750ml-02.jpg,19.99,13.55,9311659000572,523862,TAYLORS WINES PTY LTD,ALM top-8 in its segment
216,P3,,TO ADD,Wine,SPARKLING ROSE,4,Jacobs Ck Sparkling Rosé 750mL,jacobs-ck-sparkling-rose-750ml-01.jpg,jacobs-ck-sparkling-rose-750ml-02.jpg,11.99,7.53,9311043403262,588414,VINARCHY AUSTRALIA,ALM top-8 in its segment
217,P3,,TO ADD,Wine,STILL ROSE,4,Tatachilla Whit Adml Rosé 750mL,tatachilla-whit-adml-rose-750ml-01.jpg,tatachilla-whit-adml-rose-750ml-02.jpg,10.99,7.34,9313048851819,20542,VINARCHY AUSTRALIA,ALM top-8 in its segment
218,P3,,TO ADD,Wine,WINE SPARKLING WHITE,4,Yellowglen Yellow Sparkling 750mL,yellowglen-yellow-sparkling-750ml-01.jpg,yellowglen-yellow-sparkling-750ml-02.jpg,10.99,7.17,9300770000257,567442,TREASURY WINE ESTATES,ALM top-8 in its segment
219,P3,,TO ADD,Spirits,RUM WHITE,4,Bacardi Carta Blanca 700mL,bacardi-carta-blanca-700ml-01.jpg,bacardi-carta-blanca-700ml-02.jpg,,,,566137,,ALM top-8 in its segment
220,P3,,TO ADD,Spirits,RUM DARK,5,Bundaberg Rum Red 1L,bundaberg-rum-red-1l-01.jpg,bundaberg-rum-red-1l-02.jpg,92.99,63.03,9311866009856,526514,,ALM top-8 in its segment
221,P3,,TO ADD,Spirits,GIN,5,Gordons Pink 37% 700mL,gordons-pink-37-700ml-01.jpg,gordons-pink-37-700ml-02.jpg,70.99,48.12,9310495088195,526454,,ALM top-8 in its segment
222,P3,,TO ADD,Spirits,RUM WHITE,5,Bundaberg Silver Rum 37% 700mL,bundaberg-silver-rum-37-700ml-01.jpg,bundaberg-silver-rum-37-700ml-02.jpg,67.99,46.16,9310495091140,260210,,ALM top-8 in its segment
223,P3,,TO ADD,Spirits,SCOTCH,5,Grants Scotch 700mL,grants-scotch-700ml-01.jpg,grants-scotch-700ml-02.jpg,63.99,43.53,5010327250007,566886,,ALM top-8 in its segment
224,P3,,TO ADD,Rtds,RTD'S,5,Jim Beam and Cola Can 10 pack 375mL,jim-beam-and-cola-can-10-pack-375ml-01.jpg,jim-beam-and-cola-can-10-pack-375ml-02.jpg,57.99,39.12,9316417009149,425145,,ALM top-8 in its segment
225,P3,,TO ADD,Spirits,OTHER SPIRITS,5,Black Brandy 700mL,black-brandy-700ml-01.jpg,black-brandy-700ml-02.jpg,55.99,37.72,9332364012384,575306,,ALM top-8 in its segment
226,P3,,TO ADD,Wine,SPARKLING ROSE,5,Jansz Non Vintage Rosé 750mL,jansz-non-vintage-rose-750ml-01.jpg,jansz-non-vintage-rose-750ml-02.jpg,34.99,23.40,9311789001104,834124,SAMUEL SMITH & SON,ALM top-8 in its segment
227,P3,,TO ADD,Wine,STILL WHITE,5,Mud House Sauvignon Blanc 750mL,mud-house-sauvignon-blanc-750ml-01.jpg,mud-house-sauvignon-blanc-750ml-02.jpg,17.99,11.74,9421018070013,534017,VINARCHY AUSTRALIA,ALM top-8 in its segment
228,P3,,TO ADD,Wine,WINE OTHER,5,Divas Vkat 1L,divas-vkat-1l-01.jpg,divas-vkat-1l-02.jpg,16.99,11.41,9349658000750,862635,DIVAS BEVERAGES AUSTRALIA,ALM top-8 in its segment
229,P3,,TO ADD,Wine,STILL RED,5,Hardys Vr Merlot 1L,hardys-vr-merlot-1l-01.jpg,hardys-vr-merlot-1l-02.jpg,10.99,6.91,9311043089008,534499,VINARCHY AUSTRALIA,ALM top-8 in its segment
230,P3,,TO ADD,Wine,WINE SPARKLING WHITE,5,Wolf Blass Red Label Chardonnay Pnt 750mL,wolf-blass-red-label-chardonnay-pnt-750ml-01.jpg,wolf-blass-red-label-chardonnay-pnt-750ml-02.jpg,8.99,6.05,9312088351006,542840,TREASURY WINE ESTATES,ALM top-8 in its segment
231,P3,,TO ADD,Wine,MOSCATO,5,Gossips Swtlips Moscato 750mL,gossips-swtlips-moscato-750ml-01.jpg,gossips-swtlips-moscato-750ml-02.jpg,7.99,4.80,9313748004591,826008,MEDITRINA BEVERAGES PL,ALM top-8 in its segment
232,P3,,TO ADD,Wine,SPARKLING CHAMPAGNE,5,Louis Morette Brutnvchamp 750mL,louis-morette-brutnvchamp-750ml-01.jpg,louis-morette-brutnvchamp-750ml-02.jpg,,,,663036,,ALM top-8 in its segment
233,P3,,TO ADD,Spirits,RUM GOLD,5,Bacardi Spiced Rum 700mL,bacardi-spiced-rum-700ml-01.jpg,bacardi-spiced-rum-700ml-02.jpg,,,,963350,,ALM top-8 in its segment
234,P3,,TO ADD,Spirits,TEQUILA,5,Sierra Tequila Blanco 38% 700mL,sierra-tequila-blanco-38-700ml-01.jpg,sierra-tequila-blanco-38-700ml-02.jpg,,,,369373,,ALM top-8 in its segment
235,P3,,TO ADD,Spirits,BOURBON,6,Wild Turkey 81 Proof 40.5% 1L,wild-turkey-81-proof-40-5-1l-01.jpg,wild-turkey-81-proof-40-5-1l-02.jpg,95.99,65.06,9343496003508,653201,,ALM top-8 in its segment
236,P3,,TO ADD,Spirits,RUM DARK,6,Bundaberg Bourb Campfire Rum 700mL,bundaberg-bourb-campfire-rum-700ml-01.jpg,bundaberg-bourb-campfire-rum-700ml-02.jpg,69.99,47.65,9310495089741,392800,,ALM top-8 in its segment
237,P3,,TO ADD,Spirits,WHISKEY,6,Fireball Cinnamon Whisky 700mL,fireball-cinnamon-whisky-700ml-01.jpg,fireball-cinnamon-whisky-700ml-02.jpg,66.99,45.37,0088004023492,555157,,ALM top-8 in its segment
238,P3,,TO ADD,Spirits,OTHER SPIRITS,6,St Remy Brandy VSOP 37% 700mL,st-remy-brandy-vsop-37-700ml-01.jpg,st-remy-brandy-vsop-37-700ml-02.jpg,64.99,44.12,3035540003928,832855,,ALM top-8 in its segment
239,P3,,TO ADD,Spirits,VODKA,6,Skyy Vodka 37.5% 700mL,skyy-vodka-37-5-700ml-01.jpg,skyy-vodka-37-5-700ml-02.jpg,60.99,41.43,8000040007122,570157,,ALM top-8 in its segment
240,P3,,TO ADD,Spirits,RUM WHITE,6,Malibu Coconut Rum 700mL,malibu-coconut-rum-700ml-01.jpg,malibu-coconut-rum-700ml-02.jpg,49.99,33.59,8410024710601,501239,,ALM top-8 in its segment
241,P3,,TO ADD,Wine,SPARKLING RED,6,Grant Burge Sparkling NV Shiraz 750mL,grant-burge-sparkling-nv-shiraz-750ml-01.jpg,grant-burge-sparkling-nv-shiraz-750ml-02.jpg,24.99,16.42,9315705000202,666898,VINARCHY AUSTRALIA,ALM top-8 in its segment
242,P3,,TO ADD,Wine,SPARKLING ROSE,6,Grant Burge NV Pnc Rosé 750mL,grant-burge-nv-pnc-rose-750ml-01.jpg,grant-burge-nv-pnc-rose-750ml-02.jpg,24.99,16.42,9315705852153,287848,VINARCHY AUSTRALIA,ALM top-8 in its segment
243,P3,,TO ADD,Wine,STILL WHITE,6,Stoneleigh Marlb S/Blanc 750mL,stoneleigh-marlb-s-blanc-750ml-01.jpg,stoneleigh-marlb-s-blanc-750ml-02.jpg,14.99,9.95,9311043403064,599392,VINARCHY AUSTRALIA,ALM top-8 in its segment
244,P3,,TO ADD,Wine,MOSCATO,6,Banrock Station Moscato Pink 1L,banrock-station-moscato-pink-1l-01.jpg,banrock-station-moscato-pink-1l-02.jpg,11.99,8.02,9311043766411,666649,VINARCHY AUSTRALIA,ALM top-8 in its segment
245,P3,,TO ADD,Wine,STILL RED,6,Hardys Vr Cabernet Sauvignon 1L,hardys-vr-cabernet-sauvignon-1l-01.jpg,hardys-vr-cabernet-sauvignon-1l-02.jpg,10.99,6.91,9311043090158,534407,VINARCHY AUSTRALIA,ALM top-8 in its segment
246,P3,,TO ADD,Wine,SPARKLING CHAMPAGNE,6,Piper Heidsiek Cuvée Lmg 750mL,piper-heidsiek-cuvee-lmg-750ml-01.jpg,piper-heidsiek-cuvee-lmg-750ml-02.jpg,,,,970920,,ALM top-8 in its segment
247,P3,,TO ADD,Wine,WINE OTHER,6,Bob Mr Mason Sparkling Cuvee 750mL,bob-mr-mason-sparkling-cuvee-750ml-01.jpg,bob-mr-mason-sparkling-cuvee-750ml-02.jpg,,,,293954,,ALM top-8 in its segment
248,P3,,TO ADD,Spirits,RUM GOLD,6,Shipmaster Gold Ub 1L,shipmaster-gold-ub-1l-01.jpg,shipmaster-gold-ub-1l-02.jpg,,,,906497,,ALM top-8 in its segment
249,P3,,TO ADD,Rtds,RTD'S,6,Can Club and Dry Cube Can 375mL,can-club-and-dry-cube-can-375ml-01.jpg,can-club-and-dry-cube-can-375ml-02.jpg,,89.83,9316417009101,63105,,"ALM top-8 in its segment | MULTIPACK - cost is per carton/cube, price to set by hand"
250,P3,,TO ADD,Wine,SPARKLING CHAMPAGNE,7,Pol Roger Brut Non Vintage 750mL,pol-roger-brut-non-vintage-750ml-01.jpg,pol-roger-brut-non-vintage-750ml-02.jpg,149.99,102.21,3260923012000,535437,SAMUEL SMITH & SON,ALM top-8 in its segment
251,P3,,TO ADD,Spirits,RUM DARK,7,Bundaberg Mdc Sml Batch 40% 700mL,bundaberg-mdc-sml-batch-40-700ml-01.jpg,bundaberg-mdc-sml-batch-40-700ml-02.jpg,93.99,63.90,9310495079056,94813,,ALM top-8 in its segment
252,P3,,TO ADD,Spirits,RUM GOLD,7,Ratu Spiced Rum 5YO 700mL,ratu-spiced-rum-5yo-700ml-01.jpg,ratu-spiced-rum-5yo-700ml-02.jpg,92.99,62.81,9421901704209,846320,,ALM top-8 in its segment
253,P3,,TO ADD,Spirits,BOURBON,7,Jack Daniel's Gentleman Jack 700mL,jack-daniel-s-gentleman-jack-700ml-01.jpg,jack-daniel-s-gentleman-jack-700ml-02.jpg,90.99,61.51,0082184038758,548121,,ALM top-8 in its segment
254,P3,,TO ADD,Spirits,VODKA,7,Skyy Vodka 37.5% 1L,skyy-vodka-37-5-1l-01.jpg,skyy-vodka-37-5-1l-02.jpg,82.99,56.48,8000040007146,570149,,ALM top-8 in its segment
255,P3,,TO ADD,Spirits,GIN,7,Bombay Sapphire Gin 700mL,bombay-sapphire-gin-700ml-01.jpg,bombay-sapphire-gin-700ml-02.jpg,78.99,53.72,07881954,368225,,ALM top-8 in its segment
256,P3,,TO ADD,Spirits,RUM WHITE,7,Havana Club Anos3Yo 37.5% 700mL,havana-club-anos3yo-37-5-700ml-01.jpg,havana-club-anos3yo-37-5-700ml-02.jpg,67.99,45.97,8501110088831,234905,,ALM top-8 in its segment
257,P3,,TO ADD,Spirits,OTHER SPIRITS,7,Ouzo 12 Nupk 700mL,ouzo-12-nupk-700ml-01.jpg,ouzo-12-nupk-700ml-02.jpg,62.99,42.44,5201003110702,543516,,ALM top-8 in its segment
258,P3,,TO ADD,Rtds,RTD'S,7,Hard Rated Lem 4.5% 10 pack 375mL,hard-rated-lem-4-5-10-pack-375ml-01.jpg,hard-rated-lem-4-5-10-pack-375ml-02.jpg,59.99,40.33,9329982024967,569494,,ALM top-8 in its segment
259,P3,,TO ADD,Wine,SPARKLING RED,7,Bleasdale Sparkling Shiraz 750mL,bleasdale-sparkling-shiraz-750ml-01.jpg,bleasdale-sparkling-shiraz-750ml-02.jpg,26.99,18.06,9316475001895,752102,NEGOCIANTS AUSTRALIA,ALM top-8 in its segment
260,P3,,TO ADD,Wine,STILL RED,7,Taylors Estate Cabernet Sauvignon 750mL,taylors-estate-cabernet-sauvignon-750ml-01.jpg,taylors-estate-cabernet-sauvignon-750ml-02.jpg,19.99,13.55,9311659000626,523935,TAYLORS WINES PTY LTD,ALM top-8 in its segment
261,P3,,TO ADD,Wine,MOSCATO,7,Brown Brothers Moscato S/Blanc 750mL,brown-brothers-moscato-s-blanc-750ml-01.jpg,brown-brothers-moscato-s-blanc-750ml-02.jpg,17.99,11.69,9311124400166,580005,BROWN FAMILY WINE GROUP,ALM top-8 in its segment
262,P3,,TO ADD,Wine,STILL ROSE,7,Jacobs Ck Lp Rosé 750mL,jacobs-ck-lp-rose-750ml-01.jpg,jacobs-ck-lp-rose-750ml-02.jpg,14.99,9.69,9311043403484,640994,VINARCHY AUSTRALIA,ALM top-8 in its segment
263,P3,,TO ADD,Wine,WINE OTHER,7,Penfolds Club Port 750mL,penfolds-club-port-750ml-01.jpg,penfolds-club-port-750ml-02.jpg,14.99,9.93,9310297000203,509614,PENFOLDS WINES INTERNATIO,ALM top-8 in its segment
264,P3,,TO ADD,Wine,STILL WHITE,7,Hardys Vr Chardonnay 1L,hardys-vr-chardonnay-1l-01.jpg,hardys-vr-chardonnay-1l-02.jpg,10.99,6.91,9311043088810,534871,VINARCHY AUSTRALIA,ALM top-8 in its segment
265,P3,,TO ADD,Wine,SPARKLING ROSE,7,Passion Pop Mixed Berry 750mL,passion-pop-mixed-berry-750ml-01.jpg,passion-pop-mixed-berry-750ml-02.jpg,8.99,5.90,9311471000651,585830,AUSTRALIAN VINTAGE-DOMEST,ALM top-8 in its segment
266,P3,,TO ADD,Spirits,WHISKEY,7,Sheep Dog P/Butter Whisk 700mL,sheep-dog-p-butter-whisk-700ml-01.jpg,sheep-dog-p-butter-whisk-700ml-02.jpg,,,,240977,,ALM top-8 in its segment
267,P3,,TO ADD,Spirits,RUM DARK,8,Kraken Black Spiced Rum 1L,kraken-black-spiced-rum-1l-01.jpg,kraken-black-spiced-rum-1l-02.jpg,122.99,83.80,0811538018753,287377,,ALM top-8 in its segment
268,P3,,TO ADD,Wine,SPARKLING CHAMPAGNE,8,Perrier Jouet Grand Brut 750mL,perrier-jouet-grand-brut-750ml-01.jpg,perrier-jouet-grand-brut-750ml-02.jpg,119.99,81.71,3113880105110,711397,PERNOD RICARD AUST P/L,ALM top-8 in its segment
269,P3,,TO ADD,Spirits,BOURBON,8,Wild Turkey 81PROOF 40.5% 700mL,wild-turkey-81proof-40-5-700ml-01.jpg,wild-turkey-81proof-40-5-700ml-02.jpg,73.99,49.89,9343496003492,659728,,ALM top-8 in its segment
270,P3,,TO ADD,Spirits,RUM WHITE,8,Beenleigh Rum White 37.5% 700mL,beenleigh-rum-white-37-5-700ml-01.jpg,beenleigh-rum-white-37-5-700ml-02.jpg,65.99,44.53,9332364002491,578155,,ALM top-8 in its segment
271,P3,,TO ADD,Spirits,WHISKEY,8,Canadian Club Original 37% 700mL,canadian-club-original-37-700ml-01.jpg,canadian-club-original-37-700ml-02.jpg,63.99,43.61,0080686816089,560929,,ALM top-8 in its segment
272,P3,,TO ADD,Rtds,RTD'S,8,Hard Rated Original 4.5% 10 pack 375mL,hard-rated-original-4-5-10-pack-375ml-01.jpg,hard-rated-original-4-5-10-pack-375ml-02.jpg,59.99,40.33,9329982026077,245668,,ALM top-8 in its segment
273,P3,,TO ADD,Wine,WINE SPARKLING WHITE,8,Jansz Non Vintage 750mL,jansz-non-vintage-750ml-01.jpg,jansz-non-vintage-750ml-02.jpg,34.99,23.40,9311789078601,781363,SAMUEL SMITH & SON,ALM top-8 in its segment
274,P3,,TO ADD,Wine,STILL ROSE,8,Oyster Bay Rosé 750mL,oyster-bay-rose-750ml-01.jpg,oyster-bay-rose-750ml-02.jpg,22.99,15.42,9415549805602,650567,DELEGAT AUSTRALIA PTY LTD,ALM top-8 in its segment
275,P3,,TO ADD,Wine,SPARKLING RED,8,De Bortoli Chilbil Spzred 750mL,de-bortoli-chilbil-spzred-750ml-01.jpg,de-bortoli-chilbil-spzred-750ml-02.jpg,19.99,13.09,9300752051574,340586,DE BORTOLI WINES PTY LIMI,ALM top-8 in its segment
276,P3,,TO ADD,Wine,MOSCATO,8,Tgallant Juliet Moscato 750mL,tgallant-juliet-moscato-750ml-01.jpg,tgallant-juliet-moscato-750ml-02.jpg,17.99,11.99,9326983003007,976683,TREASURY WINE ESTATES,ALM top-8 in its segment
277,P3,,TO ADD,Wine,STILL WHITE,8,Ta Ku Sauvignon Blanc 750mL,ta-ku-sauvignon-blanc-750ml-01.jpg,ta-ku-sauvignon-blanc-750ml-02.jpg,16.99,11.10,9311043012747,513537,VINARCHY AUSTRALIA,ALM top-8 in its segment
278,P3,,TO ADD,Wine,SPARKLING ROSE,8,Grant Burge Sparkling Petite Rosé 750mL,grant-burge-sparkling-petite-rose-750ml-01.jpg,grant-burge-sparkling-petite-rose-750ml-02.jpg,15.99,10.36,9315705871185,284497,VINARCHY AUSTRALIA,ALM top-8 in its segment
279,P3,,TO ADD,Wine,STILL RED,8,St Hallett Black Clay Shiraz 750mL,st-hallett-black-clay-shiraz-750ml-01.jpg,st-hallett-black-clay-shiraz-750ml-02.jpg,15.99,10.27,9316920415338,578553,VINARCHY AUSTRALIA,ALM top-8 in its segment
280,P3,,TO ADD,Wine,WINE OTHER,8,Mcw Rr Tawny 750mL,mcw-rr-tawny-750ml-01.jpg,mcw-rr-tawny-750ml-02.jpg,8.99,6.02,9311769011000,509096,CALABRIA FAMILY WINES P/L,ALM top-8 in its segment
281,P4,,TO ADD,Spirits,TEQUILA,9,Casamigos Blanco Tequila 40% 700mL,casamigos-blanco-tequila-40-700ml-01.jpg,casamigos-blanco-tequila-40-700ml-02.jpg,91.99,62.07,5000281058320,458897,,ALM top-12 in its segment
282,P4,,TO ADD,Spirits,RUM GOLD,9,Bati Spiced Rum 2YO 37.5 700mL,bati-spiced-rum-2yo-37-5-700ml-01.jpg,bati-spiced-rum-2yo-37-5-700ml-02.jpg,70.99,48.03,9421901704698,846299,,ALM top-12 in its segment
283,P4,,TO ADD,Spirits,RUM DARK,9,Bundaberg Rum Red 700mL,bundaberg-rum-red-700ml-01.jpg,bundaberg-rum-red-700ml-02.jpg,64.99,43.94,9311866008798,659744,,ALM top-12 in its segment
284,P4,,TO ADD,Spirits,SCOTCH,9,Black Douglas Scotch 700mL,black-douglas-scotch-700ml-01.jpg,black-douglas-scotch-700ml-02.jpg,60.99,41.42,9300776006628,555584,,ALM top-12 in its segment
285,P4,,TO ADD,Wine,SPARKLING ROSE,9,La Vieille Ferme Sparkling Rosé 750mL,la-vieille-ferme-sparkling-rose-750ml-01.jpg,la-vieille-ferme-sparkling-rose-750ml-02.jpg,28.99,19.17,3296184020379,286423,SAMUEL SMITH & SON,ALM top-12 in its segment
286,P4,,TO ADD,Wine,STILL RED,9,Pepperjack Barossa Cabernet Sauvignon 750mL,pepperjack-barossa-cabernet-sauvignon-750ml-01.jpg,pepperjack-barossa-cabernet-sauvignon-750ml-02.jpg,24.99,16.76,9300770003296,794219,TREASURY WINE ESTATES,ALM top-12 in its segment
287,P4,,TO ADD,Wine,STILL ROSE,9,Pepperjack Rosé 750mL,pepperjack-rose-750ml-01.jpg,pepperjack-rose-750ml-02.jpg,24.99,16.76,9300770005368,318911,TREASURY WINE ESTATES,ALM top-12 in its segment
288,P4,,TO ADD,Wine,SPARKLING RED,9,De Bortoli Woodf Shiraz Cuvée 750mL,de-bortoli-woodf-shiraz-cuvee-750ml-01.jpg,de-bortoli-woodf-shiraz-cuvee-750ml-02.jpg,19.99,13.35,9300752052335,183057,DE BORTOLI WINES PTY LIMI,ALM top-12 in its segment
289,P4,,TO ADD,Wine,MOSCATO,9,Brown Brothers Moscato Sp 750mL,brown-brothers-moscato-sp-750ml-01.jpg,brown-brothers-moscato-sp-750ml-02.jpg,17.99,11.69,0029147106901,540903,BROWN FAMILY WINE GROUP,ALM top-12 in its segment
290,P4,,TO ADD,Wine,WINE OTHER,9,Stones Ginger Wine 750mL,stones-ginger-wine-750ml-01.jpg,stones-ginger-wine-750ml-02.jpg,13.99,9.03,9300694281046,540296,VINTAGE HOUSE WINE & SPIR,ALM top-12 in its segment
291,P4,,TO ADD,Wine,STILL WHITE,9,Tatachilla White Adml P/Gri 750mL,tatachilla-white-adml-p-gri-750ml-01.jpg,tatachilla-white-adml-p-gri-750ml-02.jpg,10.99,7.34,9313048851802,20916,VINARCHY AUSTRALIA,ALM top-12 in its segment
292,P4,,TO ADD,Rtds,RTD'S,9,Jack Daniel's and Cola Can 375mL,jack-daniel-s-and-cola-can-375ml-01.jpg,jack-daniel-s-and-cola-can-375ml-02.jpg,7.99,5.21,9310733001320,570932,,ALM top-12 in its segment
293,P4,,TO ADD,Wine,SPARKLING CHAMPAGNE,9,Mumm Cordon Rouge Nv26 Gift Box 750mL,mumm-cordon-rouge-nv26-gift-box-750ml-01.jpg,mumm-cordon-rouge-nv26-gift-box-750ml-02.jpg,,,,306781,,ALM top-12 in its segment
294,P4,,TO ADD,Spirits,GIN,9,Bombay Sapphire Gin 700mL,bombay-sapphire-gin-700ml-788195-01.jpg,bombay-sapphire-gin-700ml-788195-02.jpg,,,,788195,,ALM top-12 in its segment
295,P4,,TO ADD,Spirits,OTHER SPIRITS,9,Aperol Spritz Pack 700mL+ 750mL,aperol-spritz-pack-700ml-750ml-01.jpg,aperol-spritz-pack-700ml-750ml-02.jpg,,28.57,9343496001702,615436,,"ALM top-12 in its segment | MULTIPACK - cost is per carton/cube, price to set by hand"
296,P4,,TO ADD,Spirits,RUM WHITE,9,Bacardi Rum 1L,bacardi-rum-1l-01.jpg,bacardi-rum-1l-02.jpg,,,,977838,,ALM top-12 in its segment
297,P4,,TO ADD,Spirits,BOURBON,10,Jim Beam Whitelabel6P37% 1125mL,jim-beam-whitelabel6p37-1125ml-01.jpg,jim-beam-whitelabel6p37-1125ml-02.jpg,106.99,72.52,5010278101304,529046,,ALM top-12 in its segment
298,P4,,TO ADD,Spirits,OTHER SPIRITS,10,Hennessy VS Naked Bottle 700mL,hennessy-vs-naked-bottle-700ml-01.jpg,hennessy-vs-naked-bottle-700ml-02.jpg,97.99,66.31,3245990043300,14559,,ALM top-12 in its segment
299,P4,,TO ADD,Spirits,RUM DARK,10,Bundaberg Drop Bear Sp P/App 700mL,bundaberg-drop-bear-sp-p-app-700ml-01.jpg,bundaberg-drop-bear-sp-p-app-700ml-02.jpg,62.99,42.64,9310495092406,405491,,ALM top-12 in its segment
300,P4,,TO ADD,Spirits,RUM WHITE,10,Casa Spirits White Rum 700mL,casa-spirits-white-rum-700ml-01.jpg,casa-spirits-white-rum-700ml-02.jpg,58.99,39.98,9356572000773,653895,,ALM top-12 in its segment
301,P4,,TO ADD,Spirits,GIN,10,Vickers Gin 700mL,vickers-gin-700ml-01.jpg,vickers-gin-700ml-02.jpg,57.99,39.22,9310495051380,503537,,ALM top-12 in its segment
302,P4,,TO ADD,Wine,SPARKLING ROSE,10,Oyster Bay Cuvée Rosé Sparkling 750mL,oyster-bay-cuvee-rose-sparkling-750ml-01.jpg,oyster-bay-cuvee-rose-sparkling-750ml-02.jpg,24.99,17.02,9415549825617,512507,DELEGAT AUSTRALIA PTY LTD,ALM top-12 in its segment
303,P4,,TO ADD,Wine,WINE SPARKLING WHITE,10,Grant Burge Pinot Chardonnay NV 750mL,grant-burge-pinot-chardonnay-nv-750ml-01.jpg,grant-burge-pinot-chardonnay-nv-750ml-02.jpg,24.99,16.42,9315705000004,535194,VINARCHY AUSTRALIA,ALM top-12 in its segment
304,P4,,TO ADD,Wine,WINE OTHER,10,Zonzo NV Limoncello Sprtz 750mL,zonzo-nv-limoncello-sprtz-750ml-01.jpg,zonzo-nv-limoncello-sprtz-750ml-02.jpg,23.99,15.75,9354864001224,619286,ZONZO ESTATE,ALM top-12 in its segment
305,P4,,TO ADD,Wine,MOSCATO,10,Brown Brothers Moscato Rosé Sp 750mL,brown-brothers-moscato-rose-sp-750ml-01.jpg,brown-brothers-moscato-rose-sp-750ml-02.jpg,17.99,11.69,0029147106918,540908,BROWN FAMILY WINE GROUP,ALM top-12 in its segment
306,P4,,TO ADD,Wine,STILL WHITE,10,Jacobs Ck Sauvignon Blanc 750mL,jacobs-ck-sauvignon-blanc-750ml-01.jpg,jacobs-ck-sauvignon-blanc-750ml-02.jpg,11.99,7.56,9311043403101,760189,VINARCHY AUSTRALIA,ALM top-12 in its segment
307,P4,,TO ADD,Wine,STILL ROSE,10,Hardys Vr Rosé 1L,hardys-vr-rose-1l-01.jpg,hardys-vr-rose-1l-02.jpg,10.99,6.91,9311043842160,224065,VINARCHY AUSTRALIA,ALM top-12 in its segment
308,P4,,TO ADD,Rtds,RTD'S,10,Hard Rated Lemon 4.5% 375mL,hard-rated-lemon-4-5-375ml-01.jpg,hard-rated-lemon-4-5-375ml-02.jpg,6.99,4.50,9329982024936,562785,,ALM top-12 in its segment
309,P4,,TO ADD,Wine,SPARKLING CHAMPAGNE,10,Moet Chandon Impbrut Nvgb 750mL,moet-chandon-impbrut-nvgb-750ml-01.jpg,moet-chandon-impbrut-nvgb-750ml-02.jpg,,,,335853,,ALM top-12 in its segment
310,P4,,TO ADD,Spirits,RUM GOLD,10,Captain Morgan Trop M&Pine 700mL,captain-morgan-trop-m-pine-700ml-01.jpg,captain-morgan-trop-m-pine-700ml-02.jpg,,,,227246,,ALM top-12 in its segment
311,P4,,TO ADD,Spirits,SCOTCH,11,Johnnie Walker Red Label Nupk 1125mL,johnnie-walker-red-label-nupk-1125ml-01.jpg,johnnie-walker-red-label-nupk-1125ml-02.jpg,123.99,84.32,5000267013404,584334,,ALM top-12 in its segment
312,P4,,TO ADD,Spirits,GIN,11,Tanqueray Gin 1L,tanqueray-gin-1l-01.jpg,tanqueray-gin-1l-02.jpg,104.99,71.13,9310495082827,583618,,ALM top-12 in its segment
313,P4,,TO ADD,Spirits,RUM DARK,11,Bundaberg Rum Xf Bourbonbarl 700mL,bundaberg-rum-xf-bourbonbarl-700ml-01.jpg,bundaberg-rum-xf-bourbonbarl-700ml-02.jpg,75.99,51.74,9310495091249,214722,,ALM top-12 in its segment
314,P4,,TO ADD,Spirits,RUM GOLD,11,Beenleigh Spiced Rum 700mL,beenleigh-spiced-rum-700ml-01.jpg,beenleigh-spiced-rum-700ml-02.jpg,74.99,50.51,9332364009148,904584,,ALM top-12 in its segment
315,P4,,TO ADD,Spirits,OTHER SPIRITS,11,De Kuyper Schnap B/Scotch 700mL,de-kuyper-schnap-b-scotch-700ml-01.jpg,de-kuyper-schnap-b-scotch-700ml-02.jpg,63.99,43.49,8710625502309,785985,,ALM top-12 in its segment
316,P4,,TO ADD,Spirits,WHISKEY,11,Southern Comfort 30% 700mL,southern-comfort-30-700ml-01.jpg,southern-comfort-30-700ml-02.jpg,60.99,41.23,1210000100313,653078,,ALM top-12 in its segment
317,P4,,TO ADD,Rtds,RTD'S,11,Woodstock&Cola 4.8% 10 pack 375mL,woodstock-cola-4-8-10-pack-375ml-01.jpg,woodstock-cola-4-8-10-pack-375ml-02.jpg,52.99,35.59,9329982013657,554567,,ALM top-12 in its segment
318,P4,,TO ADD,Wine,SPARKLING RED,11,Seppelt Sparkling Shiraz 750mL,seppelt-sparkling-shiraz-750ml-01.jpg,seppelt-sparkling-shiraz-750ml-02.jpg,29.99,19.88,9310194102987,536378,TREASURY WINE ESTATES,ALM top-12 in its segment
319,P4,,TO ADD,Wine,STILL WHITE,11,821 South Marl Sauvignon Blnc 750mL,821-south-marl-sauvignon-blnc-750ml-01.jpg,821-south-marl-sauvignon-blnc-750ml-02.jpg,18.99,12.41,9415305000142,609134,TREASURY WINE ESTATES,ALM top-12 in its segment
320,P4,,TO ADD,Wine,MOSCATO,11,Amberley Kiss&T Moscato 750mL,amberley-kiss-t-moscato-750ml-01.jpg,amberley-kiss-t-moscato-750ml-02.jpg,16.99,11.26,9316176079971,533309,VINARCHY AUSTRALIA,ALM top-12 in its segment
321,P4,,TO ADD,Wine,STILL RED,11,Elephant In Room Pinot Noir 750mL,elephant-in-room-pinot-noir-750ml-01.jpg,elephant-in-room-pinot-noir-750ml-02.jpg,15.99,10.66,9344154011507,793441,FOURTH WAVE WINE PARTNERS,ALM top-12 in its segment
322,P4,,TO ADD,Wine,WINE SPARKLING WHITE,11,Yellowtail Bubbles 750mL,yellowtail-bubbles-750ml-01.jpg,yellowtail-bubbles-750ml-02.jpg,10.99,7.35,9322214009480,775396,CASELLA WINES PTY LTD,ALM top-12 in its segment
323,P4,,TO ADD,Wine,SPARKLING CHAMPAGNE,11,Veuve/ NV Ice Jacket 750mL,veuve-nv-ice-jacket-750ml-01.jpg,veuve-nv-ice-jacket-750ml-02.jpg,,,,940035,,ALM top-12 in its segment
324,P4,,TO ADD,Wine,STILL ROSE,11,Bob Heartsplay Rosé 750mL,bob-heartsplay-rose-750ml-01.jpg,bob-heartsplay-rose-750ml-02.jpg,,,,300298,,ALM top-12 in its segment
325,P4,,TO ADD,Spirits,RUM WHITE,11,Shipmaster Silver Ub 1L,shipmaster-silver-ub-1l-01.jpg,shipmaster-silver-ub-1l-02.jpg,,,,906879,,ALM top-12 in its segment
326,P4,,TO ADD,Spirits,TEQUILA,11,Avc Margarita Batch 750mL,avc-margarita-batch-750ml-01.jpg,avc-margarita-batch-750ml-02.jpg,,,,700273,,ALM top-12 in its segment
327,P4,,TO ADD,Spirits,GIN,12,Bombay Gin Sapphire 1L,bombay-gin-sapphire-1l-01.jpg,bombay-gin-sapphire-1l-02.jpg,109.99,74.50,5010677710251,367782,,ALM top-12 in its segment
328,P4,,TO ADD,Spirits,BOURBON,12,Woodford Reserve Bourbon 700mL,woodford-reserve-bourbon-700ml-01.jpg,woodford-reserve-bourbon-700ml-02.jpg,95.99,65.30,5099873007617,798695,,ALM top-12 in its segment
329,P4,,TO ADD,Spirits,WHISKEY,12,Toki Japanese Whisky 700mL,toki-japanese-whisky-700ml-01.jpg,toki-japanese-whisky-700ml-02.jpg,91.99,62.13,4901777303553,607690,,ALM top-12 in its segment
330,P4,,TO ADD,Spirits,RUM GOLD,12,Rusty Barrel Gold Rum 700mL,rusty-barrel-gold-rum-700ml-01.jpg,rusty-barrel-gold-rum-700ml-02.jpg,90.99,61.49,9350321000427,825293,,ALM top-12 in its segment
331,P4,,TO ADD,Spirits,RUM DARK,12,Bundaberg Select Vat 700mL,bundaberg-select-vat-700ml-01.jpg,bundaberg-select-vat-700ml-02.jpg,75.99,51.74,9310495075898,558561,,ALM top-12 in its segment
332,P4,,TO ADD,Spirits,OTHER SPIRITS,12,Akropolis Ouzo 6 pack 700mL,akropolis-ouzo-6-pack-700ml-01.jpg,akropolis-ouzo-6-pack-700ml-02.jpg,72.99,49.29,9320000030779,593626,,ALM top-12 in its segment
333,P4,,TO ADD,Spirits,RUM WHITE,12,Bacardi Coconut 27% 700mL,bacardi-coconut-27-700ml-01.jpg,bacardi-coconut-27-700ml-02.jpg,65.99,44.77,7610113028100,367520,,ALM top-12 in its segment
334,P4,,TO ADD,Spirits,SCOTCH,12,Ballantines Scotch 700mL,ballantines-scotch-700ml-01.jpg,ballantines-scotch-700ml-02.jpg,65.99,44.45,5010106113127,555940,,ALM top-12 in its segment
335,P4,,TO ADD,Rtds,RTD'S,12,Suntory -196 Lemon 10 pack 330mL,suntory-196-lemon-10-pack-330ml-01.jpg,suntory-196-lemon-10-pack-330ml-02.jpg,57.99,39.04,9316417007961,283386,,ALM top-12 in its segment
336,P4,,TO ADD,Wine,SPARKLING RED,12,Morris Sparkling Shiraz Durif 750mL,morris-sparkling-shiraz-durif-750ml-01.jpg,morris-sparkling-shiraz-durif-750ml-02.jpg,21.99,14.89,9322214005543,549038,OATLEY FINE WINE MERCHANT,ALM top-12 in its segment
337,P4,,TO ADD,Wine,STILL ROSE,12,Days Of Rosé Dry Rosé 750mL,days-of-rose-dry-rose-750ml-01.jpg,days-of-rose-dry-rose-750ml-02.jpg,19.99,13.32,9311043826313,227194,VINARCHY AUSTRALIA,ALM top-12 in its segment
338,P4,,TO ADD,Wine,SPARKLING ROSE,12,Grant Burge Prosecco Rosé NV 750mL,grant-burge-prosecco-rose-nv-750ml-01.jpg,grant-burge-prosecco-rose-nv-750ml-02.jpg,17.99,11.96,9315705876067,444822,VINARCHY AUSTRALIA,ALM top-12 in its segment
339,P4,,TO ADD,Wine,STILL RED,12,St Hallett Faith Shiraz 750mL,st-hallett-faith-shiraz-750ml-01.jpg,st-hallett-faith-shiraz-750ml-02.jpg,15.99,10.75,9316920000084,521399,VINARCHY AUSTRALIA,ALM top-12 in its segment
340,P4,,TO ADD,Wine,MOSCATO,12,Vivo Moscato 750mL,vivo-moscato-750ml-01.jpg,vivo-moscato-750ml-02.jpg,8.99,5.77,9300752371535,608201,DE BORTOLI WINES PTY LIMI,ALM top-12 in its segment
341,P4,,TO ADD,Wine,STILL WHITE,12,Lind B95 Sauvignon Blanc 750mL,lind-b95-sauvignon-blanc-750ml-01.jpg,lind-b95-sauvignon-blanc-750ml-02.jpg,8.99,5.69,9311218110223,530550,TREASURY WINE ESTATES,ALM top-12 in its segment
342,P4,,TO ADD,Wine,WINE OTHER,12,Richland Limoncello Sptz 750mL,richland-limoncello-sptz-750ml-01.jpg,richland-limoncello-sptz-750ml-02.jpg,8.99,6.07,9319020013725,221635,CALABRIA FAMILY WINES P/L,ALM top-12 in its segment
343,P4,,TO ADD,Wine,WINE SPARKLING WHITE,12,Passion Pop Original 750mL,passion-pop-original-750ml-01.jpg,passion-pop-original-750ml-02.jpg,8.99,5.90,93363808,541585,AUSTRALIAN VINTAGE-DOMEST,ALM top-12 in its segment
344,P4,,TO ADD,Wine,SPARKLING CHAMPAGNE,12,Bernard Remy Cbbrut Champ 750mL,bernard-remy-cbbrut-champ-750ml-01.jpg,bernard-remy-cbbrut-champ-750ml-02.jpg,,,,336401,,ALM top-12 in its segment
345,P4,,TO ADD,Spirits,TEQUILA,12,Casamigos Tequila Blanco 40% 1L,casamigos-tequila-blanco-40-1l-01.jpg,casamigos-tequila-blanco-40-1l-02.jpg,,,,234492,,ALM top-12 in its segment
346,P4,,TO ADD,Spirits,OTHER SPIRITS,13,Hennessy Cog VSOP 700mL,hennessy-cog-vsop-700ml-01.jpg,hennessy-cog-vsop-700ml-02.jpg,134.99,91.76,3245999484319,571491,,ALM top-12 in its segment
347,P4,,TO ADD,Spirits,TEQUILA,13,Patron Silver 700mL,patron-silver-700ml-01.jpg,patron-silver-700ml-02.jpg,112.99,76.96,0721733000739,369394,,ALM top-12 in its segment
348,P4,,TO ADD,Spirits,BOURBON,13,Wild Turkey 101 Proof 700mL,wild-turkey-101-proof-700ml-01.jpg,wild-turkey-101-proof-700ml-02.jpg,90.99,61.44,0721059777001,782199,,ALM top-12 in its segment
349,P4,,TO ADD,Spirits,RUM GOLD,13,Havana Club Añejo Es37.5% 700mL,havana-club-anejo-es37-5-700ml-01.jpg,havana-club-anejo-es37-5-700ml-02.jpg,79.99,53.92,8501110086196,144561,,ALM top-12 in its segment
350,P4,,TO ADD,Spirits,RUM WHITE,13,Malibu Coconut Rum 1L,malibu-coconut-rum-1l-01.jpg,malibu-coconut-rum-1l-02.jpg,67.99,45.72,8410024710618,501205,,ALM top-12 in its segment
351,P4,,TO ADD,Spirits,GIN,13,Begin Gin 700mL,begin-gin-700ml-01.jpg,begin-gin-700ml-02.jpg,64.99,43.83,9323594000906,527015,,ALM top-12 in its segment
352,P4,,TO ADD,Wine,STILL RED,13,Tread Softly Pinot Noir 750mL,tread-softly-pinot-noir-750ml-01.jpg,tread-softly-pinot-noir-750ml-02.jpg,14.99,9.83,9344154013730,640973,FOURTH WAVE WINE PARTNERS,ALM top-12 in its segment
353,P4,,TO ADD,Wine,WINE OTHER,13,Divas Vkat Raspberry 700mL,divas-vkat-raspberry-700ml-01.jpg,divas-vkat-raspberry-700ml-02.jpg,13.99,9.49,9331772010029,188390,DIVAS BEVERAGES AUSTRALIA,ALM top-12 in its segment
354,P4,,TO ADD,Wine,WINE SPARKLING WHITE,13,Tempus Two Var Prosecco 750mL,tempus-two-var-prosecco-750ml-01.jpg,tempus-two-var-prosecco-750ml-02.jpg,13.99,9.53,9315743503543,748828,AUSTRALIAN VINTAGE-DOMEST,ALM top-12 in its segment
355,P4,,TO ADD,Wine,MOSCATO,13,Jacobs Ck Sparkling Moscato White 750mL,jacobs-ck-sparkling-moscato-white-750ml-01.jpg,jacobs-ck-sparkling-moscato-white-750ml-02.jpg,11.99,7.53,9311043404184,505720,VINARCHY AUSTRALIA,ALM top-12 in its segment
356,P4,,TO ADD,Wine,SPARKLING RED,13,Stonegate Brut Cuvee 750mL,stonegate-brut-cuvee-750ml-01.jpg,stonegate-brut-cuvee-750ml-02.jpg,11.99,7.70,9300694001071,930721,VINTAGE HOUSE WINE & SPIR,ALM top-12 in its segment
357,P4,,TO ADD,Wine,STILL WHITE,13,Houghton White Classic 750mL,houghton-white-classic-750ml-01.jpg,houghton-white-classic-750ml-02.jpg,11.99,7.92,9311420036090,526111,VINARCHY AUSTRALIA,ALM top-12 in its segment
358,P4,,TO ADD,Wine,STILL ROSE,13,Chemin Des Sables Rosé 750mL,chemin-des-sables-rose-750ml-01.jpg,chemin-des-sables-rose-750ml-02.jpg,,,,347402,,ALM top-12 in its segment
359,P4,,TO ADD,Spirits,SCOTCH,13,Glenshiel Scotch Bis 700mL,glenshiel-scotch-bis-700ml-01.jpg,glenshiel-scotch-bis-700ml-02.jpg,,,,647250,,ALM top-12 in its segment
360,P4,,TO ADD,Spirits,VODKA,13,Greenside Premium Tas Vodka 1L,greenside-premium-tas-vodka-1l-01.jpg,greenside-premium-tas-vodka-1l-02.jpg,,,,163858,,ALM top-12 in its segment
361,P4,,TO ADD,Spirits,BOURBON,14,Makers Mark Bourbon 1L,makers-mark-bourbon-1l-01.jpg,makers-mark-bourbon-1l-02.jpg,105.99,71.73,0085246500545,770951,,ALM top-12 in its segment
362,P4,,TO ADD,Spirits,TEQUILA,14,Jose Cuervo Esp Reposado Tequila 1L,jose-cuervo-esp-reposado-tequila-1l-01.jpg,jose-cuervo-esp-reposado-tequila-1l-02.jpg,105.99,71.89,0082000491675,586064,,ALM top-12 in its segment
363,P4,,TO ADD,Spirits,SCOTCH,14,Glenlivet Founder Reserve 700mL,glenlivet-founder-reserve-700ml-01.jpg,glenlivet-founder-reserve-700ml-02.jpg,89.99,61.23,5000299609347,353071,,ALM top-12 in its segment
364,P4,,TO ADD,Wine,WINE SPARKLING WHITE,14,Croser Non Vintage 750mL,croser-non-vintage-750ml-01.jpg,croser-non-vintage-750ml-02.jpg,28.99,19.31,9338979000341,515018,VINARCHY AUSTRALIA,ALM top-12 in its segment
365,P4,,TO ADD,Wine,SPARKLING ROSE,14,Squealing Pig Spark Rosé 750mL,squealing-pig-spark-rose-750ml-01.jpg,squealing-pig-spark-rose-750ml-02.jpg,19.99,13.24,9415305000593,847805,TREASURY WINE ESTATES,ALM top-12 in its segment
366,P4,,TO ADD,Wine,STILL ROSE,14,Bone Dry Rosé 750mL,bone-dry-rose-750ml-01.jpg,bone-dry-rose-750ml-02.jpg,14.99,9.99,9352694003210,218873,DEM BONES WINES PTY,ALM top-12 in its segment
367,P4,,TO ADD,Wine,SPARKLING RED,14,Pepperjack Sparkling Shiraz 750mL,pepperjack-sparkling-shiraz-750ml-01.jpg,pepperjack-sparkling-shiraz-750ml-02.jpg,,,,706517,,ALM top-12 in its segment
368,P4,,TO ADD,Spirits,GIN,14,Bombay Gin Sapphire 1L,bombay-gin-sapphire-1l-565814-01.jpg,bombay-gin-sapphire-1l-565814-02.jpg,,,,565814,,ALM top-12 in its segment
369,P4,,TO ADD,Spirits,GIN,15,Beefeater Gin 40% 1L,beefeater-gin-40-1l-01.jpg,beefeater-gin-40-1l-02.jpg,99.99,67.84,5000329002278,550021,,ALM top-12 in its segment
370,P4,,TO ADD,Spirits,TEQUILA,15,Teremana Tequilablanco40% 700mL,teremana-tequilablanco40-700ml-01.jpg,teremana-tequilablanco40-700ml-02.jpg,99.99,67.50,7503028799114,576789,,ALM top-12 in its segment
371,P4,,TO ADD,Spirits,SCOTCH,15,Singleton Malt Master 700mL,singleton-malt-master-700ml-01.jpg,singleton-malt-master-700ml-02.jpg,82.99,56.52,5000281051413,813966,,ALM top-12 in its segment
372,P4,,TO ADD,Wine,SPARKLING RED,15,Blue Pyrenees Sparkling Shiraz NV 750mL,blue-pyrenees-sparkling-shiraz-nv-750ml-01.jpg,blue-pyrenees-sparkling-shiraz-nv-750ml-02.jpg,34.99,23.65,,56365,BLUE PYRENEES ESTATE PTY. LTD.,ALM top-12 in its segment
373,P4,,TO ADD,Wine,STILL ROSE,15,Taylors Estate Rosé 750mL,taylors-estate-rose-750ml-01.jpg,taylors-estate-rose-750ml-02.jpg,19.99,13.55,9311659001531,707563,TAYLORS WINES PTY LTD,ALM top-12 in its segment
374,P4,,TO ADD,Wine,WINE SPARKLING WHITE,15,Grant Burge Sparkling Petite Bubble 750mL,grant-burge-sparkling-petite-bubble-750ml-01.jpg,grant-burge-sparkling-petite-bubble-750ml-02.jpg,15.99,10.36,9315705825324,922249,VINARCHY AUSTRALIA,ALM top-12 in its segment
375,P4,,TO ADD,Wine,STILL RED,15,19 Crimes Shiraz 750mL,19-crimes-shiraz-750ml-01.jpg,19-crimes-shiraz-750ml-02.jpg,12.99,8.55,9311220005005,524423,TREASURY WINE ESTATES,ALM top-12 in its segment
376,P4,,TO ADD,Spirits,SCOTCH,16,Johnnie Walker Black Label 1L,johnnie-walker-black-label-1l-01.jpg,johnnie-walker-black-label-1l-02.jpg,106.99,72.49,5000267189604,14384,,ALM top-12 in its segment
377,P4,,TO ADD,Spirits,GIN,16,Beefeater Gin 700mL,beefeater-gin-700ml-01.jpg,beefeater-gin-700ml-02.jpg,66.99,45.27,5000329002193,577992,,ALM top-12 in its segment
378,P4,,TO ADD,Spirits,BOURBON,16,Cougar Bourbon 700mL,cougar-bourbon-700ml-01.jpg,cougar-bourbon-700ml-02.jpg,60.99,41.23,9300776006437,585953,,ALM top-12 in its segment
379,P4,,TO ADD,Wine,STILL ROSE,16,Bone Dry Rosé 750mL,bone-dry-rose-750ml-207084-01.jpg,bone-dry-rose-750ml-207084-02.jpg,,,,207084,,ALM top-12 in its segment
380,P4,,TO ADD,Spirits,VODKA,16,Tovaritch Vodka 37.5% 1L,tovaritch-vodka-37-5-1l-01.jpg,tovaritch-vodka-37-5-1l-02.jpg,,,,574478,,ALM top-12 in its segment
381,P4,,TO ADD,Spirits,WHISKEY,17,Fireball Cinnamon Whisky 1L,fireball-cinnamon-whisky-1l-01.jpg,fireball-cinnamon-whisky-1l-02.jpg,89.99,61.19,0088004144678,663413,,ALM top-12 in its segment
382,P4,,TO ADD,Spirits,GIN,17,Malfy Gin Rosa 700mL,malfy-gin-rosa-700ml-01.jpg,malfy-gin-rosa-700ml-02.jpg,81.99,55.57,5000299296066,930124,,ALM top-12 in its segment
383,P4,,TO ADD,Wine,STILL ROSE,17,Mud House Core Rosé 750mL,mud-house-core-rose-750ml-01.jpg,mud-house-core-rose-750ml-02.jpg,17.99,11.74,9421018071553,146940,VINARCHY AUSTRALIA,ALM top-12 in its segment
384,P4,,TO ADD,Spirits,TEQUILA,18,Herradura Tequila Plata 700mL,herradura-tequila-plata-700ml-01.jpg,herradura-tequila-plata-700ml-02.jpg,125.99,85.45,7501145233375,506302,,ALM top-12 in its segment
385,P4,,TO ADD,Spirits,WHISKEY,18,Southern Comfort 30% 1L,southern-comfort-30-1l-01.jpg,southern-comfort-30-1l-02.jpg,86.99,59.30,1210000100269,652616,,ALM top-12 in its segment
386,P4,,TO ADD,Spirits,VODKA,18,Flyka Vodka 37% 6S 700mL,flyka-vodka-37-6s-700ml-01.jpg,flyka-vodka-37-6s-700ml-02.jpg,,,,439725,,ALM top-12 in its segment
387,P4,,TO ADD,Spirits,WHISKEY,19,Bond Seven Whisky 700mL,bond-seven-whisky-700ml-01.jpg,bond-seven-whisky-700ml-02.jpg,65.99,44.57,9323594000494,557780,,ALM top-12 in its segment
388,P4,,TO ADD,Spirits,VODKA,19,Grey Goose Vodka 700mL,grey-goose-vodka-700ml-01.jpg,grey-goose-vodka-700ml-02.jpg,,,,818403,,ALM top-12 in its segment
389,P4,,TO ADD,Spirits,TEQUILA,20,Casa Blanco Agave 700mL,casa-blanco-agave-700ml-01.jpg,casa-blanco-agave-700ml-02.jpg,58.99,39.98,9356572000698,653879,,ALM top-12 in its segment
390,P4,,TO ADD,Spirits,VODKA,20,Fris Vodka 700mL,fris-vodka-700ml-01.jpg,fris-vodka-700ml-02.jpg,56.99,38.64,1210000101501,54910,,ALM top-12 in its segment
391,P4,,TO ADD,Spirits,VODKA,21,Vodka O 37.5% 1L,vodka-o-37-5-1l-01.jpg,vodka-o-37-5-1l-02.jpg,79.99,54.02,9329982019888,586190,,ALM top-12 in its segment
392,P4,,TO ADD,Spirits,WHISKEY,21,Tullamore Dew Irish Whisky 700mL,tullamore-dew-irish-whisky-700ml-01.jpg,tullamore-dew-irish-whisky-700ml-02.jpg,71.99,48.50,5011026108033,754840,,ALM top-12 in its segment
393,P4,,TO ADD,Spirits,TEQUILA,21,Patron Silver 700mL,patron-silver-700ml-387952-01.jpg,patron-silver-700ml-387952-02.jpg,,,,387952,,ALM top-12 in its segment
394,P4,,TO ADD,Spirits,VODKA,22,Pink Dot Vodka 700mL,pink-dot-vodka-700ml-01.jpg,pink-dot-vodka-700ml-02.jpg,44.99,30.08,9309000902675,144341,,ALM top-12 in its segment
