Rank,Priority,Product,Vendor,Status,Price,Why this rank,Filename 01 (front - featured),Filename 02 (back label),Filename 03 (gift box),Shopify handle
1,P1,Da Luca Prosecco,Da Luca,ACTIVE,19.99,LIVE on site with no image - losing sales now,da-luca-prosecco-01.jpg,da-luca-prosecco-02.jpg,da-luca-prosecco-03.jpg,da-luca-prosecco
2,P1,Taylors Estate Cabernet Sauvignon,Taylors Wines,ACTIVE,19.99,LIVE on site with no image - losing sales now,taylors-estate-cabernet-sauvignon-01.jpg,taylors-estate-cabernet-sauvignon-02.jpg,taylors-estate-cabernet-sauvignon-03.jpg,taylors-estate-cabernet-sauvignon
3,P1,Taylors Estate Chardonnay,Taylors Wines,ACTIVE,19.99,LIVE on site with no image - losing sales now,taylors-estate-chardonnay-01.jpg,taylors-estate-chardonnay-02.jpg,taylors-estate-chardonnay-03.jpg,taylors-estate-chardonnay
4,P1,Taylors Estate Shiraz,Taylors Wines,ACTIVE,19.99,LIVE on site with no image - losing sales now,taylors-estate-shiraz-01.jpg,taylors-estate-shiraz-02.jpg,taylors-estate-shiraz-03.jpg,taylors-estate-shiraz
5,P1,La Vieille Ferme Rose,Famille Perrin,ACTIVE,18.99,LIVE on site with no image - losing sales now,la-vieille-ferme-rose-01.jpg,la-vieille-ferme-rose-02.jpg,la-vieille-ferme-rose-03.jpg,la-vieille-ferme-rose
6,P1,Squealing Pig Marlborough Sauvignon Blanc,Squealing Pig,ACTIVE,16.99,LIVE on site with no image - losing sales now,squealing-pig-marlborough-sauvignon-blanc-01.jpg,squealing-pig-marlborough-sauvignon-blanc-02.jpg,squealing-pig-marlborough-sauvignon-blanc-03.jpg,squealing-pig-marlborough-sauvignon-blanc
7,P1,821 South Marlborough Sauvignon Blanc,821 South,ACTIVE,15.99,LIVE on site with no image - losing sales now,821-south-marlborough-sauvignon-blanc-01.jpg,821-south-marlborough-sauvignon-blanc-02.jpg,821-south-marlborough-sauvignon-blanc-03.jpg,821-south-marlborough-sauvignon-blanc
8,P1,Mud House Marlborough Sauvignon Blanc,Mud House,ACTIVE,14.99,LIVE on site with no image - losing sales now,mud-house-marlborough-sauvignon-blanc-01.jpg,mud-house-marlborough-sauvignon-blanc-02.jpg,mud-house-marlborough-sauvignon-blanc-03.jpg,mud-house-marlborough-sauvignon-blanc
9,P1,Wynns The Siding Cabernet Sauvignon,Wynns Coonawarra Estate,ACTIVE,14.99,LIVE on site with no image - losing sales now,wynns-the-siding-cabernet-sauvignon-01.jpg,wynns-the-siding-cabernet-sauvignon-02.jpg,wynns-the-siding-cabernet-sauvignon-03.jpg,wynns-the-siding-cabernet-sauvignon
10,P1,De Bortoli Rose Rose,De Bortoli,ACTIVE,13.99,LIVE on site with no image - losing sales now,de-bortoli-rose-rose-01.jpg,de-bortoli-rose-rose-02.jpg,de-bortoli-rose-rose-03.jpg,de-bortoli-rose-rose
11,P1,Wyndham Estate BIN 555 Shiraz,Wyndham Estate,ACTIVE,13.99,LIVE on site with no image - losing sales now,wyndham-estate-bin-555-shiraz-01.jpg,wyndham-estate-bin-555-shiraz-02.jpg,wyndham-estate-bin-555-shiraz-03.jpg,wyndham-estate-bin-555-shiraz
12,P1,Wyndham Estate BIN 888 Cabernet Merlot,Wyndham Estate,ACTIVE,13.99,LIVE on site with no image - losing sales now,wyndham-estate-bin-888-cabernet-merlot-01.jpg,wyndham-estate-bin-888-cabernet-merlot-02.jpg,wyndham-estate-bin-888-cabernet-merlot-03.jpg,wyndham-estate-bin-888-cabernet-merlot
13,P1,Elephant in the Room Pinot Noir,Fourth Wave Wine,ACTIVE,12.99,LIVE on site with no image - losing sales now,elephant-in-the-room-pinot-noir-01.jpg,elephant-in-the-room-pinot-noir-02.jpg,elephant-in-the-room-pinot-noir-03.jpg,elephant-in-the-room-pinot-noir
14,P1,Stoneleigh Marlborough Sauvignon Blanc,Stoneleigh,ACTIVE,12.99,LIVE on site with no image - losing sales now,stoneleigh-marlborough-sauvignon-blanc-01.jpg,stoneleigh-marlborough-sauvignon-blanc-02.jpg,stoneleigh-marlborough-sauvignon-blanc-03.jpg,stoneleigh-marlborough-sauvignon-blanc
15,P1,Upside Down Rose,Upside Down,ACTIVE,9.99,LIVE on site with no image - losing sales now,upside-down-rose-01.jpg,upside-down-rose-02.jpg,upside-down-rose-03.jpg,upside-down-rose
16,P1,Upside Down Sauvignon Blanc,Upside Down,ACTIVE,9.99,LIVE on site with no image - losing sales now,upside-down-sauvignon-blanc-01.jpg,upside-down-sauvignon-blanc-02.jpg,upside-down-sauvignon-blanc-03.jpg,upside-down-sauvignon-blanc
17,P1,Rawson's Retreat Shiraz Cabernet,Penfolds,ACTIVE,8.99,LIVE on site with no image - losing sales now,rawsons-retreat-shiraz-cabernet-01.jpg,rawsons-retreat-shiraz-cabernet-02.jpg,rawsons-retreat-shiraz-cabernet-03.jpg,rawsons-retreat-shiraz-cabernet
18,P1,Tatachilla White Admiral Pinot Grigio,Tatachilla,ACTIVE,8.99,LIVE on site with no image - losing sales now,tatachilla-white-admiral-pinot-grigio-01.jpg,tatachilla-white-admiral-pinot-grigio-02.jpg,tatachilla-white-admiral-pinot-grigio-03.jpg,tatachilla-white-admiral-pinot-grigio
19,P1,Tatachilla White Admiral Rose,Tatachilla,ACTIVE,8.99,LIVE on site with no image - losing sales now,tatachilla-white-admiral-rose-01.jpg,tatachilla-white-admiral-rose-02.jpg,tatachilla-white-admiral-rose-03.jpg,tatachilla-white-admiral-rose
20,P2,Penfolds Grange,Penfolds,DRAFT,1099.99,Top-demand brand people search by name,penfolds-grange-01.jpg,penfolds-grange-02.jpg,penfolds-grange-03.jpg,penfolds-grange
21,P2,Krug Vintage,Krug,DRAFT,893.99,Top-demand brand people search by name,krug-vintage-01.jpg,krug-vintage-02.jpg,krug-vintage-03.jpg,krug-vintage
22,P2,Dom Perignon Rose,Dom Perignon,DRAFT,883.99,Top-demand brand people search by name,dom-perignon-rose-01.jpg,dom-perignon-rose-02.jpg,dom-perignon-rose-03.jpg,dom-perignon-rose
23,P2,Krug Grande Cuvée,Krug,DRAFT,536.99,Top-demand brand people search by name,krug-grande-cuvee-01.jpg,krug-grande-cuvee-02.jpg,krug-grande-cuvee-03.jpg,krug-grande-cuvee
24,P2,Moët & Chandon Dom Pérignon,Moët & Chandon,DRAFT,536.99,Top-demand brand people search by name,mo-t-and-chandon-dom-perignon-01.jpg,mo-t-and-chandon-dom-perignon-02.jpg,mo-t-and-chandon-dom-perignon-03.jpg,mo-t-and-chandon-dom-perignon
25,P2,Veuve Clicquot La Grande Dame,Veuve Clicquot,DRAFT,414.99,Top-demand brand people search by name,veuve-clicquot-la-grande-dame-01.jpg,veuve-clicquot-la-grande-dame-02.jpg,veuve-clicquot-la-grande-dame-03.jpg,veuve-clicquot-la-grande-dame
26,P2,Ruinart Rose Second Skin,Ruinart,DRAFT,243.99,Top-demand brand people search by name,ruinart-rose-second-skin-01.jpg,ruinart-rose-second-skin-02.jpg,ruinart-rose-second-skin-03.jpg,ruinart-rose-second-skin
27,P2,Bollinger Pinot Noir Tx20 Blanc de Noirs Champagne,Bollinger,DRAFT,234.99,Top-demand brand people search by name,bollinger-pinot-noir-tx20-blanc-de-noirs-champagne-01.jpg,bollinger-pinot-noir-tx20-blanc-de-noirs-champagne-02.jpg,bollinger-pinot-noir-tx20-blanc-de-noirs-champagne-03.jpg,bollinger-pinot-noir-tx20-blanc-de-noirs-champagne
28,P2,Ruinart Blanc de Blanc SS,Ruinart,DRAFT,233.99,Top-demand brand people search by name,ruinart-blanc-de-blanc-ss-01.jpg,ruinart-blanc-de-blanc-ss-02.jpg,ruinart-blanc-de-blanc-ss-03.jpg,ruinart-blanc-de-blanc-ss
29,P2,Veuve Clicquot Rose Reserve,Veuve Clicquot,DRAFT,196.99,Top-demand brand people search by name,veuve-clicquot-rose-reserve-01.jpg,veuve-clicquot-rose-reserve-02.jpg,veuve-clicquot-rose-reserve-03.jpg,veuve-clicquot-rose-reserve
30,P2,Bollinger Rose NV,Bollinger,DRAFT,179.99,Top-demand brand people search by name,bollinger-rose-nv-01.jpg,bollinger-rose-nv-02.jpg,bollinger-rose-nv-03.jpg,bollinger-rose-nv
31,P2,R de Ruinart Brut,Ruinart,DRAFT,167.99,Top-demand brand people search by name,r-de-ruinart-brut-01.jpg,r-de-ruinart-brut-02.jpg,r-de-ruinart-brut-03.jpg,r-de-ruinart-brut
32,P2,Wynns Riddoch Cabernet Sauvignon,Wynns,DRAFT,167.99,Top-demand brand people search by name,wynns-riddoch-cabernet-sauvignon-01.jpg,wynns-riddoch-cabernet-sauvignon-02.jpg,wynns-riddoch-cabernet-sauvignon-03.jpg,wynns-riddoch-cabernet-sauvignon
33,P2,Moet Chandon Vintage,Moet Chandon,DRAFT,156.99,Top-demand brand people search by name,moet-chandon-vintage-01.jpg,moet-chandon-vintage-02.jpg,moet-chandon-vintage-03.jpg,moet-chandon-vintage
34,P2,Cloudy Bay Te Wahi,Cloudy Bay,DRAFT,148.99,Top-demand brand people search by name,cloudy-bay-te-wahi-01.jpg,cloudy-bay-te-wahi-02.jpg,cloudy-bay-te-wahi-03.jpg,cloudy-bay-te-wahi
35,P2,First Drop Fat Of the Land Seppeltsfield Shiraz 2021,First Drop,DRAFT,141.99,Top-demand brand people search by name,first-drop-fat-of-the-land-seppeltsfield-shiraz-2021-01.jpg,first-drop-fat-of-the-land-seppeltsfield-shiraz-2021-02.jpg,first-drop-fat-of-the-land-seppeltsfield-shiraz-2021-03.jpg,first-drop-fat-of-the-land-seppeltsfield-shiraz-2021
36,P2,Pol Roger Brut Non Vintage,Pol Roger,DRAFT,136.99,Top-demand brand people search by name,pol-roger-brut-non-vintage-01.jpg,pol-roger-brut-non-vintage-02.jpg,pol-roger-brut-non-vintage-03.jpg,pol-roger-brut-non-vintage
37,P2,Penfolds St Henri Shiraz,Penfolds,DRAFT,135.99,Top-demand brand people search by name,penfolds-st-henri-shiraz-01.jpg,penfolds-st-henri-shiraz-02.jpg,penfolds-st-henri-shiraz-03.jpg,penfolds-st-henri-shiraz
38,P2,Moet Chandon Rose,Moet Chandon,DRAFT,115.99,Top-demand brand people search by name,moet-chandon-rose-01.jpg,moet-chandon-rose-02.jpg,moet-chandon-rose-03.jpg,moet-chandon-rose
39,P2,Taittinger NV Brut,Taittinger,DRAFT,114.99,Top-demand brand people search by name,taittinger-nv-brut-01.jpg,taittinger-nv-brut-02.jpg,taittinger-nv-brut-03.jpg,taittinger-nv-brut
40,P2,Seppeltsfield Para 21 Year Old Tawny,Seppeltsfield,DRAFT,108.99,Top-demand brand people search by name,seppeltsfield-para-21-year-old-tawny-01.jpg,seppeltsfield-para-21-year-old-tawny-02.jpg,seppeltsfield-para-21-year-old-tawny-03.jpg,seppeltsfield-para-21-year-old-tawny
41,P2,Cloudy Bay Te Koko,Cloudy Bay,DRAFT,98.99,Top-demand brand people search by name,cloudy-bay-te-koko-01.jpg,cloudy-bay-te-koko-02.jpg,cloudy-bay-te-koko-03.jpg,cloudy-bay-te-koko
42,P2,Seppeltsfield Para Rare Tawny NV 15 Year Old,Seppeltsfield,DRAFT,83.99,Top-demand brand people search by name,seppeltsfield-para-rare-tawny-nv-15-year-old-01.jpg,seppeltsfield-para-rare-tawny-nv-15-year-old-02.jpg,seppeltsfield-para-rare-tawny-nv-15-year-old-03.jpg,seppeltsfield-para-rare-tawny-nv-15-year-old
43,P2,Cloudy Bay Pinot Noir,Cloudy Bay,DRAFT,73.99,Top-demand brand people search by name,cloudy-bay-pinot-noir-01.jpg,cloudy-bay-pinot-noir-02.jpg,cloudy-bay-pinot-noir-03.jpg,cloudy-bay-pinot-noir
44,P2,Cloudy Bay Chardonnay,Cloudy Bay,DRAFT,64.99,Top-demand brand people search by name,cloudy-bay-chardonnay-01.jpg,cloudy-bay-chardonnay-02.jpg,cloudy-bay-chardonnay-03.jpg,cloudy-bay-chardonnay
45,P2,Henschke Keyneton Estate,Henschke,DRAFT,62.99,Top-demand brand people search by name,henschke-keyneton-estate-01.jpg,henschke-keyneton-estate-02.jpg,henschke-keyneton-estate-03.jpg,henschke-keyneton-estate
46,P2,Cloudy Bay Sauvignon Blanc,Cloudy Bay,DRAFT,57.99,Top-demand brand people search by name,cloudy-bay-sauvignon-blanc-01.jpg,cloudy-bay-sauvignon-blanc-02.jpg,cloudy-bay-sauvignon-blanc-03.jpg,cloudy-bay-sauvignon-blanc
47,P2,Penfolds Bin 28 Shiraz,Penfolds,DRAFT,48.99,Top-demand brand people search by name,penfolds-bin-28-shiraz-01.jpg,penfolds-bin-28-shiraz-02.jpg,penfolds-bin-28-shiraz-03.jpg,penfolds-bin-28-shiraz
48,P2,Penfolds Bin 407 Cabernet Sauvignon,Penfolds,DRAFT,,Top-demand brand people search by name,penfolds-bin-407-cabernet-sauvignon-01.jpg,penfolds-bin-407-cabernet-sauvignon-02.jpg,penfolds-bin-407-cabernet-sauvignon-03.jpg,penfolds-bin-407-cabernet-sauvignon
49,P2,Penfolds Bin 707 Cabernet Sauvignon,Penfolds,DRAFT,,Top-demand brand people search by name,penfolds-bin-707-cabernet-sauvignon-01.jpg,penfolds-bin-707-cabernet-sauvignon-02.jpg,penfolds-bin-707-cabernet-sauvignon-03.jpg,penfolds-bin-707-cabernet-sauvignon
50,P2,Penfolds Yattarna Bin 144 Chardonnay,Penfolds,DRAFT,,Top-demand brand people search by name,penfolds-yattarna-bin-144-chardonnay-01.jpg,penfolds-yattarna-bin-144-chardonnay-02.jpg,penfolds-yattarna-bin-144-chardonnay-03.jpg,penfolds-yattarna-bin-144-chardonnay
51,P2,Pol Roger Sir Winston Churchill,Pol Roger,DRAFT,,Top-demand brand people search by name,pol-roger-sir-winston-churchill-01.jpg,pol-roger-sir-winston-churchill-02.jpg,pol-roger-sir-winston-churchill-03.jpg,pol-roger-sir-winston-churchill
52,P2,Seppeltsfield 100 Year Old Para Vintage Tawny,Seppeltsfield,DRAFT,,Top-demand brand people search by name,seppeltsfield-100-year-old-para-vintage-tawny-01.jpg,seppeltsfield-100-year-old-para-vintage-tawny-02.jpg,seppeltsfield-100-year-old-para-vintage-tawny-03.jpg,seppeltsfield-100-year-old-para-vintage-tawny
53,P2,Wynns Coonawarra Estate John Riddoch Cabernet Sauvignon,Wynns Coonawarra Estate,DRAFT,,Top-demand brand people search by name,wynns-coonawarra-estate-john-riddoch-cabernet-sauvignon-01.jpg,wynns-coonawarra-estate-john-riddoch-cabernet-sauvignon-02.jpg,wynns-coonawarra-estate-john-riddoch-cabernet-sauvignon-03.jpg,wynns-coonawarra-estate-john-riddoch-cabernet-sauvignon
54,P2,Wynns Coonawarra Estate Michael Shiraz,Wynns Coonawarra Estate,DRAFT,,Top-demand brand people search by name,wynns-coonawarra-estate-michael-shiraz-01.jpg,wynns-coonawarra-estate-michael-shiraz-02.jpg,wynns-coonawarra-estate-michael-shiraz-03.jpg,wynns-coonawarra-estate-michael-shiraz
55,P3,Yalumba Signature Cabernet Shiraz,Yalumba,DRAFT,70.99,"ALM stocks it with a published RRP - mainstream, orderable",yalumba-signature-cabernet-shiraz-01.jpg,yalumba-signature-cabernet-shiraz-02.jpg,yalumba-signature-cabernet-shiraz-03.jpg,yalumba-signature-cabernet-shiraz
56,P3,Jim Barry McRae Shiraz,Jim Barry,DRAFT,56.99,"ALM stocks it with a published RRP - mainstream, orderable",jim-barry-mcrae-shiraz-01.jpg,jim-barry-mcrae-shiraz-02.jpg,jim-barry-mcrae-shiraz-03.jpg,jim-barry-mcrae-shiraz
57,P3,Shaw + Smith M3 Chardonnay,Shaw + Smith,DRAFT,55.99,"ALM stocks it with a published RRP - mainstream, orderable",shaw-smith-m3-chardonnay-01.jpg,shaw-smith-m3-chardonnay-02.jpg,shaw-smith-m3-chardonnay-03.jpg,shaw-smith-m3-chardonnay
58,P3,Vasse Felix Cabernet Sauvignon,Vasse Felix,DRAFT,52.99,"ALM stocks it with a published RRP - mainstream, orderable",vasse-felix-cabernet-sauvignon-01.jpg,vasse-felix-cabernet-sauvignon-02.jpg,vasse-felix-cabernet-sauvignon-03.jpg,vasse-felix-cabernet-sauvignon
59,P3,Shaw + Smith Sauvignon Blanc,Shaw + Smith,DRAFT,29.99,"ALM stocks it with a published RRP - mainstream, orderable",shaw-smith-sauvignon-blanc-01.jpg,shaw-smith-sauvignon-blanc-02.jpg,shaw-smith-sauvignon-blanc-03.jpg,shaw-smith-sauvignon-blanc
60,P3,Turkey Flat Rosé,Turkey Flat,DRAFT,26.99,"ALM stocks it with a published RRP - mainstream, orderable",turkey-flat-rose-01.jpg,turkey-flat-rose-02.jpg,turkey-flat-rose-03.jpg,turkey-flat-rose
61,P4,Brokenwood Graveyard Shiraz,Brokenwood,DRAFT,402.99,Recognised producer or appellation,brokenwood-graveyard-shiraz-01.jpg,brokenwood-graveyard-shiraz-02.jpg,brokenwood-graveyard-shiraz-03.jpg,brokenwood-graveyard-shiraz
62,P4,Joseph Drouhin Gevrey Chambertin,Joseph Drouhin,DRAFT,346.99,Recognised producer or appellation,joseph-drouhin-gevrey-chambertin-01.jpg,joseph-drouhin-gevrey-chambertin-02.jpg,joseph-drouhin-gevrey-chambertin-03.jpg,joseph-drouhin-gevrey-chambertin
63,P4,Château d'Esclans Garrus,Château d'Esclans,DRAFT,306.99,Recognised producer or appellation,chateau-d-esclans-garrus-01.jpg,chateau-d-esclans-garrus-02.jpg,chateau-d-esclans-garrus-03.jpg,chateau-d-esclans-garrus
64,P4,Joseph Drouhin Cote de Beaune Blanc,Joseph Drouhin,DRAFT,154.99,Recognised producer or appellation,joseph-drouhin-cote-de-beaune-blanc-01.jpg,joseph-drouhin-cote-de-beaune-blanc-02.jpg,joseph-drouhin-cote-de-beaune-blanc-03.jpg,joseph-drouhin-cote-de-beaune-blanc
65,P4,Petaluma Anova Cabernet Sauvignon,Petaluma,DRAFT,151.99,Recognised producer or appellation,petaluma-anova-cabernet-sauvignon-01.jpg,petaluma-anova-cabernet-sauvignon-02.jpg,petaluma-anova-cabernet-sauvignon-03.jpg,petaluma-anova-cabernet-sauvignon
66,P4,Petaluma Anova Chardonnay,Petaluma,DRAFT,151.99,Recognised producer or appellation,petaluma-anova-chardonnay-01.jpg,petaluma-anova-chardonnay-02.jpg,petaluma-anova-chardonnay-03.jpg,petaluma-anova-chardonnay
67,P4,Chateau de Maligny Chablis Vieilles Vignes 2025,Chateau de Maligny,DRAFT,112.99,Recognised producer or appellation,chateau-de-maligny-chablis-vieilles-vignes-2025-01.jpg,chateau-de-maligny-chablis-vieilles-vignes-2025-02.jpg,chateau-de-maligny-chablis-vieilles-vignes-2025-03.jpg,chateau-de-maligny-chablis-vieilles-vignes-2025
68,P4,Petaluma Yellow Label Cabernet Merlot,Petaluma,DRAFT,108.99,Recognised producer or appellation,petaluma-yellow-label-cabernet-merlot-01.jpg,petaluma-yellow-label-cabernet-merlot-02.jpg,petaluma-yellow-label-cabernet-merlot-03.jpg,petaluma-yellow-label-cabernet-merlot
69,P4,Chateau de Maligny Chablis Carre de Cesar 2025,Chateau de Maligny,DRAFT,106.99,Recognised producer or appellation,chateau-de-maligny-chablis-carre-de-cesar-2025-01.jpg,chateau-de-maligny-chablis-carre-de-cesar-2025-02.jpg,chateau-de-maligny-chablis-carre-de-cesar-2025-03.jpg,chateau-de-maligny-chablis-carre-de-cesar-2025
70,P4,Vignoble Dauny Sancerre Rouge Pynoz 2024,Vignoble Dauny,DRAFT,87.99,Recognised producer or appellation,vignoble-dauny-sancerre-rouge-pynoz-2024-01.jpg,vignoble-dauny-sancerre-rouge-pynoz-2024-02.jpg,vignoble-dauny-sancerre-rouge-pynoz-2024-03.jpg,vignoble-dauny-sancerre-rouge-pynoz-2024
71,P4,Villebois Sancerre Blanc Marne,Villebois,DRAFT,83.99,Recognised producer or appellation,villebois-sancerre-blanc-marne-01.jpg,villebois-sancerre-blanc-marne-02.jpg,villebois-sancerre-blanc-marne-03.jpg,villebois-sancerre-blanc-marne
72,P4,Chateau d'Esclans Rock Angel,Chateau d'Esclans,DRAFT,80.99,Recognised producer or appellation,chateau-d-esclans-rock-angel-01.jpg,chateau-d-esclans-rock-angel-02.jpg,chateau-d-esclans-rock-angel-03.jpg,chateau-d-esclans-rock-angel
73,P4,Vignoble Dauny AOC Sancerre Blanc Les Caillottes 2025,Vignoble Dauny,DRAFT,80.99,Recognised producer or appellation,vignoble-dauny-aoc-sancerre-blanc-les-caillottes-2025-01.jpg,vignoble-dauny-aoc-sancerre-blanc-les-caillottes-2025-02.jpg,vignoble-dauny-aoc-sancerre-blanc-les-caillottes-2025-03.jpg,vignoble-dauny-aoc-sancerre-blanc-les-caillottes-2025
74,P4,Petaluma Yellow Label Chardonnay,Petaluma,DRAFT,79.99,Recognised producer or appellation,petaluma-yellow-label-chardonnay-01.jpg,petaluma-yellow-label-chardonnay-02.jpg,petaluma-yellow-label-chardonnay-03.jpg,petaluma-yellow-label-chardonnay
75,P4,Chateau de Maligny Petit Chablis 2023,Chateau de Maligny,DRAFT,71.99,Recognised producer or appellation,chateau-de-maligny-petit-chablis-2023-01.jpg,chateau-de-maligny-petit-chablis-2023-02.jpg,chateau-de-maligny-petit-chablis-2023-03.jpg,chateau-de-maligny-petit-chablis-2023
76,P4,Laroche Chablis St Martin,Laroche,DRAFT,69.99,Recognised producer or appellation,laroche-chablis-st-martin-01.jpg,laroche-chablis-st-martin-02.jpg,laroche-chablis-st-martin-03.jpg,laroche-chablis-st-martin
77,P4,Petaluma Yellow Label Shiraz,Petaluma,DRAFT,69.99,Recognised producer or appellation,petaluma-yellow-label-shiraz-01.jpg,petaluma-yellow-label-shiraz-02.jpg,petaluma-yellow-label-shiraz-03.jpg,petaluma-yellow-label-shiraz
78,P4,Patrick Piuze 2023 Petit Chablis,Patrick Piuze,DRAFT,68.99,Recognised producer or appellation,patrick-piuze-2023-petit-chablis-01.jpg,patrick-piuze-2023-petit-chablis-02.jpg,patrick-piuze-2023-petit-chablis-03.jpg,patrick-piuze-2023-petit-chablis
79,P4,Jf Moreau Chablis 2023,JF Moreau,DRAFT,67.99,Recognised producer or appellation,jf-moreau-chablis-2023-01.jpg,jf-moreau-chablis-2023-02.jpg,jf-moreau-chablis-2023-03.jpg,jf-moreau-chablis-2023
80,P4,Minuty Rosé et Or,Minuty,DRAFT,67.99,Recognised producer or appellation,minuty-rose-et-or-01.jpg,minuty-rose-et-or-02.jpg,minuty-rose-et-or-03.jpg,minuty-rose-et-or
81,P4,Domaine Christian Salmon Sancerre Ac,Domaine Christian Salmon,DRAFT,61.99,Recognised producer or appellation,domaine-christian-salmon-sancerre-ac-01.jpg,domaine-christian-salmon-sancerre-ac-02.jpg,domaine-christian-salmon-sancerre-ac-03.jpg,domaine-christian-salmon-sancerre-ac
82,P4,Jf Moreau Petit Chablis 2023,JF Moreau,DRAFT,61.99,Recognised producer or appellation,jf-moreau-petit-chablis-2023-01.jpg,jf-moreau-petit-chablis-2023-02.jpg,jf-moreau-petit-chablis-2023-03.jpg,jf-moreau-petit-chablis-2023
83,P4,Maison Tramier & Fils Aop Chablis 2025,Maison Tramier,DRAFT,60.99,Recognised producer or appellation,maison-tramier-fils-aop-chablis-2025-01.jpg,maison-tramier-fils-aop-chablis-2025-02.jpg,maison-tramier-fils-aop-chablis-2025-03.jpg,maison-tramier-fils-aop-chablis-2025
84,P4,Greywacke Pinot Noir Marlborough New Zealand,Greywacke,DRAFT,58.99,Recognised producer or appellation,greywacke-pinot-noir-marlborough-new-zealand-01.jpg,greywacke-pinot-noir-marlborough-new-zealand-02.jpg,greywacke-pinot-noir-marlborough-new-zealand-03.jpg,greywacke-pinot-noir-marlborough-new-zealand
85,P4,Joseph Drouhin Laforet Bourgogne Pinot Noir,Joseph Drouhin,DRAFT,58.99,Recognised producer or appellation,joseph-drouhin-laforet-bourgogne-pinot-noir-01.jpg,joseph-drouhin-laforet-bourgogne-pinot-noir-02.jpg,joseph-drouhin-laforet-bourgogne-pinot-noir-03.jpg,joseph-drouhin-laforet-bourgogne-pinot-noir
86,P4,Roland Tissier Sancerre,Roland Tissier,DRAFT,56.99,Recognised producer or appellation,roland-tissier-sancerre-01.jpg,roland-tissier-sancerre-02.jpg,roland-tissier-sancerre-03.jpg,roland-tissier-sancerre
87,P4,Villebois Sancerre Rouge,Villebois,DRAFT,56.99,Recognised producer or appellation,villebois-sancerre-rouge-01.jpg,villebois-sancerre-rouge-02.jpg,villebois-sancerre-rouge-03.jpg,villebois-sancerre-rouge
88,P4,Greywacke Chardonnay - Marlborough New Zealand,Greywacke,DRAFT,55.99,Recognised producer or appellation,greywacke-chardonnay-marlborough-new-zealand-01.jpg,greywacke-chardonnay-marlborough-new-zealand-02.jpg,greywacke-chardonnay-marlborough-new-zealand-03.jpg,greywacke-chardonnay-marlborough-new-zealand
89,P4,La Chablisienne Lapierele Chablis,La Chablisienne,DRAFT,55.99,Recognised producer or appellation,la-chablisienne-lapierele-chablis-01.jpg,la-chablisienne-lapierele-chablis-02.jpg,la-chablisienne-lapierele-chablis-03.jpg,la-chablisienne-lapierele-chablis
90,P4,Laroche Petit Chablis 2023,Laroche,DRAFT,55.99,Recognised producer or appellation,laroche-petit-chablis-2023-01.jpg,laroche-petit-chablis-2023-02.jpg,laroche-petit-chablis-2023-03.jpg,laroche-petit-chablis-2023
91,P4,Torbreck Struie,Torbreck,DRAFT,54.99,Recognised producer or appellation,torbreck-struie-01.jpg,torbreck-struie-02.jpg,torbreck-struie-03.jpg,torbreck-struie
92,P4,Greywacke Wild Sauvignon,Greywacke,DRAFT,51.99,Recognised producer or appellation,greywacke-wild-sauvignon-01.jpg,greywacke-wild-sauvignon-02.jpg,greywacke-wild-sauvignon-03.jpg,greywacke-wild-sauvignon
93,P4,Joseph Drouhin Chablis,Joseph Drouhin,DRAFT,51.99,Recognised producer or appellation,joseph-drouhin-chablis-01.jpg,joseph-drouhin-chablis-02.jpg,joseph-drouhin-chablis-03.jpg,joseph-drouhin-chablis
94,P4,Joseph Drouhin Laforet Bourgogne Chardonnay,Joseph Drouhin,DRAFT,51.99,Recognised producer or appellation,joseph-drouhin-laforet-bourgogne-chardonnay-01.jpg,joseph-drouhin-laforet-bourgogne-chardonnay-02.jpg,joseph-drouhin-laforet-bourgogne-chardonnay-03.jpg,joseph-drouhin-laforet-bourgogne-chardonnay
95,P4,Joseph Drouhin Morgon,Joseph Drouhin,DRAFT,48.99,Recognised producer or appellation,joseph-drouhin-morgon-01.jpg,joseph-drouhin-morgon-02.jpg,joseph-drouhin-morgon-03.jpg,joseph-drouhin-morgon
96,P4,Château d'Esclans Whispering Angel,Château d'Esclans,DRAFT,,Recognised producer or appellation,chateau-d-esclans-whispering-angel-01.jpg,chateau-d-esclans-whispering-angel-02.jpg,chateau-d-esclans-whispering-angel-03.jpg,chateau-d-esclans-whispering-angel
97,P4,Domaine Vacheron Sancerre,Domaine Vacheron,DRAFT,,Recognised producer or appellation,domaine-vacheron-sancerre-01.jpg,domaine-vacheron-sancerre-02.jpg,domaine-vacheron-sancerre-03.jpg,domaine-vacheron-sancerre
98,P4,Henri Bourgeois Sancerre,Henri Bourgeois,DRAFT,,Recognised producer or appellation,henri-bourgeois-sancerre-01.jpg,henri-bourgeois-sancerre-02.jpg,henri-bourgeois-sancerre-03.jpg,henri-bourgeois-sancerre
99,P4,Jim Barry The Florita,Jim Barry,DRAFT,,Recognised producer or appellation,jim-barry-the-florita-01.jpg,jim-barry-the-florita-02.jpg,jim-barry-the-florita-03.jpg,jim-barry-the-florita
100,P4,Torbreck Les Amis,Torbreck,DRAFT,,Recognised producer or appellation,torbreck-les-amis-01.jpg,torbreck-les-amis-02.jpg,torbreck-les-amis-03.jpg,torbreck-les-amis
101,P4,Vasse Felix Heytesbury Chardonnay,Vasse Felix,DRAFT,,Recognised producer or appellation,vasse-felix-heytesbury-chardonnay-01.jpg,vasse-felix-heytesbury-chardonnay-02.jpg,vasse-felix-heytesbury-chardonnay-03.jpg,vasse-felix-heytesbury-chardonnay
102,P4,Vasse Felix Tom Cullity,Vasse Felix,DRAFT,,Recognised producer or appellation,vasse-felix-tom-cullity-01.jpg,vasse-felix-tom-cullity-02.jpg,vasse-felix-tom-cullity-03.jpg,vasse-felix-tom-cullity
103,P4,Yalumba The Scribbler,Yalumba,DRAFT,,Recognised producer or appellation,yalumba-the-scribbler-01.jpg,yalumba-the-scribbler-02.jpg,yalumba-the-scribbler-03.jpg,yalumba-the-scribbler
104,P5,San Polo Brunello di Montalcino DOCG Vignavecchia 2017 Sangiovese Tuscany Italy,San Polo,DRAFT,733.99,Long tail - shoot last,san-polo-brunello-di-montalcino-docg-vignavecchia-2017-sangiovese-tuscany-italy-01.jpg,san-polo-brunello-di-montalcino-docg-vignavecchia-2017-sangiovese-tuscany-italy-02.jpg,san-polo-brunello-di-montalcino-docg-vignavecchia-2017-sangiovese-tuscany-italy-03.jpg,san-polo-brunello-di-montalcino-docg-vignavecchia-2017-sangiovese-tuscany-italy
105,P5,Perrier-Jouet Belle Epoque Blanc de Blanc,Perrier-Jouet,DRAFT,602.99,Long tail - shoot last,perrier-jouet-belle-epoque-blanc-de-blanc-01.jpg,perrier-jouet-belle-epoque-blanc-de-blanc-02.jpg,perrier-jouet-belle-epoque-blanc-de-blanc-03.jpg,perrier-jouet-belle-epoque-blanc-de-blanc
106,P5,Champagne Deutz Amour de Deutz Brut Millesime 2011,Champagne Deutz,DRAFT,426.99,Long tail - shoot last,champagne-deutz-amour-de-deutz-brut-millesime-2011-01.jpg,champagne-deutz-amour-de-deutz-brut-millesime-2011-02.jpg,champagne-deutz-amour-de-deutz-brut-millesime-2011-03.jpg,champagne-deutz-amour-de-deutz-brut-millesime-2011
107,P5,Poggio Al Tesoro Dedicato A Walter Bolgheri Superiore DOC Tuscany Italy,Poggio al Tesoro,DRAFT,366.99,Long tail - shoot last,poggio-al-tesoro-dedicato-a-walter-bolgheri-superiore-doc-tuscany-italy-01.jpg,poggio-al-tesoro-dedicato-a-walter-bolgheri-superiore-doc-tuscany-italy-02.jpg,poggio-al-tesoro-dedicato-a-walter-bolgheri-superiore-doc-tuscany-italy-03.jpg,poggio-al-tesoro-dedicato-a-walter-bolgheri-superiore-doc-tuscany-italy
108,P5,Kaesler Old Bastard Shiraz,Kaesler,DRAFT,333.99,Long tail - shoot last,kaesler-old-bastard-shiraz-01.jpg,kaesler-old-bastard-shiraz-02.jpg,kaesler-old-bastard-shiraz-03.jpg,kaesler-old-bastard-shiraz
109,P5,Lacourte-Godbillon Mont Ames-Migreats Premier Cru (Pinot Noir) - Champagne France,Lacourte-Godbillon,DRAFT,283.99,Long tail - shoot last,lacourte-godbillon-mont-ames-migreats-premier-cru-pinot-noir-champagne-france-01.jpg,lacourte-godbillon-mont-ames-migreats-premier-cru-pinot-noir-champagne-france-02.jpg,lacourte-godbillon-mont-ames-migreats-premier-cru-pinot-noir-champagne-france-03.jpg,lacourte-godbillon-mont-ames-migreats-premier-cru-pinot-noir-champagne-france
110,P5,Kilikanoon Attunga 1865 Shiraz 2016,Kilikanoon,DRAFT,275.99,Long tail - shoot last,kilikanoon-attunga-1865-shiraz-2016-01.jpg,kilikanoon-attunga-1865-shiraz-2016-02.jpg,kilikanoon-attunga-1865-shiraz-2016-03.jpg,kilikanoon-attunga-1865-shiraz-2016
111,P5,Hentley Farm Clos Otto Shiraz,Hentley Farm,DRAFT,274.99,Long tail - shoot last,hentley-farm-clos-otto-shiraz-01.jpg,hentley-farm-clos-otto-shiraz-02.jpg,hentley-farm-clos-otto-shiraz-03.jpg,hentley-farm-clos-otto-shiraz
112,P5,Maison Tramier & Fils Corton Grand Cru Pinot Noir 2016,Maison Tramier,DRAFT,251.99,Long tail - shoot last,maison-tramier-fils-corton-grand-cru-pinot-noir-2016-01.jpg,maison-tramier-fils-corton-grand-cru-pinot-noir-2016-02.jpg,maison-tramier-fils-corton-grand-cru-pinot-noir-2016-03.jpg,maison-tramier-fils-corton-grand-cru-pinot-noir-2016
113,P5,Wendouree Cabernet Sauvignon,Wendouree,DRAFT,250.99,Long tail - shoot last,wendouree-cabernet-sauvignon-01.jpg,wendouree-cabernet-sauvignon-02.jpg,wendouree-cabernet-sauvignon-03.jpg,wendouree-cabernet-sauvignon
114,P5,House of Arras EJ Carr Late Disgorged,House of Arras,DRAFT,247.99,Long tail - shoot last,house-of-arras-ej-carr-late-disgorged-01.jpg,house-of-arras-ej-carr-late-disgorged-02.jpg,house-of-arras-ej-carr-late-disgorged-03.jpg,house-of-arras-ej-carr-late-disgorged
115,P5,San Polo Brunello di Montalcino Riserva DOCG 2012 Sangiovese Tuscany Italy,San Polo,DRAFT,233.99,Long tail - shoot last,san-polo-brunello-di-montalcino-riserva-docg-2012-sangiovese-tuscany-italy-01.jpg,san-polo-brunello-di-montalcino-riserva-docg-2012-sangiovese-tuscany-italy-02.jpg,san-polo-brunello-di-montalcino-riserva-docg-2012-sangiovese-tuscany-italy-03.jpg,san-polo-brunello-di-montalcino-riserva-docg-2012-sangiovese-tuscany-italy
116,P5,Maison Tramier & Fils Vosne-Romanee Pinot Noir 2020,Maison Tramier,DRAFT,230.99,Long tail - shoot last,maison-tramier-fils-vosne-romanee-pinot-noir-2020-01.jpg,maison-tramier-fils-vosne-romanee-pinot-noir-2020-02.jpg,maison-tramier-fils-vosne-romanee-pinot-noir-2020-03.jpg,maison-tramier-fils-vosne-romanee-pinot-noir-2020
117,P5,Grant Burge Meshach Shiraz V19,Grant Burge,DRAFT,228.99,Long tail - shoot last,grant-burge-meshach-shiraz-v19-01.jpg,grant-burge-meshach-shiraz-v19-02.jpg,grant-burge-meshach-shiraz-v19-03.jpg,grant-burge-meshach-shiraz-v19
118,P5,Billecart Salmon Brut Sous Bois,Billecart Salmon,DRAFT,217.99,Long tail - shoot last,billecart-salmon-brut-sous-bois-01.jpg,billecart-salmon-brut-sous-bois-02.jpg,billecart-salmon-brut-sous-bois-03.jpg,billecart-salmon-brut-sous-bois
119,P5,Tenuta Meraviglia Rosso Bolgheri Superiore 2018,Tenuta Meraviglia,DRAFT,191.99,Long tail - shoot last,tenuta-meraviglia-rosso-bolgheri-superiore-2018-01.jpg,tenuta-meraviglia-rosso-bolgheri-superiore-2018-02.jpg,tenuta-meraviglia-rosso-bolgheri-superiore-2018-03.jpg,tenuta-meraviglia-rosso-bolgheri-superiore-2018
120,P5,Dow's 30 Year Old Tawny Port,Dow's,DRAFT,178.99,Long tail - shoot last,dow-s-30-year-old-tawny-port-01.jpg,dow-s-30-year-old-tawny-port-02.jpg,dow-s-30-year-old-tawny-port-03.jpg,dow-s-30-year-old-tawny-port
121,P5,Marziano Abbona DOCG Barolo,Marziano Abbona,DRAFT,174.99,Long tail - shoot last,marziano-abbona-docg-barolo-01.jpg,marziano-abbona-docg-barolo-02.jpg,marziano-abbona-docg-barolo-03.jpg,marziano-abbona-docg-barolo
122,P5,Fontanafredda Vigna la Rosa Barolo DOCG Italy,Fontanafredda,DRAFT,173.99,Long tail - shoot last,fontanafredda-vigna-la-rosa-barolo-docg-italy-01.jpg,fontanafredda-vigna-la-rosa-barolo-docg-italy-02.jpg,fontanafredda-vigna-la-rosa-barolo-docg-italy-03.jpg,fontanafredda-vigna-la-rosa-barolo-docg-italy
123,P5,Champagne Deutz Brut Rose NV,Champagne Deutz,DRAFT,169.99,Long tail - shoot last,champagne-deutz-brut-rose-nv-01.jpg,champagne-deutz-brut-rose-nv-02.jpg,champagne-deutz-brut-rose-nv-03.jpg,champagne-deutz-brut-rose-nv
124,P5,Collet Vintage 2014,Collet,DRAFT,163.99,Long tail - shoot last,collet-vintage-2014-01.jpg,collet-vintage-2014-02.jpg,collet-vintage-2014-03.jpg,collet-vintage-2014
125,P5,Donne Fittipaldi Malaroja Malbec Super Tuscan,Donne Fittipaldi,DRAFT,159.99,Long tail - shoot last,donne-fittipaldi-malaroja-malbec-super-tuscan-01.jpg,donne-fittipaldi-malaroja-malbec-super-tuscan-02.jpg,donne-fittipaldi-malaroja-malbec-super-tuscan-03.jpg,donne-fittipaldi-malaroja-malbec-super-tuscan
126,P5,Fontanafredda Barolo Proprieta DOCG Italy,Fontanafredda,DRAFT,154.99,Long tail - shoot last,fontanafredda-barolo-proprieta-docg-italy-01.jpg,fontanafredda-barolo-proprieta-docg-italy-02.jpg,fontanafredda-barolo-proprieta-docg-italy-03.jpg,fontanafredda-barolo-proprieta-docg-italy
127,P5,Lacourte-Godbillon Rose Premier Cru (Pinot Noir) - Champagne France,Lacourte-Godbillon,DRAFT,149.99,Long tail - shoot last,lacourte-godbillon-rose-premier-cru-pinot-noir-champagne-france-01.jpg,lacourte-godbillon-rose-premier-cru-pinot-noir-champagne-france-02.jpg,lacourte-godbillon-rose-premier-cru-pinot-noir-champagne-france-03.jpg,lacourte-godbillon-rose-premier-cru-pinot-noir-champagne-france
128,P5,Eileen Hardy Shiraz V20,Hardys,DRAFT,148.99,Long tail - shoot last,eileen-hardy-shiraz-v20-01.jpg,eileen-hardy-shiraz-v20-02.jpg,eileen-hardy-shiraz-v20-03.jpg,eileen-hardy-shiraz-v20
129,P5,Piombaia DOCG Brunello di Montalcino,Piombaia,DRAFT,140.99,Long tail - shoot last,piombaia-docg-brunello-di-montalcino-01.jpg,piombaia-docg-brunello-di-montalcino-02.jpg,piombaia-docg-brunello-di-montalcino-03.jpg,piombaia-docg-brunello-di-montalcino
130,P5,Champagne Deutz Brut Rose,Champagne Deutz,DRAFT,139.99,Long tail - shoot last,champagne-deutz-brut-rose-01.jpg,champagne-deutz-brut-rose-02.jpg,champagne-deutz-brut-rose-03.jpg,champagne-deutz-brut-rose
131,P5,Hardys Eileen Hardy Chardonnay V21,Hardys,DRAFT,138.99,Long tail - shoot last,hardys-eileen-hardy-chardonnay-v21-01.jpg,hardys-eileen-hardy-chardonnay-v21-02.jpg,hardys-eileen-hardy-chardonnay-v21-03.jpg,hardys-eileen-hardy-chardonnay-v21
132,P5,Eileen Hardy Pinot Noir V21,Hardys,DRAFT,137.99,Long tail - shoot last,eileen-hardy-pinot-noir-v21-01.jpg,eileen-hardy-pinot-noir-v21-02.jpg,eileen-hardy-pinot-noir-v21-03.jpg,eileen-hardy-pinot-noir-v21
133,P5,Giboulot Beaune Clos du Roi 1er Cru,Giboulot,DRAFT,137.99,Long tail - shoot last,giboulot-beaune-clos-du-roi-1er-cru-01.jpg,giboulot-beaune-clos-du-roi-1er-cru-02.jpg,giboulot-beaune-clos-du-roi-1er-cru-03.jpg,giboulot-beaune-clos-du-roi-1er-cru
134,P5,Poggio Landi Brunello di Montalcino DOCG 2018,Poggio Landi,DRAFT,131.99,Long tail - shoot last,poggio-landi-brunello-di-montalcino-docg-2018-01.jpg,poggio-landi-brunello-di-montalcino-docg-2018-02.jpg,poggio-landi-brunello-di-montalcino-docg-2018-03.jpg,poggio-landi-brunello-di-montalcino-docg-2018
135,P5,Cape Mentelle Heritage Cabernet Margaret River,Cape Mentelle,DRAFT,130.99,Long tail - shoot last,cape-mentelle-heritage-cabernet-margaret-river-01.jpg,cape-mentelle-heritage-cabernet-margaret-river-02.jpg,cape-mentelle-heritage-cabernet-margaret-river-03.jpg,cape-mentelle-heritage-cabernet-margaret-river
136,P5,Cape Mentelle Heritage Chardonnay Margaret River,Cape Mentelle,DRAFT,130.99,Long tail - shoot last,cape-mentelle-heritage-chardonnay-margaret-river-01.jpg,cape-mentelle-heritage-chardonnay-margaret-river-02.jpg,cape-mentelle-heritage-chardonnay-margaret-river-03.jpg,cape-mentelle-heritage-chardonnay-margaret-river
137,P5,Collet Rose,Collet,DRAFT,130.99,Long tail - shoot last,collet-rose-01.jpg,collet-rose-02.jpg,collet-rose-03.jpg,collet-rose
138,P5,Champagne Laurent-Perrier la Cuvee,Champagne Laurent-Perrier,DRAFT,129.99,Long tail - shoot last,champagne-laurent-perrier-la-cuvee-01.jpg,champagne-laurent-perrier-la-cuvee-02.jpg,champagne-laurent-perrier-la-cuvee-03.jpg,champagne-laurent-perrier-la-cuvee
139,P5,Xanadu Reserve Cabernet Sauvignon,Xanadu,DRAFT,129.99,Long tail - shoot last,xanadu-reserve-cabernet-sauvignon-01.jpg,xanadu-reserve-cabernet-sauvignon-02.jpg,xanadu-reserve-cabernet-sauvignon-03.jpg,xanadu-reserve-cabernet-sauvignon
140,P5,Albert Bichot Gevrey Chambertin,Albert Bichot,DRAFT,125.99,Long tail - shoot last,albert-bichot-gevrey-chambertin-01.jpg,albert-bichot-gevrey-chambertin-02.jpg,albert-bichot-gevrey-chambertin-03.jpg,albert-bichot-gevrey-chambertin
141,P5,House of Arras Vintage Blanc de Blancs,House of Arras,DRAFT,125.99,Long tail - shoot last,house-of-arras-vintage-blanc-de-blancs-01.jpg,house-of-arras-vintage-blanc-de-blancs-02.jpg,house-of-arras-vintage-blanc-de-blancs-03.jpg,house-of-arras-vintage-blanc-de-blancs
142,P5,House of Arras Vintage Rose,House of Arras,DRAFT,125.99,Long tail - shoot last,house-of-arras-vintage-rose-01.jpg,house-of-arras-vintage-rose-02.jpg,house-of-arras-vintage-rose-03.jpg,house-of-arras-vintage-rose
143,P5,San Polo Brunello di Montalcino DOCG Sangiovese Tuscany Italy 2017,San Polo,DRAFT,124.99,Long tail - shoot last,san-polo-brunello-di-montalcino-docg-sangiovese-tuscany-italy-2017-01.jpg,san-polo-brunello-di-montalcino-docg-sangiovese-tuscany-italy-2017-02.jpg,san-polo-brunello-di-montalcino-docg-sangiovese-tuscany-italy-2017-03.jpg,san-polo-brunello-di-montalcino-docg-sangiovese-tuscany-italy-2017
144,P5,Giovanni Rosso Barolo Serralunga d'Alba del Comune,Giovanni Rosso,DRAFT,123.99,Long tail - shoot last,giovanni-rosso-barolo-serralunga-d-alba-del-comune-01.jpg,giovanni-rosso-barolo-serralunga-d-alba-del-comune-02.jpg,giovanni-rosso-barolo-serralunga-d-alba-del-comune-03.jpg,giovanni-rosso-barolo-serralunga-d-alba-del-comune
145,P5,Collet Art Deco Brut NV,Collet,DRAFT,122.99,Long tail - shoot last,collet-art-deco-brut-nv-01.jpg,collet-art-deco-brut-nv-02.jpg,collet-art-deco-brut-nv-03.jpg,collet-art-deco-brut-nv
146,P5,Jf Moreau Premier Cru Mont de Milieu 2021,JF Moreau,DRAFT,122.99,Long tail - shoot last,jf-moreau-premier-cru-mont-de-milieu-2021-01.jpg,jf-moreau-premier-cru-mont-de-milieu-2021-02.jpg,jf-moreau-premier-cru-mont-de-milieu-2021-03.jpg,jf-moreau-premier-cru-mont-de-milieu-2021
147,P5,Marziano Abbona Barbaresco DOCG,Marziano Abbona,DRAFT,121.99,Long tail - shoot last,marziano-abbona-barbaresco-docg-01.jpg,marziano-abbona-barbaresco-docg-02.jpg,marziano-abbona-barbaresco-docg-03.jpg,marziano-abbona-barbaresco-docg
148,P5,Xanadu Reserve Chardonnay,Xanadu,DRAFT,120.99,Long tail - shoot last,xanadu-reserve-chardonnay-01.jpg,xanadu-reserve-chardonnay-02.jpg,xanadu-reserve-chardonnay-03.jpg,xanadu-reserve-chardonnay
149,P5,Ayala Brut Majeur NV,Ayala,DRAFT,115.99,Long tail - shoot last,ayala-brut-majeur-nv-01.jpg,ayala-brut-majeur-nv-02.jpg,ayala-brut-majeur-nv-03.jpg,ayala-brut-majeur-nv
150,P5,Diego Rivetti Barolo Elda 2022,Diego Rivetti,DRAFT,114.99,Long tail - shoot last,diego-rivetti-barolo-elda-2022-01.jpg,diego-rivetti-barolo-elda-2022-02.jpg,diego-rivetti-barolo-elda-2022-03.jpg,diego-rivetti-barolo-elda-2022
151,P5,Oakridge 864 Chardonnay,Oakridge,DRAFT,114.99,Long tail - shoot last,oakridge-864-chardonnay-01.jpg,oakridge-864-chardonnay-02.jpg,oakridge-864-chardonnay-03.jpg,oakridge-864-chardonnay
152,P5,Oakridge 864 Henk Chardonnay,Oakridge,DRAFT,114.99,Long tail - shoot last,oakridge-864-henk-chardonnay-01.jpg,oakridge-864-henk-chardonnay-02.jpg,oakridge-864-henk-chardonnay-03.jpg,oakridge-864-henk-chardonnay
153,P5,Jean Michel Giboulot Savigny Les Beaune Aux Fournaux 1er Cru 2018,Jean Michel Giboulot,DRAFT,112.99,Long tail - shoot last,jean-michel-giboulot-savigny-les-beaune-aux-fournaux-1er-cru-2018-01.jpg,jean-michel-giboulot-savigny-les-beaune-aux-fournaux-1er-cru-2018-02.jpg,jean-michel-giboulot-savigny-les-beaune-aux-fournaux-1er-cru-2018-03.jpg,jean-michel-giboulot-savigny-les-beaune-aux-fournaux-1er-cru-2018
154,P5,Piazzo Barbaresco Pajore DOCG 2021,Piazzo,DRAFT,111.99,Long tail - shoot last,piazzo-barbaresco-pajore-docg-2021-01.jpg,piazzo-barbaresco-pajore-docg-2021-02.jpg,piazzo-barbaresco-pajore-docg-2021-03.jpg,piazzo-barbaresco-pajore-docg-2021
155,P5,Tar & Roses Local Hero Barolo,Tar & Roses,DRAFT,105.99,Long tail - shoot last,tar-roses-local-hero-barolo-01.jpg,tar-roses-local-hero-barolo-02.jpg,tar-roses-local-hero-barolo-03.jpg,tar-roses-local-hero-barolo
156,P5,Xanadu Stevens Road Cabernet Sauvignon,Xanadu,DRAFT,102.99,Long tail - shoot last,xanadu-stevens-road-cabernet-sauvignon-01.jpg,xanadu-stevens-road-cabernet-sauvignon-02.jpg,xanadu-stevens-road-cabernet-sauvignon-03.jpg,xanadu-stevens-road-cabernet-sauvignon
157,P5,Beaurenard Chateau Blanc Chateauneuf du Pape,Beaurenard,DRAFT,98.99,Long tail - shoot last,beaurenard-chateau-blanc-chateauneuf-du-pape-01.jpg,beaurenard-chateau-blanc-chateauneuf-du-pape-02.jpg,beaurenard-chateau-blanc-chateauneuf-du-pape-03.jpg,beaurenard-chateau-blanc-chateauneuf-du-pape
158,P5,Kilikanoon Tregea Cabernet Sauvignon 2018,Kilikanoon,DRAFT,97.99,Long tail - shoot last,kilikanoon-tregea-cabernet-sauvignon-2018-01.jpg,kilikanoon-tregea-cabernet-sauvignon-2018-02.jpg,kilikanoon-tregea-cabernet-sauvignon-2018-03.jpg,kilikanoon-tregea-cabernet-sauvignon-2018
159,P5,Oakridge 864 Cabernet Sauvignon Winery Block,Oakridge,DRAFT,96.99,Long tail - shoot last,oakridge-864-cabernet-sauvignon-winery-block-01.jpg,oakridge-864-cabernet-sauvignon-winery-block-02.jpg,oakridge-864-cabernet-sauvignon-winery-block-03.jpg,oakridge-864-cabernet-sauvignon-winery-block
160,P5,Oakridge 864 Pinot Noir Block A4,Oakridge,DRAFT,96.99,Long tail - shoot last,oakridge-864-pinot-noir-block-a4-01.jpg,oakridge-864-pinot-noir-block-a4-02.jpg,oakridge-864-pinot-noir-block-a4-03.jpg,oakridge-864-pinot-noir-block-a4
161,P5,Oakridge 864 Syrah,Oakridge,DRAFT,96.99,Long tail - shoot last,oakridge-864-syrah-01.jpg,oakridge-864-syrah-02.jpg,oakridge-864-syrah-03.jpg,oakridge-864-syrah
162,P5,Xanadu Stevens Road Chardonnay,Xanadu,DRAFT,93.99,Long tail - shoot last,xanadu-stevens-road-chardonnay-01.jpg,xanadu-stevens-road-chardonnay-02.jpg,xanadu-stevens-road-chardonnay-03.jpg,xanadu-stevens-road-chardonnay
163,P5,Farina Amarone della Valpolicella Classico DOCG Veneto Italy,Farina,DRAFT,92.99,Long tail - shoot last,farina-amarone-della-valpolicella-classico-docg-veneto-italy-01.jpg,farina-amarone-della-valpolicella-classico-docg-veneto-italy-02.jpg,farina-amarone-della-valpolicella-classico-docg-veneto-italy-03.jpg,farina-amarone-della-valpolicella-classico-docg-veneto-italy
164,P5,Fontanafredda Serralunga d'Alba Barolo DOCG Italy,Fontanafredda,DRAFT,90.99,Long tail - shoot last,fontanafredda-serralunga-d-alba-barolo-docg-italy-01.jpg,fontanafredda-serralunga-d-alba-barolo-docg-italy-02.jpg,fontanafredda-serralunga-d-alba-barolo-docg-italy-03.jpg,fontanafredda-serralunga-d-alba-barolo-docg-italy
165,P5,Millebuis Bourgogne Montagny Premier Cru 2022,Millebuis,DRAFT,86.99,Long tail - shoot last,millebuis-bourgogne-montagny-premier-cru-2022-01.jpg,millebuis-bourgogne-montagny-premier-cru-2022-02.jpg,millebuis-bourgogne-montagny-premier-cru-2022-03.jpg,millebuis-bourgogne-montagny-premier-cru-2022
166,P5,Tenuta Meraviglia Rosso Bolgheri DOC 2020,Tenuta Meraviglia,DRAFT,82.99,Long tail - shoot last,tenuta-meraviglia-rosso-bolgheri-doc-2020-01.jpg,tenuta-meraviglia-rosso-bolgheri-doc-2020-02.jpg,tenuta-meraviglia-rosso-bolgheri-doc-2020-03.jpg,tenuta-meraviglia-rosso-bolgheri-doc-2020
167,P5,Donne Fittipaldi Bolgheri Tuscany 2022,Donne Fittipaldi,DRAFT,81.99,Long tail - shoot last,donne-fittipaldi-bolgheri-tuscany-2022-01.jpg,donne-fittipaldi-bolgheri-tuscany-2022-02.jpg,donne-fittipaldi-bolgheri-tuscany-2022-03.jpg,donne-fittipaldi-bolgheri-tuscany-2022
168,P5,Piazzo Barolo Valente DOCG 2020,Piazzo,DRAFT,79.99,Long tail - shoot last,piazzo-barolo-valente-docg-2020-01.jpg,piazzo-barolo-valente-docg-2020-02.jpg,piazzo-barolo-valente-docg-2020-03.jpg,piazzo-barolo-valente-docg-2020
169,P5,Casali del Barone Barolo 2020,Casali del Barone,DRAFT,77.99,Long tail - shoot last,casali-del-barone-barolo-2020-01.jpg,casali-del-barone-barolo-2020-02.jpg,casali-del-barone-barolo-2020-03.jpg,casali-del-barone-barolo-2020
170,P5,Hentley Farm Old Legend Grenache,Hentley Farm,DRAFT,76.99,Long tail - shoot last,hentley-farm-old-legend-grenache-01.jpg,hentley-farm-old-legend-grenache-02.jpg,hentley-farm-old-legend-grenache-03.jpg,hentley-farm-old-legend-grenache
171,P5,Piazzo Barbaresco Arge DOCG 2021,Piazzo,DRAFT,75.99,Long tail - shoot last,piazzo-barbaresco-arge-docg-2021-01.jpg,piazzo-barbaresco-arge-docg-2021-02.jpg,piazzo-barbaresco-arge-docg-2021-03.jpg,piazzo-barbaresco-arge-docg-2021
172,P5,Dow's Colheita Tawny Port Portugal,Dow's,DRAFT,70.99,Long tail - shoot last,dow-s-colheita-tawny-port-portugal-01.jpg,dow-s-colheita-tawny-port-portugal-02.jpg,dow-s-colheita-tawny-port-portugal-03.jpg,dow-s-colheita-tawny-port-portugal
173,P5,Chateau Galeteau Cuvee Eleonore Saint Emilion Grand Cru 2022,Chateau Galeteau,DRAFT,68.99,Long tail - shoot last,chateau-galeteau-cuvee-eleonore-saint-emilion-grand-cru-2022-01.jpg,chateau-galeteau-cuvee-eleonore-saint-emilion-grand-cru-2022-02.jpg,chateau-galeteau-cuvee-eleonore-saint-emilion-grand-cru-2022-03.jpg,chateau-galeteau-cuvee-eleonore-saint-emilion-grand-cru-2022
174,P5,Podere Casanova DOCG Chianti Classico,Podere Casanova,DRAFT,67.99,Long tail - shoot last,podere-casanova-docg-chianti-classico-01.jpg,podere-casanova-docg-chianti-classico-02.jpg,podere-casanova-docg-chianti-classico-03.jpg,podere-casanova-docg-chianti-classico
175,P5,Hentley Farm Quint Shiraz,Hentley Farm,DRAFT,64.99,Long tail - shoot last,hentley-farm-quint-shiraz-01.jpg,hentley-farm-quint-shiraz-02.jpg,hentley-farm-quint-shiraz-03.jpg,hentley-farm-quint-shiraz
176,P5,Peyrassol Chateau Rose,Peyrassol,DRAFT,64.99,Long tail - shoot last,peyrassol-chateau-rose-01.jpg,peyrassol-chateau-rose-02.jpg,peyrassol-chateau-rose-03.jpg,peyrassol-chateau-rose
177,P5,Cape Mentelle Chardonnay Margaret River,Cape Mentelle,DRAFT,62.99,Long tail - shoot last,cape-mentelle-chardonnay-margaret-river-01.jpg,cape-mentelle-chardonnay-margaret-river-02.jpg,cape-mentelle-chardonnay-margaret-river-03.jpg,cape-mentelle-chardonnay-margaret-river
178,P5,Cape Mentelle Zinfandel Margaret River,Cape Mentelle,DRAFT,62.99,Long tail - shoot last,cape-mentelle-zinfandel-margaret-river-01.jpg,cape-mentelle-zinfandel-margaret-river-02.jpg,cape-mentelle-zinfandel-margaret-river-03.jpg,cape-mentelle-zinfandel-margaret-river
179,P5,House of Arras Brut Elite Rose,House of Arras,DRAFT,62.99,Long tail - shoot last,house-of-arras-brut-elite-rose-01.jpg,house-of-arras-brut-elite-rose-02.jpg,house-of-arras-brut-elite-rose-03.jpg,house-of-arras-brut-elite-rose
180,P5,Banfi DOCG Chianti Classico Riserva,Banfi,DRAFT,61.99,Long tail - shoot last,banfi-docg-chianti-classico-riserva-01.jpg,banfi-docg-chianti-classico-riserva-02.jpg,banfi-docg-chianti-classico-riserva-03.jpg,banfi-docg-chianti-classico-riserva
181,P5,Laurent Habrard Crozes Hermitage Blanc Grand Classique,Laurent Habrard,DRAFT,61.99,Long tail - shoot last,laurent-habrard-crozes-hermitage-blanc-grand-classique-01.jpg,laurent-habrard-crozes-hermitage-blanc-grand-classique-02.jpg,laurent-habrard-crozes-hermitage-blanc-grand-classique-03.jpg,laurent-habrard-crozes-hermitage-blanc-grand-classique
182,P5,Chiappini DOC Bolgheri Rosso Ferruggini,Chiappini,DRAFT,58.99,Long tail - shoot last,chiappini-doc-bolgheri-rosso-ferruggini-01.jpg,chiappini-doc-bolgheri-rosso-ferruggini-02.jpg,chiappini-doc-bolgheri-rosso-ferruggini-03.jpg,chiappini-doc-bolgheri-rosso-ferruggini
183,P5,Donne Fittipaldi Bolgheri Rosso,Donne Fittipaldi,DRAFT,58.99,Long tail - shoot last,donne-fittipaldi-bolgheri-rosso-01.jpg,donne-fittipaldi-bolgheri-rosso-02.jpg,donne-fittipaldi-bolgheri-rosso-03.jpg,donne-fittipaldi-bolgheri-rosso
184,P5,Cape Mentelle Wallcliffe Cabernet Franc,Cape Mentelle,DRAFT,56.99,Long tail - shoot last,cape-mentelle-wallcliffe-cabernet-franc-01.jpg,cape-mentelle-wallcliffe-cabernet-franc-02.jpg,cape-mentelle-wallcliffe-cabernet-franc-03.jpg,cape-mentelle-wallcliffe-cabernet-franc
185,P5,Cape Mentelle Wallcliffe Sauvignon Blanc,Cape Mentelle,DRAFT,56.99,Long tail - shoot last,cape-mentelle-wallcliffe-sauvignon-blanc-01.jpg,cape-mentelle-wallcliffe-sauvignon-blanc-02.jpg,cape-mentelle-wallcliffe-sauvignon-blanc-03.jpg,cape-mentelle-wallcliffe-sauvignon-blanc
186,P5,Kilikanoon Mort's Reserve Riesling 2024,Kilikanoon,DRAFT,55.99,Long tail - shoot last,kilikanoon-mort-s-reserve-riesling-2024-01.jpg,kilikanoon-mort-s-reserve-riesling-2024-02.jpg,kilikanoon-mort-s-reserve-riesling-2024-03.jpg,kilikanoon-mort-s-reserve-riesling-2024
187,P5,Banfi DOCG Chianti Classico,Banfi,DRAFT,48.99,Long tail - shoot last,banfi-docg-chianti-classico-01.jpg,banfi-docg-chianti-classico-02.jpg,banfi-docg-chianti-classico-03.jpg,banfi-docg-chianti-classico
188,P5,Kilikanoon Covenant Shiraz,Kilikanoon,DRAFT,47.99,Long tail - shoot last,kilikanoon-covenant-shiraz-01.jpg,kilikanoon-covenant-shiraz-02.jpg,kilikanoon-covenant-shiraz-03.jpg,kilikanoon-covenant-shiraz
189,P5,Poggio Al Tesoro Solosole Vermentino Bolgheri DOC - Tuscany Italy,Poggio al Tesoro,DRAFT,47.99,Long tail - shoot last,poggio-al-tesoro-solosole-vermentino-bolgheri-doc-tuscany-italy-01.jpg,poggio-al-tesoro-solosole-vermentino-bolgheri-doc-tuscany-italy-02.jpg,poggio-al-tesoro-solosole-vermentino-bolgheri-doc-tuscany-italy-03.jpg,poggio-al-tesoro-solosole-vermentino-bolgheri-doc-tuscany-italy
190,P5,Poggio dei Salici Chianti Classico DOCG,Poggio dei Salici,DRAFT,47.99,Long tail - shoot last,poggio-dei-salici-chianti-classico-docg-01.jpg,poggio-dei-salici-chianti-classico-docg-02.jpg,poggio-dei-salici-chianti-classico-docg-03.jpg,poggio-dei-salici-chianti-classico-docg
191,P5,Katnook Estate Merlot,Katnook Estate,DRAFT,46.99,Long tail - shoot last,katnook-estate-merlot-01.jpg,katnook-estate-merlot-02.jpg,katnook-estate-merlot-03.jpg,katnook-estate-merlot
192,P5,Chrismont La Zona Pinot Grigio,Chrismont,DRAFT,20.99,Long tail - shoot last,chrismont-la-zona-pinot-grigio-01.jpg,chrismont-la-zona-pinot-grigio-02.jpg,chrismont-la-zona-pinot-grigio-03.jpg,chrismont-la-zona-pinot-grigio
193,P5,Dal Zotto Pucino Prosecco,Dal Zotto,DRAFT,19.99,Long tail - shoot last,dal-zotto-pucino-prosecco-01.jpg,dal-zotto-pucino-prosecco-02.jpg,dal-zotto-pucino-prosecco-03.jpg,dal-zotto-pucino-prosecco
194,P5,Adami Bosco di Gica,Adami,DRAFT,,Long tail - shoot last,adami-bosco-di-gica-01.jpg,adami-bosco-di-gica-02.jpg,adami-bosco-di-gica-03.jpg,adami-bosco-di-gica
195,P5,All Saints Estate Museum Muscat,All Saints Estate,DRAFT,,Long tail - shoot last,all-saints-estate-museum-muscat-01.jpg,all-saints-estate-museum-muscat-02.jpg,all-saints-estate-museum-muscat-03.jpg,all-saints-estate-museum-muscat
196,P5,Alois Lageder Porer Pinot Grigio,Alois Lageder,DRAFT,,Long tail - shoot last,alois-lageder-porer-pinot-grigio-01.jpg,alois-lageder-porer-pinot-grigio-02.jpg,alois-lageder-porer-pinot-grigio-03.jpg,alois-lageder-porer-pinot-grigio
197,P5,Ashton Hills Reserve Pinot Noir,Ashton Hills,DRAFT,,Long tail - shoot last,ashton-hills-reserve-pinot-noir-01.jpg,ashton-hills-reserve-pinot-noir-02.jpg,ashton-hills-reserve-pinot-noir-03.jpg,ashton-hills-reserve-pinot-noir
198,P5,Astrolabe Awatere Valley Sauvignon Blanc,Astrolabe,DRAFT,,Long tail - shoot last,astrolabe-awatere-valley-sauvignon-blanc-01.jpg,astrolabe-awatere-valley-sauvignon-blanc-02.jpg,astrolabe-awatere-valley-sauvignon-blanc-03.jpg,astrolabe-awatere-valley-sauvignon-blanc
199,P5,Ata Rangi Lismore Pinot Gris,Ata Rangi,DRAFT,,Long tail - shoot last,ata-rangi-lismore-pinot-gris-01.jpg,ata-rangi-lismore-pinot-gris-02.jpg,ata-rangi-lismore-pinot-gris-03.jpg,ata-rangi-lismore-pinot-gris
200,P5,Bass Phillip Reserve Pinot Noir,Bass Phillip,DRAFT,,Long tail - shoot last,bass-phillip-reserve-pinot-noir-01.jpg,bass-phillip-reserve-pinot-noir-02.jpg,bass-phillip-reserve-pinot-noir-03.jpg,bass-phillip-reserve-pinot-noir
201,P5,Bekkers Grenache,Bekkers,DRAFT,,Long tail - shoot last,bekkers-grenache-01.jpg,bekkers-grenache-02.jpg,bekkers-grenache-03.jpg,bekkers-grenache
202,P5,Bellebonne Vintage Rosé,Bellebonne,DRAFT,,Long tail - shoot last,bellebonne-vintage-rose-01.jpg,bellebonne-vintage-rose-02.jpg,bellebonne-vintage-rose-03.jpg,bellebonne-vintage-rose
203,P5,Billecart-Salmon Brut Rosé,Billecart-Salmon,DRAFT,,Long tail - shoot last,billecart-salmon-brut-rose-01.jpg,billecart-salmon-brut-rose-02.jpg,billecart-salmon-brut-rose-03.jpg,billecart-salmon-brut-rose
204,P5,Bindi Block 5 Pinot Noir,Bindi,DRAFT,,Long tail - shoot last,bindi-block-5-pinot-noir-01.jpg,bindi-block-5-pinot-noir-02.jpg,bindi-block-5-pinot-noir-03.jpg,bindi-block-5-pinot-noir
205,P5,Bindi Quartz Chardonnay,Bindi,DRAFT,,Long tail - shoot last,bindi-quartz-chardonnay-01.jpg,bindi-quartz-chardonnay-02.jpg,bindi-quartz-chardonnay-03.jpg,bindi-quartz-chardonnay
206,P5,Bisol Cartizze Superiore di Cartizze,Bisol,DRAFT,,Long tail - shoot last,bisol-cartizze-superiore-di-cartizze-01.jpg,bisol-cartizze-superiore-di-cartizze-02.jpg,bisol-cartizze-superiore-di-cartizze-03.jpg,bisol-cartizze-superiore-di-cartizze
207,P5,Bortolomiol Prior Superiore,Bortolomiol,DRAFT,,Long tail - shoot last,bortolomiol-prior-superiore-01.jpg,bortolomiol-prior-superiore-02.jpg,bortolomiol-prior-superiore-03.jpg,bortolomiol-prior-superiore
208,P5,By Farr Sangreal,By Farr,DRAFT,,Long tail - shoot last,by-farr-sangreal-01.jpg,by-farr-sangreal-02.jpg,by-farr-sangreal-03.jpg,by-farr-sangreal
209,P5,Campbells Merchant Prince Rare Muscat,Campbells,DRAFT,,Long tail - shoot last,campbells-merchant-prince-rare-muscat-01.jpg,campbells-merchant-prince-rare-muscat-02.jpg,campbells-merchant-prince-rare-muscat-03.jpg,campbells-merchant-prince-rare-muscat
210,P5,Chambers Rosewood Rare Muscat,Chambers Rosewood,DRAFT,,Long tail - shoot last,chambers-rosewood-rare-muscat-01.jpg,chambers-rosewood-rare-muscat-02.jpg,chambers-rosewood-rare-muscat-03.jpg,chambers-rosewood-rare-muscat
211,P5,Charles Melton Rose of Virginia,Charles Melton,DRAFT,,Long tail - shoot last,charles-melton-rose-of-virginia-01.jpg,charles-melton-rose-of-virginia-02.jpg,charles-melton-rose-of-virginia-03.jpg,charles-melton-rose-of-virginia
212,P5,Château Cantemerle Haut-Médoc,Château Cantemerle,DRAFT,,Long tail - shoot last,chateau-cantemerle-haut-medoc-01.jpg,chateau-cantemerle-haut-medoc-02.jpg,chateau-cantemerle-haut-medoc-03.jpg,chateau-cantemerle-haut-medoc
213,P5,Château Miraval Rosé,Château Miraval,DRAFT,,Long tail - shoot last,chateau-miraval-rose-01.jpg,chateau-miraval-rose-02.jpg,chateau-miraval-rose-03.jpg,chateau-miraval-rose
214,P5,Château de Beaucastel Châteauneuf-du-Pape,Château de Beaucastel,DRAFT,,Long tail - shoot last,chateau-de-beaucastel-chateauneuf-du-pape-01.jpg,chateau-de-beaucastel-chateauneuf-du-pape-02.jpg,chateau-de-beaucastel-chateauneuf-du-pape-03.jpg,chateau-de-beaucastel-chateauneuf-du-pape
215,P5,Cirillo 1850 Ancestor Vine Grenache,Cirillo,DRAFT,,Long tail - shoot last,cirillo-1850-ancestor-vine-grenache-01.jpg,cirillo-1850-ancestor-vine-grenache-02.jpg,cirillo-1850-ancestor-vine-grenache-03.jpg,cirillo-1850-ancestor-vine-grenache
216,P5,Clover Hill Cuvée Exceptionnelle,Clover Hill,DRAFT,,Long tail - shoot last,clover-hill-cuvee-exceptionnelle-01.jpg,clover-hill-cuvee-exceptionnelle-02.jpg,clover-hill-cuvee-exceptionnelle-03.jpg,clover-hill-cuvee-exceptionnelle
217,P5,Col Vetoraz Cartizze,Col Vetoraz,DRAFT,,Long tail - shoot last,col-vetoraz-cartizze-01.jpg,col-vetoraz-cartizze-02.jpg,col-vetoraz-cartizze-03.jpg,col-vetoraz-cartizze
218,P5,Coriole Merlot,Coriole,DRAFT,,Long tail - shoot last,coriole-merlot-01.jpg,coriole-merlot-02.jpg,coriole-merlot-03.jpg,coriole-merlot
219,P5,Craggy Range Te Muna Road Sauvignon Blanc,Craggy Range,DRAFT,,Long tail - shoot last,craggy-range-te-muna-road-sauvignon-blanc-01.jpg,craggy-range-te-muna-road-sauvignon-blanc-02.jpg,craggy-range-te-muna-road-sauvignon-blanc-03.jpg,craggy-range-te-muna-road-sauvignon-blanc
220,P5,Crawford River Riesling,Crawford River,DRAFT,,Long tail - shoot last,crawford-river-riesling-01.jpg,crawford-river-riesling-02.jpg,crawford-river-riesling-03.jpg,crawford-river-riesling
221,P5,Croser Late Disgorged,Croser,DRAFT,,Long tail - shoot last,croser-late-disgorged-01.jpg,croser-late-disgorged-02.jpg,croser-late-disgorged-03.jpg,croser-late-disgorged
222,P5,Cullen Kevin John Chardonnay,Cullen,DRAFT,,Long tail - shoot last,cullen-kevin-john-chardonnay-01.jpg,cullen-kevin-john-chardonnay-02.jpg,cullen-kevin-john-chardonnay-03.jpg,cullen-kevin-john-chardonnay
223,P5,Curly Flat Pinot Noir,Curly Flat,DRAFT,,Long tail - shoot last,curly-flat-pinot-noir-01.jpg,curly-flat-pinot-noir-02.jpg,curly-flat-pinot-noir-03.jpg,curly-flat-pinot-noir
224,P5,Deviation Road Beltana Blanc de Blancs,Deviation Road,DRAFT,,Long tail - shoot last,deviation-road-beltana-blanc-de-blancs-01.jpg,deviation-road-beltana-blanc-de-blancs-02.jpg,deviation-road-beltana-blanc-de-blancs-03.jpg,deviation-road-beltana-blanc-de-blancs
225,P5,Didier Dagueneau Silex,Didier Dagueneau,DRAFT,,Long tail - shoot last,didier-dagueneau-silex-01.jpg,didier-dagueneau-silex-02.jpg,didier-dagueneau-silex-03.jpg,didier-dagueneau-silex
226,P5,Dog Point Section 94,Dog Point,DRAFT,,Long tail - shoot last,dog-point-section-94-01.jpg,dog-point-section-94-02.jpg,dog-point-section-94-03.jpg,dog-point-section-94
227,P5,Domaine Tempier Bandol Rosé,Domaine Tempier,DRAFT,,Long tail - shoot last,domaine-tempier-bandol-rose-01.jpg,domaine-tempier-bandol-rose-02.jpg,domaine-tempier-bandol-rose-03.jpg,domaine-tempier-bandol-rose
228,P5,Domaines Ott Château Romassan,Domaines Ott,DRAFT,,Long tail - shoot last,domaines-ott-chateau-romassan-01.jpg,domaines-ott-chateau-romassan-02.jpg,domaines-ott-chateau-romassan-03.jpg,domaines-ott-chateau-romassan
229,P5,Dominique Portet Fontaine Rosé,Dominique Portet,DRAFT,,Long tail - shoot last,dominique-portet-fontaine-rose-01.jpg,dominique-portet-fontaine-rose-02.jpg,dominique-portet-fontaine-rose-03.jpg,dominique-portet-fontaine-rose
230,P5,Dr Loosen Wehlener Sonnenuhr Kabinett,Dr Loosen,DRAFT,,Long tail - shoot last,dr-loosen-wehlener-sonnenuhr-kabinett-01.jpg,dr-loosen-wehlener-sonnenuhr-kabinett-02.jpg,dr-loosen-wehlener-sonnenuhr-kabinett-03.jpg,dr-loosen-wehlener-sonnenuhr-kabinett
231,P5,Egly-Ouriet Brut Tradition Grand Cru,Egly-Ouriet,DRAFT,,Long tail - shoot last,egly-ouriet-brut-tradition-grand-cru-01.jpg,egly-ouriet-brut-tradition-grand-cru-02.jpg,egly-ouriet-brut-tradition-grand-cru-03.jpg,egly-ouriet-brut-tradition-grand-cru
232,P5,Frankland Estate Isolation Ridge Riesling,Frankland Estate,DRAFT,,Long tail - shoot last,frankland-estate-isolation-ridge-riesling-01.jpg,frankland-estate-isolation-ridge-riesling-02.jpg,frankland-estate-isolation-ridge-riesling-03.jpg,frankland-estate-isolation-ridge-riesling
233,P5,Giaconda Estate Vineyard Chardonnay,Giaconda,DRAFT,,Long tail - shoot last,giaconda-estate-vineyard-chardonnay-01.jpg,giaconda-estate-vineyard-chardonnay-02.jpg,giaconda-estate-vineyard-chardonnay-03.jpg,giaconda-estate-vineyard-chardonnay
234,P5,Giant Steps Applejack Vineyard Pinot Noir,Giant Steps,DRAFT,,Long tail - shoot last,giant-steps-applejack-vineyard-pinot-noir-01.jpg,giant-steps-applejack-vineyard-pinot-noir-02.jpg,giant-steps-applejack-vineyard-pinot-noir-03.jpg,giant-steps-applejack-vineyard-pinot-noir
235,P5,Grosset Polish Hill,Grosset,DRAFT,,Long tail - shoot last,grosset-polish-hill-01.jpg,grosset-polish-hill-02.jpg,grosset-polish-hill-03.jpg,grosset-polish-hill
236,P5,Grosset Springvale,Grosset,DRAFT,,Long tail - shoot last,grosset-springvale-01.jpg,grosset-springvale-02.jpg,grosset-springvale-03.jpg,grosset-springvale
237,P5,House of Arras Blanc de Blancs,House of Arras,DRAFT,,Long tail - shoot last,house-of-arras-blanc-de-blancs-01.jpg,house-of-arras-blanc-de-blancs-02.jpg,house-of-arras-blanc-de-blancs-03.jpg,house-of-arras-blanc-de-blancs
238,P5,House of Arras Grand Vintage,House of Arras,DRAFT,,Long tail - shoot last,house-of-arras-grand-vintage-01.jpg,house-of-arras-grand-vintage-02.jpg,house-of-arras-grand-vintage-03.jpg,house-of-arras-grand-vintage
239,P5,Jacquesson Cuvée No. 74x,Jacquesson,DRAFT,,Long tail - shoot last,jacquesson-cuvee-no-74x-01.jpg,jacquesson-cuvee-no-74x-02.jpg,jacquesson-cuvee-no-74x-03.jpg,jacquesson-cuvee-no-74x
240,P5,Jermann Pinot Grigio,Jermann,DRAFT,,Long tail - shoot last,jermann-pinot-grigio-01.jpg,jermann-pinot-grigio-02.jpg,jermann-pinot-grigio-03.jpg,jermann-pinot-grigio
241,P5,Kooyong Beurrot Pinot Gris,Kooyong,DRAFT,,Long tail - shoot last,kooyong-beurrot-pinot-gris-01.jpg,kooyong-beurrot-pinot-gris-02.jpg,kooyong-beurrot-pinot-gris-03.jpg,kooyong-beurrot-pinot-gris
242,P5,Leeuwin Estate Art Series Chardonnay,Leeuwin Estate,DRAFT,,Long tail - shoot last,leeuwin-estate-art-series-chardonnay-01.jpg,leeuwin-estate-art-series-chardonnay-02.jpg,leeuwin-estate-art-series-chardonnay-03.jpg,leeuwin-estate-art-series-chardonnay
243,P5,Leo Buring Leopold Eden Valley Riesling,Leo Buring,DRAFT,,Long tail - shoot last,leo-buring-leopold-eden-valley-riesling-01.jpg,leo-buring-leopold-eden-valley-riesling-02.jpg,leo-buring-leopold-eden-valley-riesling-03.jpg,leo-buring-leopold-eden-valley-riesling
244,P5,Livio Felluga Pinot Grigio,Livio Felluga,DRAFT,,Long tail - shoot last,livio-felluga-pinot-grigio-01.jpg,livio-felluga-pinot-grigio-02.jpg,livio-felluga-pinot-grigio-03.jpg,livio-felluga-pinot-grigio
245,P5,Mac Forbes Pinot Gris,Mac Forbes,DRAFT,,Long tail - shoot last,mac-forbes-pinot-gris-01.jpg,mac-forbes-pinot-gris-02.jpg,mac-forbes-pinot-gris-03.jpg,mac-forbes-pinot-gris
246,P5,Moss Wood Cabernet Sauvignon,Moss Wood,DRAFT,,Long tail - shoot last,moss-wood-cabernet-sauvignon-01.jpg,moss-wood-cabernet-sauvignon-02.jpg,moss-wood-cabernet-sauvignon-03.jpg,moss-wood-cabernet-sauvignon
247,P5,Mount Horrocks Watervale Riesling,Mount Horrocks,DRAFT,,Long tail - shoot last,mount-horrocks-watervale-riesling-01.jpg,mount-horrocks-watervale-riesling-02.jpg,mount-horrocks-watervale-riesling-03.jpg,mount-horrocks-watervale-riesling
248,P5,Mount Mary Pinot Noir,Mount Mary,DRAFT,,Long tail - shoot last,mount-mary-pinot-noir-01.jpg,mount-mary-pinot-noir-02.jpg,mount-mary-pinot-noir-03.jpg,mount-mary-pinot-noir
249,P5,Nino Franco Primo Franco,Nino Franco,DRAFT,,Long tail - shoot last,nino-franco-primo-franco-01.jpg,nino-franco-primo-franco-02.jpg,nino-franco-primo-franco-03.jpg,nino-franco-primo-franco
250,P5,Nino Franco Rustico,Nino Franco,DRAFT,,Long tail - shoot last,nino-franco-rustico-01.jpg,nino-franco-rustico-02.jpg,nino-franco-rustico-03.jpg,nino-franco-rustico
251,P5,Ochota Barrels Fugazi Vineyard Grenache,Ochota Barrels,DRAFT,,Long tail - shoot last,ochota-barrels-fugazi-vineyard-grenache-01.jpg,ochota-barrels-fugazi-vineyard-grenache-02.jpg,ochota-barrels-fugazi-vineyard-grenache-03.jpg,ochota-barrels-fugazi-vineyard-grenache
252,P5,Paringa Estate The Paringa Pinot Noir,Paringa Estate,DRAFT,,Long tail - shoot last,paringa-estate-the-paringa-pinot-noir-01.jpg,paringa-estate-the-paringa-pinot-noir-02.jpg,paringa-estate-the-paringa-pinot-noir-03.jpg,paringa-estate-the-paringa-pinot-noir
253,P5,Parker Coonawarra Estate First Growth,Parker Coonawarra Estate,DRAFT,,Long tail - shoot last,parker-coonawarra-estate-first-growth-01.jpg,parker-coonawarra-estate-first-growth-02.jpg,parker-coonawarra-estate-first-growth-03.jpg,parker-coonawarra-estate-first-growth
254,P5,Pewsey Vale The Contours,Pewsey Vale,DRAFT,,Long tail - shoot last,pewsey-vale-the-contours-01.jpg,pewsey-vale-the-contours-02.jpg,pewsey-vale-the-contours-03.jpg,pewsey-vale-the-contours
255,P5,Pierro Chardonnay,Pierro,DRAFT,,Long tail - shoot last,pierro-chardonnay-01.jpg,pierro-chardonnay-02.jpg,pierro-chardonnay-03.jpg,pierro-chardonnay
256,P5,Quealy Turbul Pinot Grigio,Quealy,DRAFT,,Long tail - shoot last,quealy-turbul-pinot-grigio-01.jpg,quealy-turbul-pinot-grigio-02.jpg,quealy-turbul-pinot-grigio-03.jpg,quealy-turbul-pinot-grigio
257,P5,Ruggeri Giustino B.,Ruggeri,DRAFT,,Long tail - shoot last,ruggeri-giustino-b-01.jpg,ruggeri-giustino-b-02.jpg,ruggeri-giustino-b-03.jpg,ruggeri-giustino-b
258,P5,S.C. Pannell Smart Vineyard Grenache,S.C. Pannell,DRAFT,,Long tail - shoot last,s-c-pannell-smart-vineyard-grenache-01.jpg,s-c-pannell-smart-vineyard-grenache-02.jpg,s-c-pannell-smart-vineyard-grenache-03.jpg,s-c-pannell-smart-vineyard-grenache
259,P5,Sorelle Bronca Particella 68,Sorelle Bronca,DRAFT,,Long tail - shoot last,sorelle-bronca-particella-68-01.jpg,sorelle-bronca-particella-68-02.jpg,sorelle-bronca-particella-68-03.jpg,sorelle-bronca-particella-68
260,P5,Stanton & Killeen Rare Muscat,Stanton & Killeen,DRAFT,,Long tail - shoot last,stanton-and-killeen-rare-muscat-01.jpg,stanton-and-killeen-rare-muscat-02.jpg,stanton-and-killeen-rare-muscat-03.jpg,stanton-and-killeen-rare-muscat
261,P5,Stefano Lubiana Brut Reserve,Stefano Lubiana,DRAFT,,Long tail - shoot last,stefano-lubiana-brut-reserve-01.jpg,stefano-lubiana-brut-reserve-02.jpg,stefano-lubiana-brut-reserve-03.jpg,stefano-lubiana-brut-reserve
262,P5,Tolpuddle Vineyard Chardonnay,Tolpuddle Vineyard,DRAFT,,Long tail - shoot last,tolpuddle-vineyard-chardonnay-01.jpg,tolpuddle-vineyard-chardonnay-02.jpg,tolpuddle-vineyard-chardonnay-03.jpg,tolpuddle-vineyard-chardonnay
263,P5,Tolpuddle Vineyard Pinot Noir,Tolpuddle Vineyard,DRAFT,,Long tail - shoot last,tolpuddle-vineyard-pinot-noir-01.jpg,tolpuddle-vineyard-pinot-noir-02.jpg,tolpuddle-vineyard-pinot-noir-03.jpg,tolpuddle-vineyard-pinot-noir
264,P5,Trimbach Cuvée Frédéric Emile,Trimbach,DRAFT,,Long tail - shoot last,trimbach-cuvee-frederic-emile-01.jpg,trimbach-cuvee-frederic-emile-02.jpg,trimbach-cuvee-frederic-emile-03.jpg,trimbach-cuvee-frederic-emile
265,P5,Trimbach Réserve Pinot Gris,Trimbach,DRAFT,,Long tail - shoot last,trimbach-reserve-pinot-gris-01.jpg,trimbach-reserve-pinot-gris-02.jpg,trimbach-reserve-pinot-gris-03.jpg,trimbach-reserve-pinot-gris
266,P5,Turkey Flat Grenache,Turkey Flat,DRAFT,,Long tail - shoot last,turkey-flat-grenache-01.jpg,turkey-flat-grenache-02.jpg,turkey-flat-grenache-03.jpg,turkey-flat-grenache
267,P5,Vieux Télégraphe La Crau,Vieux Télégraphe,DRAFT,,Long tail - shoot last,vieux-telegraphe-la-crau-01.jpg,vieux-telegraphe-la-crau-02.jpg,vieux-telegraphe-la-crau-03.jpg,vieux-telegraphe-la-crau
268,P5,Villa Sandi Cartizze,Villa Sandi,DRAFT,,Long tail - shoot last,villa-sandi-cartizze-01.jpg,villa-sandi-cartizze-02.jpg,villa-sandi-cartizze-03.jpg,villa-sandi-cartizze
269,P5,Yabby Lake Single Block Pinot Noir,Yabby Lake,DRAFT,,Long tail - shoot last,yabby-lake-single-block-pinot-noir-01.jpg,yabby-lake-single-block-pinot-noir-02.jpg,yabby-lake-single-block-pinot-noir-03.jpg,yabby-lake-single-block-pinot-noir
270,P5,Yangarra Estate High Sands Grenache,Yangarra Estate,DRAFT,,Long tail - shoot last,yangarra-estate-high-sands-grenache-01.jpg,yangarra-estate-high-sands-grenache-02.jpg,yangarra-estate-high-sands-grenache-03.jpg,yangarra-estate-high-sands-grenache
271,P5,Yangarra Estate Rosé,Yangarra Estate,DRAFT,,Long tail - shoot last,yangarra-estate-rose-01.jpg,yangarra-estate-rose-02.jpg,yangarra-estate-rose-03.jpg,yangarra-estate-rose
272,P5,Zind-Humbrecht Clos Windsbuhl Pinot Gris,Zind-Humbrecht,DRAFT,,Long tail - shoot last,zind-humbrecht-clos-windsbuhl-pinot-gris-01.jpg,zind-humbrecht-clos-windsbuhl-pinot-gris-02.jpg,zind-humbrecht-clos-windsbuhl-pinot-gris-03.jpg,zind-humbrecht-clos-windsbuhl-pinot-gris
273,P5,d'Arenberg The Derelict Vineyard Grenache,d'Arenberg,DRAFT,,Long tail - shoot last,d-arenberg-the-derelict-vineyard-grenache-01.jpg,d-arenberg-the-derelict-vineyard-grenache-02.jpg,d-arenberg-the-derelict-vineyard-grenache-03.jpg,d-arenberg-the-derelict-vineyard-grenache
