Product,Vendor,Status,Filename 01 (front - featured),Filename 02 (back label),Filename 03 (gift box),Shopify handle
821 South Marlborough Sauvignon Blanc,821 South,ACTIVE,821-south-marlborough-sauvignon-blanc-01.jpg,821-south-marlborough-sauvignon-blanc-02.jpg,821-south-marlborough-sauvignon-blanc-03.jpg,821-south-marlborough-sauvignon-blanc
Adami Bosco di Gica,Adami,DRAFT,adami-bosco-di-gica-01.jpg,adami-bosco-di-gica-02.jpg,adami-bosco-di-gica-03.jpg,adami-bosco-di-gica
Albert Bichot Gevrey Chambertin,Albert Bichot,DRAFT,albert-bichot-gevrey-chambertin-01.jpg,albert-bichot-gevrey-chambertin-02.jpg,albert-bichot-gevrey-chambertin-03.jpg,albert-bichot-gevrey-chambertin
All Saints Estate Museum Muscat,All Saints Estate,DRAFT,all-saints-estate-museum-muscat-01.jpg,all-saints-estate-museum-muscat-02.jpg,all-saints-estate-museum-muscat-03.jpg,all-saints-estate-museum-muscat
Alois Lageder Porer Pinot Grigio,Alois Lageder,DRAFT,alois-lageder-porer-pinot-grigio-01.jpg,alois-lageder-porer-pinot-grigio-02.jpg,alois-lageder-porer-pinot-grigio-03.jpg,alois-lageder-porer-pinot-grigio
Ashton Hills Reserve Pinot Noir,Ashton Hills,DRAFT,ashton-hills-reserve-pinot-noir-01.jpg,ashton-hills-reserve-pinot-noir-02.jpg,ashton-hills-reserve-pinot-noir-03.jpg,ashton-hills-reserve-pinot-noir
Astrolabe Awatere Valley Sauvignon Blanc,Astrolabe,DRAFT,astrolabe-awatere-valley-sauvignon-blanc-01.jpg,astrolabe-awatere-valley-sauvignon-blanc-02.jpg,astrolabe-awatere-valley-sauvignon-blanc-03.jpg,astrolabe-awatere-valley-sauvignon-blanc
Ata Rangi Lismore Pinot Gris,Ata Rangi,DRAFT,ata-rangi-lismore-pinot-gris-01.jpg,ata-rangi-lismore-pinot-gris-02.jpg,ata-rangi-lismore-pinot-gris-03.jpg,ata-rangi-lismore-pinot-gris
Ayala Brut Majeur NV,Ayala,DRAFT,ayala-brut-majeur-nv-01.jpg,ayala-brut-majeur-nv-02.jpg,ayala-brut-majeur-nv-03.jpg,ayala-brut-majeur-nv
Banfi DOCG Chianti Classico,Banfi,DRAFT,banfi-docg-chianti-classico-01.jpg,banfi-docg-chianti-classico-02.jpg,banfi-docg-chianti-classico-03.jpg,banfi-docg-chianti-classico
Banfi DOCG Chianti Classico Riserva,Banfi,DRAFT,banfi-docg-chianti-classico-riserva-01.jpg,banfi-docg-chianti-classico-riserva-02.jpg,banfi-docg-chianti-classico-riserva-03.jpg,banfi-docg-chianti-classico-riserva
Bass Phillip Reserve Pinot Noir,Bass Phillip,DRAFT,bass-phillip-reserve-pinot-noir-01.jpg,bass-phillip-reserve-pinot-noir-02.jpg,bass-phillip-reserve-pinot-noir-03.jpg,bass-phillip-reserve-pinot-noir
Beaurenard Chateau Blanc Chateauneuf du Pape,Beaurenard,DRAFT,beaurenard-chateau-blanc-chateauneuf-du-pape-01.jpg,beaurenard-chateau-blanc-chateauneuf-du-pape-02.jpg,beaurenard-chateau-blanc-chateauneuf-du-pape-03.jpg,beaurenard-chateau-blanc-chateauneuf-du-pape
Bekkers Grenache,Bekkers,DRAFT,bekkers-grenache-01.jpg,bekkers-grenache-02.jpg,bekkers-grenache-03.jpg,bekkers-grenache
Bellebonne Vintage Rosé,Bellebonne,DRAFT,bellebonne-vintage-rose-01.jpg,bellebonne-vintage-rose-02.jpg,bellebonne-vintage-rose-03.jpg,bellebonne-vintage-rose
Billecart Salmon Brut Sous Bois,Billecart Salmon,DRAFT,billecart-salmon-brut-sous-bois-01.jpg,billecart-salmon-brut-sous-bois-02.jpg,billecart-salmon-brut-sous-bois-03.jpg,billecart-salmon-brut-sous-bois
Billecart-Salmon Brut Rosé,Billecart-Salmon,DRAFT,billecart-salmon-brut-rose-01.jpg,billecart-salmon-brut-rose-02.jpg,billecart-salmon-brut-rose-03.jpg,billecart-salmon-brut-rose
Bindi Block 5 Pinot Noir,Bindi,DRAFT,bindi-block-5-pinot-noir-01.jpg,bindi-block-5-pinot-noir-02.jpg,bindi-block-5-pinot-noir-03.jpg,bindi-block-5-pinot-noir
Bindi Quartz Chardonnay,Bindi,DRAFT,bindi-quartz-chardonnay-01.jpg,bindi-quartz-chardonnay-02.jpg,bindi-quartz-chardonnay-03.jpg,bindi-quartz-chardonnay
Bisol Cartizze Superiore di Cartizze,Bisol,DRAFT,bisol-cartizze-superiore-di-cartizze-01.jpg,bisol-cartizze-superiore-di-cartizze-02.jpg,bisol-cartizze-superiore-di-cartizze-03.jpg,bisol-cartizze-superiore-di-cartizze
Bollinger Pinot Noir Tx20 Blanc de Noirs Champagne,Bollinger,DRAFT,bollinger-pinot-noir-tx20-blanc-de-noirs-champagne-01.jpg,bollinger-pinot-noir-tx20-blanc-de-noirs-champagne-02.jpg,bollinger-pinot-noir-tx20-blanc-de-noirs-champagne-03.jpg,bollinger-pinot-noir-tx20-blanc-de-noirs-champagne
Bollinger Rose NV,Bollinger,DRAFT,bollinger-rose-nv-01.jpg,bollinger-rose-nv-02.jpg,bollinger-rose-nv-03.jpg,bollinger-rose-nv
Bortolomiol Prior Superiore,Bortolomiol,DRAFT,bortolomiol-prior-superiore-01.jpg,bortolomiol-prior-superiore-02.jpg,bortolomiol-prior-superiore-03.jpg,bortolomiol-prior-superiore
Brokenwood Graveyard Shiraz,Brokenwood,DRAFT,brokenwood-graveyard-shiraz-01.jpg,brokenwood-graveyard-shiraz-02.jpg,brokenwood-graveyard-shiraz-03.jpg,brokenwood-graveyard-shiraz
By Farr Sangreal,By Farr,DRAFT,by-farr-sangreal-01.jpg,by-farr-sangreal-02.jpg,by-farr-sangreal-03.jpg,by-farr-sangreal
Campbells Merchant Prince Rare Muscat,Campbells,DRAFT,campbells-merchant-prince-rare-muscat-01.jpg,campbells-merchant-prince-rare-muscat-02.jpg,campbells-merchant-prince-rare-muscat-03.jpg,campbells-merchant-prince-rare-muscat
Cape Mentelle Chardonnay Margaret River,Cape Mentelle,DRAFT,cape-mentelle-chardonnay-margaret-river-01.jpg,cape-mentelle-chardonnay-margaret-river-02.jpg,cape-mentelle-chardonnay-margaret-river-03.jpg,cape-mentelle-chardonnay-margaret-river
Cape Mentelle Heritage Cabernet Margaret River,Cape Mentelle,DRAFT,cape-mentelle-heritage-cabernet-margaret-river-01.jpg,cape-mentelle-heritage-cabernet-margaret-river-02.jpg,cape-mentelle-heritage-cabernet-margaret-river-03.jpg,cape-mentelle-heritage-cabernet-margaret-river
Cape Mentelle Heritage Chardonnay Margaret River,Cape Mentelle,DRAFT,cape-mentelle-heritage-chardonnay-margaret-river-01.jpg,cape-mentelle-heritage-chardonnay-margaret-river-02.jpg,cape-mentelle-heritage-chardonnay-margaret-river-03.jpg,cape-mentelle-heritage-chardonnay-margaret-river
Cape Mentelle Wallcliffe Cabernet Franc,Cape Mentelle,DRAFT,cape-mentelle-wallcliffe-cabernet-franc-01.jpg,cape-mentelle-wallcliffe-cabernet-franc-02.jpg,cape-mentelle-wallcliffe-cabernet-franc-03.jpg,cape-mentelle-wallcliffe-cabernet-franc
Cape Mentelle Wallcliffe Sauvignon Blanc,Cape Mentelle,DRAFT,cape-mentelle-wallcliffe-sauvignon-blanc-01.jpg,cape-mentelle-wallcliffe-sauvignon-blanc-02.jpg,cape-mentelle-wallcliffe-sauvignon-blanc-03.jpg,cape-mentelle-wallcliffe-sauvignon-blanc
Cape Mentelle Zinfandel Margaret River,Cape Mentelle,DRAFT,cape-mentelle-zinfandel-margaret-river-01.jpg,cape-mentelle-zinfandel-margaret-river-02.jpg,cape-mentelle-zinfandel-margaret-river-03.jpg,cape-mentelle-zinfandel-margaret-river
Casali del Barone Barolo 2020,Casali del Barone,DRAFT,casali-del-barone-barolo-2020-01.jpg,casali-del-barone-barolo-2020-02.jpg,casali-del-barone-barolo-2020-03.jpg,casali-del-barone-barolo-2020
Chambers Rosewood Rare Muscat,Chambers Rosewood,DRAFT,chambers-rosewood-rare-muscat-01.jpg,chambers-rosewood-rare-muscat-02.jpg,chambers-rosewood-rare-muscat-03.jpg,chambers-rosewood-rare-muscat
Champagne Deutz Amour de Deutz Brut Millesime 2011,Champagne Deutz,DRAFT,champagne-deutz-amour-de-deutz-brut-millesime-2011-01.jpg,champagne-deutz-amour-de-deutz-brut-millesime-2011-02.jpg,champagne-deutz-amour-de-deutz-brut-millesime-2011-03.jpg,champagne-deutz-amour-de-deutz-brut-millesime-2011
Champagne Deutz Brut Rose,Champagne Deutz,DRAFT,champagne-deutz-brut-rose-01.jpg,champagne-deutz-brut-rose-02.jpg,champagne-deutz-brut-rose-03.jpg,champagne-deutz-brut-rose
Champagne Deutz Brut Rose NV,Champagne Deutz,DRAFT,champagne-deutz-brut-rose-nv-01.jpg,champagne-deutz-brut-rose-nv-02.jpg,champagne-deutz-brut-rose-nv-03.jpg,champagne-deutz-brut-rose-nv
Champagne Laurent-Perrier la Cuvee,Champagne Laurent-Perrier,DRAFT,champagne-laurent-perrier-la-cuvee-01.jpg,champagne-laurent-perrier-la-cuvee-02.jpg,champagne-laurent-perrier-la-cuvee-03.jpg,champagne-laurent-perrier-la-cuvee
Charles Melton Rose of Virginia,Charles Melton,DRAFT,charles-melton-rose-of-virginia-01.jpg,charles-melton-rose-of-virginia-02.jpg,charles-melton-rose-of-virginia-03.jpg,charles-melton-rose-of-virginia
Chateau Galeteau Cuvee Eleonore Saint Emilion Grand Cru 2022,Chateau Galeteau,DRAFT,chateau-galeteau-cuvee-eleonore-saint-emilion-grand-cru-2022-01.jpg,chateau-galeteau-cuvee-eleonore-saint-emilion-grand-cru-2022-02.jpg,chateau-galeteau-cuvee-eleonore-saint-emilion-grand-cru-2022-03.jpg,chateau-galeteau-cuvee-eleonore-saint-emilion-grand-cru-2022
Chateau d'Esclans Rock Angel,Chateau d'Esclans,DRAFT,chateau-d-esclans-rock-angel-01.jpg,chateau-d-esclans-rock-angel-02.jpg,chateau-d-esclans-rock-angel-03.jpg,chateau-d-esclans-rock-angel
Chateau de Maligny Chablis Carre de Cesar 2025,Chateau de Maligny,DRAFT,chateau-de-maligny-chablis-carre-de-cesar-2025-01.jpg,chateau-de-maligny-chablis-carre-de-cesar-2025-02.jpg,chateau-de-maligny-chablis-carre-de-cesar-2025-03.jpg,chateau-de-maligny-chablis-carre-de-cesar-2025
Chateau de Maligny Chablis Vieilles Vignes 2025,Chateau de Maligny,DRAFT,chateau-de-maligny-chablis-vieilles-vignes-2025-01.jpg,chateau-de-maligny-chablis-vieilles-vignes-2025-02.jpg,chateau-de-maligny-chablis-vieilles-vignes-2025-03.jpg,chateau-de-maligny-chablis-vieilles-vignes-2025
Chateau de Maligny Petit Chablis 2023,Chateau de Maligny,DRAFT,chateau-de-maligny-petit-chablis-2023-01.jpg,chateau-de-maligny-petit-chablis-2023-02.jpg,chateau-de-maligny-petit-chablis-2023-03.jpg,chateau-de-maligny-petit-chablis-2023
Chiappini DOC Bolgheri Rosso Ferruggini,Chiappini,DRAFT,chiappini-doc-bolgheri-rosso-ferruggini-01.jpg,chiappini-doc-bolgheri-rosso-ferruggini-02.jpg,chiappini-doc-bolgheri-rosso-ferruggini-03.jpg,chiappini-doc-bolgheri-rosso-ferruggini
Chrismont La Zona Pinot Grigio,Chrismont,DRAFT,chrismont-la-zona-pinot-grigio-01.jpg,chrismont-la-zona-pinot-grigio-02.jpg,chrismont-la-zona-pinot-grigio-03.jpg,chrismont-la-zona-pinot-grigio
Château Cantemerle Haut-Médoc,Château Cantemerle,DRAFT,chateau-cantemerle-haut-medoc-01.jpg,chateau-cantemerle-haut-medoc-02.jpg,chateau-cantemerle-haut-medoc-03.jpg,chateau-cantemerle-haut-medoc
Château Miraval Rosé,Château Miraval,DRAFT,chateau-miraval-rose-01.jpg,chateau-miraval-rose-02.jpg,chateau-miraval-rose-03.jpg,chateau-miraval-rose
Château d'Esclans Garrus,Château d'Esclans,DRAFT,chateau-d-esclans-garrus-01.jpg,chateau-d-esclans-garrus-02.jpg,chateau-d-esclans-garrus-03.jpg,chateau-d-esclans-garrus
Château d'Esclans Whispering Angel,Château d'Esclans,DRAFT,chateau-d-esclans-whispering-angel-01.jpg,chateau-d-esclans-whispering-angel-02.jpg,chateau-d-esclans-whispering-angel-03.jpg,chateau-d-esclans-whispering-angel
Château de Beaucastel Châteauneuf-du-Pape,Château de Beaucastel,DRAFT,chateau-de-beaucastel-chateauneuf-du-pape-01.jpg,chateau-de-beaucastel-chateauneuf-du-pape-02.jpg,chateau-de-beaucastel-chateauneuf-du-pape-03.jpg,chateau-de-beaucastel-chateauneuf-du-pape
Cirillo 1850 Ancestor Vine Grenache,Cirillo,DRAFT,cirillo-1850-ancestor-vine-grenache-01.jpg,cirillo-1850-ancestor-vine-grenache-02.jpg,cirillo-1850-ancestor-vine-grenache-03.jpg,cirillo-1850-ancestor-vine-grenache
Cloudy Bay Chardonnay,Cloudy Bay,DRAFT,cloudy-bay-chardonnay-01.jpg,cloudy-bay-chardonnay-02.jpg,cloudy-bay-chardonnay-03.jpg,cloudy-bay-chardonnay
Cloudy Bay Pinot Noir,Cloudy Bay,DRAFT,cloudy-bay-pinot-noir-01.jpg,cloudy-bay-pinot-noir-02.jpg,cloudy-bay-pinot-noir-03.jpg,cloudy-bay-pinot-noir
Cloudy Bay Sauvignon Blanc,Cloudy Bay,DRAFT,cloudy-bay-sauvignon-blanc-01.jpg,cloudy-bay-sauvignon-blanc-02.jpg,cloudy-bay-sauvignon-blanc-03.jpg,cloudy-bay-sauvignon-blanc
Cloudy Bay Te Koko,Cloudy Bay,DRAFT,cloudy-bay-te-koko-01.jpg,cloudy-bay-te-koko-02.jpg,cloudy-bay-te-koko-03.jpg,cloudy-bay-te-koko
Cloudy Bay Te Wahi,Cloudy Bay,DRAFT,cloudy-bay-te-wahi-01.jpg,cloudy-bay-te-wahi-02.jpg,cloudy-bay-te-wahi-03.jpg,cloudy-bay-te-wahi
Clover Hill Cuvée Exceptionnelle,Clover Hill,DRAFT,clover-hill-cuvee-exceptionnelle-01.jpg,clover-hill-cuvee-exceptionnelle-02.jpg,clover-hill-cuvee-exceptionnelle-03.jpg,clover-hill-cuvee-exceptionnelle
Col Vetoraz Cartizze,Col Vetoraz,DRAFT,col-vetoraz-cartizze-01.jpg,col-vetoraz-cartizze-02.jpg,col-vetoraz-cartizze-03.jpg,col-vetoraz-cartizze
Collet Art Deco Brut NV,Collet,DRAFT,collet-art-deco-brut-nv-01.jpg,collet-art-deco-brut-nv-02.jpg,collet-art-deco-brut-nv-03.jpg,collet-art-deco-brut-nv
Collet Rose,Collet,DRAFT,collet-rose-01.jpg,collet-rose-02.jpg,collet-rose-03.jpg,collet-rose
Collet Vintage 2014,Collet,DRAFT,collet-vintage-2014-01.jpg,collet-vintage-2014-02.jpg,collet-vintage-2014-03.jpg,collet-vintage-2014
Coriole Merlot,Coriole,DRAFT,coriole-merlot-01.jpg,coriole-merlot-02.jpg,coriole-merlot-03.jpg,coriole-merlot
Craggy Range Te Muna Road Sauvignon Blanc,Craggy Range,DRAFT,craggy-range-te-muna-road-sauvignon-blanc-01.jpg,craggy-range-te-muna-road-sauvignon-blanc-02.jpg,craggy-range-te-muna-road-sauvignon-blanc-03.jpg,craggy-range-te-muna-road-sauvignon-blanc
Crawford River Riesling,Crawford River,DRAFT,crawford-river-riesling-01.jpg,crawford-river-riesling-02.jpg,crawford-river-riesling-03.jpg,crawford-river-riesling
Croser Late Disgorged,Croser,DRAFT,croser-late-disgorged-01.jpg,croser-late-disgorged-02.jpg,croser-late-disgorged-03.jpg,croser-late-disgorged
Cullen Kevin John Chardonnay,Cullen,DRAFT,cullen-kevin-john-chardonnay-01.jpg,cullen-kevin-john-chardonnay-02.jpg,cullen-kevin-john-chardonnay-03.jpg,cullen-kevin-john-chardonnay
Curly Flat Pinot Noir,Curly Flat,DRAFT,curly-flat-pinot-noir-01.jpg,curly-flat-pinot-noir-02.jpg,curly-flat-pinot-noir-03.jpg,curly-flat-pinot-noir
Da Luca Prosecco,Da Luca,ACTIVE,da-luca-prosecco-01.jpg,da-luca-prosecco-02.jpg,da-luca-prosecco-03.jpg,da-luca-prosecco
Dal Zotto Pucino Prosecco,Dal Zotto,DRAFT,dal-zotto-pucino-prosecco-01.jpg,dal-zotto-pucino-prosecco-02.jpg,dal-zotto-pucino-prosecco-03.jpg,dal-zotto-pucino-prosecco
De Bortoli Rose Rose,De Bortoli,ACTIVE,de-bortoli-rose-rose-01.jpg,de-bortoli-rose-rose-02.jpg,de-bortoli-rose-rose-03.jpg,de-bortoli-rose-rose
Deviation Road Beltana Blanc de Blancs,Deviation Road,DRAFT,deviation-road-beltana-blanc-de-blancs-01.jpg,deviation-road-beltana-blanc-de-blancs-02.jpg,deviation-road-beltana-blanc-de-blancs-03.jpg,deviation-road-beltana-blanc-de-blancs
Didier Dagueneau Silex,Didier Dagueneau,DRAFT,didier-dagueneau-silex-01.jpg,didier-dagueneau-silex-02.jpg,didier-dagueneau-silex-03.jpg,didier-dagueneau-silex
Diego Rivetti Barolo Elda 2022,Diego Rivetti,DRAFT,diego-rivetti-barolo-elda-2022-01.jpg,diego-rivetti-barolo-elda-2022-02.jpg,diego-rivetti-barolo-elda-2022-03.jpg,diego-rivetti-barolo-elda-2022
Dog Point Section 94,Dog Point,DRAFT,dog-point-section-94-01.jpg,dog-point-section-94-02.jpg,dog-point-section-94-03.jpg,dog-point-section-94
Dom Perignon Rose,Dom Perignon,DRAFT,dom-perignon-rose-01.jpg,dom-perignon-rose-02.jpg,dom-perignon-rose-03.jpg,dom-perignon-rose
Domaine Christian Salmon Sancerre Ac,Domaine Christian Salmon,DRAFT,domaine-christian-salmon-sancerre-ac-01.jpg,domaine-christian-salmon-sancerre-ac-02.jpg,domaine-christian-salmon-sancerre-ac-03.jpg,domaine-christian-salmon-sancerre-ac
Domaine Tempier Bandol Rosé,Domaine Tempier,DRAFT,domaine-tempier-bandol-rose-01.jpg,domaine-tempier-bandol-rose-02.jpg,domaine-tempier-bandol-rose-03.jpg,domaine-tempier-bandol-rose
Domaine Vacheron Sancerre,Domaine Vacheron,DRAFT,domaine-vacheron-sancerre-01.jpg,domaine-vacheron-sancerre-02.jpg,domaine-vacheron-sancerre-03.jpg,domaine-vacheron-sancerre
Domaines Ott Château Romassan,Domaines Ott,DRAFT,domaines-ott-chateau-romassan-01.jpg,domaines-ott-chateau-romassan-02.jpg,domaines-ott-chateau-romassan-03.jpg,domaines-ott-chateau-romassan
Dominique Portet Fontaine Rosé,Dominique Portet,DRAFT,dominique-portet-fontaine-rose-01.jpg,dominique-portet-fontaine-rose-02.jpg,dominique-portet-fontaine-rose-03.jpg,dominique-portet-fontaine-rose
Donne Fittipaldi Bolgheri Rosso,Donne Fittipaldi,DRAFT,donne-fittipaldi-bolgheri-rosso-01.jpg,donne-fittipaldi-bolgheri-rosso-02.jpg,donne-fittipaldi-bolgheri-rosso-03.jpg,donne-fittipaldi-bolgheri-rosso
Donne Fittipaldi Bolgheri Tuscany 2022,Donne Fittipaldi,DRAFT,donne-fittipaldi-bolgheri-tuscany-2022-01.jpg,donne-fittipaldi-bolgheri-tuscany-2022-02.jpg,donne-fittipaldi-bolgheri-tuscany-2022-03.jpg,donne-fittipaldi-bolgheri-tuscany-2022
Donne Fittipaldi Malaroja Malbec Super Tuscan,Donne Fittipaldi,DRAFT,donne-fittipaldi-malaroja-malbec-super-tuscan-01.jpg,donne-fittipaldi-malaroja-malbec-super-tuscan-02.jpg,donne-fittipaldi-malaroja-malbec-super-tuscan-03.jpg,donne-fittipaldi-malaroja-malbec-super-tuscan
Dow's 30 Year Old Tawny Port,Dow's,DRAFT,dow-s-30-year-old-tawny-port-01.jpg,dow-s-30-year-old-tawny-port-02.jpg,dow-s-30-year-old-tawny-port-03.jpg,dow-s-30-year-old-tawny-port
Dow's Colheita Tawny Port Portugal,Dow's,DRAFT,dow-s-colheita-tawny-port-portugal-01.jpg,dow-s-colheita-tawny-port-portugal-02.jpg,dow-s-colheita-tawny-port-portugal-03.jpg,dow-s-colheita-tawny-port-portugal
Dr Loosen Wehlener Sonnenuhr Kabinett,Dr Loosen,DRAFT,dr-loosen-wehlener-sonnenuhr-kabinett-01.jpg,dr-loosen-wehlener-sonnenuhr-kabinett-02.jpg,dr-loosen-wehlener-sonnenuhr-kabinett-03.jpg,dr-loosen-wehlener-sonnenuhr-kabinett
Egly-Ouriet Brut Tradition Grand Cru,Egly-Ouriet,DRAFT,egly-ouriet-brut-tradition-grand-cru-01.jpg,egly-ouriet-brut-tradition-grand-cru-02.jpg,egly-ouriet-brut-tradition-grand-cru-03.jpg,egly-ouriet-brut-tradition-grand-cru
Eileen Hardy Pinot Noir V21,Hardys,DRAFT,eileen-hardy-pinot-noir-v21-01.jpg,eileen-hardy-pinot-noir-v21-02.jpg,eileen-hardy-pinot-noir-v21-03.jpg,eileen-hardy-pinot-noir-v21
Eileen Hardy Shiraz V20,Hardys,DRAFT,eileen-hardy-shiraz-v20-01.jpg,eileen-hardy-shiraz-v20-02.jpg,eileen-hardy-shiraz-v20-03.jpg,eileen-hardy-shiraz-v20
Elephant in the Room Pinot Noir,Fourth Wave Wine,ACTIVE,elephant-in-the-room-pinot-noir-01.jpg,elephant-in-the-room-pinot-noir-02.jpg,elephant-in-the-room-pinot-noir-03.jpg,elephant-in-the-room-pinot-noir
Farina Amarone della Valpolicella Classico DOCG Veneto Italy,Farina,DRAFT,farina-amarone-della-valpolicella-classico-docg-veneto-italy-01.jpg,farina-amarone-della-valpolicella-classico-docg-veneto-italy-02.jpg,farina-amarone-della-valpolicella-classico-docg-veneto-italy-03.jpg,farina-amarone-della-valpolicella-classico-docg-veneto-italy
First Drop Fat Of the Land Seppeltsfield Shiraz 2021,First Drop,DRAFT,first-drop-fat-of-the-land-seppeltsfield-shiraz-2021-01.jpg,first-drop-fat-of-the-land-seppeltsfield-shiraz-2021-02.jpg,first-drop-fat-of-the-land-seppeltsfield-shiraz-2021-03.jpg,first-drop-fat-of-the-land-seppeltsfield-shiraz-2021
Fontanafredda Barolo Proprieta DOCG Italy,Fontanafredda,DRAFT,fontanafredda-barolo-proprieta-docg-italy-01.jpg,fontanafredda-barolo-proprieta-docg-italy-02.jpg,fontanafredda-barolo-proprieta-docg-italy-03.jpg,fontanafredda-barolo-proprieta-docg-italy
Fontanafredda Serralunga d'Alba Barolo DOCG Italy,Fontanafredda,DRAFT,fontanafredda-serralunga-d-alba-barolo-docg-italy-01.jpg,fontanafredda-serralunga-d-alba-barolo-docg-italy-02.jpg,fontanafredda-serralunga-d-alba-barolo-docg-italy-03.jpg,fontanafredda-serralunga-d-alba-barolo-docg-italy
Fontanafredda Vigna la Rosa Barolo DOCG Italy,Fontanafredda,DRAFT,fontanafredda-vigna-la-rosa-barolo-docg-italy-01.jpg,fontanafredda-vigna-la-rosa-barolo-docg-italy-02.jpg,fontanafredda-vigna-la-rosa-barolo-docg-italy-03.jpg,fontanafredda-vigna-la-rosa-barolo-docg-italy
Frankland Estate Isolation Ridge Riesling,Frankland Estate,DRAFT,frankland-estate-isolation-ridge-riesling-01.jpg,frankland-estate-isolation-ridge-riesling-02.jpg,frankland-estate-isolation-ridge-riesling-03.jpg,frankland-estate-isolation-ridge-riesling
Giaconda Estate Vineyard Chardonnay,Giaconda,DRAFT,giaconda-estate-vineyard-chardonnay-01.jpg,giaconda-estate-vineyard-chardonnay-02.jpg,giaconda-estate-vineyard-chardonnay-03.jpg,giaconda-estate-vineyard-chardonnay
Giant Steps Applejack Vineyard Pinot Noir,Giant Steps,DRAFT,giant-steps-applejack-vineyard-pinot-noir-01.jpg,giant-steps-applejack-vineyard-pinot-noir-02.jpg,giant-steps-applejack-vineyard-pinot-noir-03.jpg,giant-steps-applejack-vineyard-pinot-noir
Giboulot Beaune Clos du Roi 1er Cru,Giboulot,DRAFT,giboulot-beaune-clos-du-roi-1er-cru-01.jpg,giboulot-beaune-clos-du-roi-1er-cru-02.jpg,giboulot-beaune-clos-du-roi-1er-cru-03.jpg,giboulot-beaune-clos-du-roi-1er-cru
Giovanni Rosso Barolo Serralunga d'Alba del Comune,Giovanni Rosso,DRAFT,giovanni-rosso-barolo-serralunga-d-alba-del-comune-01.jpg,giovanni-rosso-barolo-serralunga-d-alba-del-comune-02.jpg,giovanni-rosso-barolo-serralunga-d-alba-del-comune-03.jpg,giovanni-rosso-barolo-serralunga-d-alba-del-comune
Grant Burge Meshach Shiraz V19,Grant Burge,DRAFT,grant-burge-meshach-shiraz-v19-01.jpg,grant-burge-meshach-shiraz-v19-02.jpg,grant-burge-meshach-shiraz-v19-03.jpg,grant-burge-meshach-shiraz-v19
Greywacke Chardonnay - Marlborough New Zealand,Greywacke,DRAFT,greywacke-chardonnay-marlborough-new-zealand-01.jpg,greywacke-chardonnay-marlborough-new-zealand-02.jpg,greywacke-chardonnay-marlborough-new-zealand-03.jpg,greywacke-chardonnay-marlborough-new-zealand
Greywacke Pinot Noir Marlborough New Zealand,Greywacke,DRAFT,greywacke-pinot-noir-marlborough-new-zealand-01.jpg,greywacke-pinot-noir-marlborough-new-zealand-02.jpg,greywacke-pinot-noir-marlborough-new-zealand-03.jpg,greywacke-pinot-noir-marlborough-new-zealand
Greywacke Wild Sauvignon,Greywacke,DRAFT,greywacke-wild-sauvignon-01.jpg,greywacke-wild-sauvignon-02.jpg,greywacke-wild-sauvignon-03.jpg,greywacke-wild-sauvignon
Grosset Polish Hill,Grosset,DRAFT,grosset-polish-hill-01.jpg,grosset-polish-hill-02.jpg,grosset-polish-hill-03.jpg,grosset-polish-hill
Grosset Springvale,Grosset,DRAFT,grosset-springvale-01.jpg,grosset-springvale-02.jpg,grosset-springvale-03.jpg,grosset-springvale
Hardys Eileen Hardy Chardonnay V21,Hardys,DRAFT,hardys-eileen-hardy-chardonnay-v21-01.jpg,hardys-eileen-hardy-chardonnay-v21-02.jpg,hardys-eileen-hardy-chardonnay-v21-03.jpg,hardys-eileen-hardy-chardonnay-v21
Henri Bourgeois Sancerre,Henri Bourgeois,DRAFT,henri-bourgeois-sancerre-01.jpg,henri-bourgeois-sancerre-02.jpg,henri-bourgeois-sancerre-03.jpg,henri-bourgeois-sancerre
Henschke Keyneton Estate,Henschke,DRAFT,henschke-keyneton-estate-01.jpg,henschke-keyneton-estate-02.jpg,henschke-keyneton-estate-03.jpg,henschke-keyneton-estate
Hentley Farm Clos Otto Shiraz,Hentley Farm,DRAFT,hentley-farm-clos-otto-shiraz-01.jpg,hentley-farm-clos-otto-shiraz-02.jpg,hentley-farm-clos-otto-shiraz-03.jpg,hentley-farm-clos-otto-shiraz
Hentley Farm Old Legend Grenache,Hentley Farm,DRAFT,hentley-farm-old-legend-grenache-01.jpg,hentley-farm-old-legend-grenache-02.jpg,hentley-farm-old-legend-grenache-03.jpg,hentley-farm-old-legend-grenache
Hentley Farm Quint Shiraz,Hentley Farm,DRAFT,hentley-farm-quint-shiraz-01.jpg,hentley-farm-quint-shiraz-02.jpg,hentley-farm-quint-shiraz-03.jpg,hentley-farm-quint-shiraz
House of Arras Blanc de Blancs,House of Arras,DRAFT,house-of-arras-blanc-de-blancs-01.jpg,house-of-arras-blanc-de-blancs-02.jpg,house-of-arras-blanc-de-blancs-03.jpg,house-of-arras-blanc-de-blancs
House of Arras Brut Elite Rose,House of Arras,DRAFT,house-of-arras-brut-elite-rose-01.jpg,house-of-arras-brut-elite-rose-02.jpg,house-of-arras-brut-elite-rose-03.jpg,house-of-arras-brut-elite-rose
House of Arras EJ Carr Late Disgorged,House of Arras,DRAFT,house-of-arras-ej-carr-late-disgorged-01.jpg,house-of-arras-ej-carr-late-disgorged-02.jpg,house-of-arras-ej-carr-late-disgorged-03.jpg,house-of-arras-ej-carr-late-disgorged
House of Arras Grand Vintage,House of Arras,DRAFT,house-of-arras-grand-vintage-01.jpg,house-of-arras-grand-vintage-02.jpg,house-of-arras-grand-vintage-03.jpg,house-of-arras-grand-vintage
House of Arras Vintage Blanc de Blancs,House of Arras,DRAFT,house-of-arras-vintage-blanc-de-blancs-01.jpg,house-of-arras-vintage-blanc-de-blancs-02.jpg,house-of-arras-vintage-blanc-de-blancs-03.jpg,house-of-arras-vintage-blanc-de-blancs
House of Arras Vintage Rose,House of Arras,DRAFT,house-of-arras-vintage-rose-01.jpg,house-of-arras-vintage-rose-02.jpg,house-of-arras-vintage-rose-03.jpg,house-of-arras-vintage-rose
Jacquesson Cuvée No. 74x,Jacquesson,DRAFT,jacquesson-cuvee-no-74x-01.jpg,jacquesson-cuvee-no-74x-02.jpg,jacquesson-cuvee-no-74x-03.jpg,jacquesson-cuvee-no-74x
Jean Michel Giboulot Savigny Les Beaune Aux Fournaux 1er Cru 2018,Jean Michel Giboulot,DRAFT,jean-michel-giboulot-savigny-les-beaune-aux-fournaux-1er-cru-2018-01.jpg,jean-michel-giboulot-savigny-les-beaune-aux-fournaux-1er-cru-2018-02.jpg,jean-michel-giboulot-savigny-les-beaune-aux-fournaux-1er-cru-2018-03.jpg,jean-michel-giboulot-savigny-les-beaune-aux-fournaux-1er-cru-2018
Jermann Pinot Grigio,Jermann,DRAFT,jermann-pinot-grigio-01.jpg,jermann-pinot-grigio-02.jpg,jermann-pinot-grigio-03.jpg,jermann-pinot-grigio
Jf Moreau Chablis 2023,JF Moreau,DRAFT,jf-moreau-chablis-2023-01.jpg,jf-moreau-chablis-2023-02.jpg,jf-moreau-chablis-2023-03.jpg,jf-moreau-chablis-2023
Jf Moreau Petit Chablis 2023,JF Moreau,DRAFT,jf-moreau-petit-chablis-2023-01.jpg,jf-moreau-petit-chablis-2023-02.jpg,jf-moreau-petit-chablis-2023-03.jpg,jf-moreau-petit-chablis-2023
Jf Moreau Premier Cru Mont de Milieu 2021,JF Moreau,DRAFT,jf-moreau-premier-cru-mont-de-milieu-2021-01.jpg,jf-moreau-premier-cru-mont-de-milieu-2021-02.jpg,jf-moreau-premier-cru-mont-de-milieu-2021-03.jpg,jf-moreau-premier-cru-mont-de-milieu-2021
Jim Barry McRae Shiraz,Jim Barry,DRAFT,jim-barry-mcrae-shiraz-01.jpg,jim-barry-mcrae-shiraz-02.jpg,jim-barry-mcrae-shiraz-03.jpg,jim-barry-mcrae-shiraz
Jim Barry The Florita,Jim Barry,DRAFT,jim-barry-the-florita-01.jpg,jim-barry-the-florita-02.jpg,jim-barry-the-florita-03.jpg,jim-barry-the-florita
Joseph Drouhin Chablis,Joseph Drouhin,DRAFT,joseph-drouhin-chablis-01.jpg,joseph-drouhin-chablis-02.jpg,joseph-drouhin-chablis-03.jpg,joseph-drouhin-chablis
Joseph Drouhin Cote de Beaune Blanc,Joseph Drouhin,DRAFT,joseph-drouhin-cote-de-beaune-blanc-01.jpg,joseph-drouhin-cote-de-beaune-blanc-02.jpg,joseph-drouhin-cote-de-beaune-blanc-03.jpg,joseph-drouhin-cote-de-beaune-blanc
Joseph Drouhin Gevrey Chambertin,Joseph Drouhin,DRAFT,joseph-drouhin-gevrey-chambertin-01.jpg,joseph-drouhin-gevrey-chambertin-02.jpg,joseph-drouhin-gevrey-chambertin-03.jpg,joseph-drouhin-gevrey-chambertin
Joseph Drouhin Laforet Bourgogne Chardonnay,Joseph Drouhin,DRAFT,joseph-drouhin-laforet-bourgogne-chardonnay-01.jpg,joseph-drouhin-laforet-bourgogne-chardonnay-02.jpg,joseph-drouhin-laforet-bourgogne-chardonnay-03.jpg,joseph-drouhin-laforet-bourgogne-chardonnay
Joseph Drouhin Laforet Bourgogne Pinot Noir,Joseph Drouhin,DRAFT,joseph-drouhin-laforet-bourgogne-pinot-noir-01.jpg,joseph-drouhin-laforet-bourgogne-pinot-noir-02.jpg,joseph-drouhin-laforet-bourgogne-pinot-noir-03.jpg,joseph-drouhin-laforet-bourgogne-pinot-noir
Joseph Drouhin Morgon,Joseph Drouhin,DRAFT,joseph-drouhin-morgon-01.jpg,joseph-drouhin-morgon-02.jpg,joseph-drouhin-morgon-03.jpg,joseph-drouhin-morgon
Kaesler Old Bastard Shiraz,Kaesler,DRAFT,kaesler-old-bastard-shiraz-01.jpg,kaesler-old-bastard-shiraz-02.jpg,kaesler-old-bastard-shiraz-03.jpg,kaesler-old-bastard-shiraz
Katnook Estate Merlot,Katnook Estate,DRAFT,katnook-estate-merlot-01.jpg,katnook-estate-merlot-02.jpg,katnook-estate-merlot-03.jpg,katnook-estate-merlot
Kilikanoon Attunga 1865 Shiraz 2016,Kilikanoon,DRAFT,kilikanoon-attunga-1865-shiraz-2016-01.jpg,kilikanoon-attunga-1865-shiraz-2016-02.jpg,kilikanoon-attunga-1865-shiraz-2016-03.jpg,kilikanoon-attunga-1865-shiraz-2016
Kilikanoon Covenant Shiraz,Kilikanoon,DRAFT,kilikanoon-covenant-shiraz-01.jpg,kilikanoon-covenant-shiraz-02.jpg,kilikanoon-covenant-shiraz-03.jpg,kilikanoon-covenant-shiraz
Kilikanoon Mort's Reserve Riesling 2024,Kilikanoon,DRAFT,kilikanoon-mort-s-reserve-riesling-2024-01.jpg,kilikanoon-mort-s-reserve-riesling-2024-02.jpg,kilikanoon-mort-s-reserve-riesling-2024-03.jpg,kilikanoon-mort-s-reserve-riesling-2024
Kilikanoon Tregea Cabernet Sauvignon 2018,Kilikanoon,DRAFT,kilikanoon-tregea-cabernet-sauvignon-2018-01.jpg,kilikanoon-tregea-cabernet-sauvignon-2018-02.jpg,kilikanoon-tregea-cabernet-sauvignon-2018-03.jpg,kilikanoon-tregea-cabernet-sauvignon-2018
Kooyong Beurrot Pinot Gris,Kooyong,DRAFT,kooyong-beurrot-pinot-gris-01.jpg,kooyong-beurrot-pinot-gris-02.jpg,kooyong-beurrot-pinot-gris-03.jpg,kooyong-beurrot-pinot-gris
Krug Grande Cuvée,Krug,DRAFT,krug-grande-cuvee-01.jpg,krug-grande-cuvee-02.jpg,krug-grande-cuvee-03.jpg,krug-grande-cuvee
Krug Vintage,Krug,DRAFT,krug-vintage-01.jpg,krug-vintage-02.jpg,krug-vintage-03.jpg,krug-vintage
La Chablisienne Lapierele Chablis,La Chablisienne,DRAFT,la-chablisienne-lapierele-chablis-01.jpg,la-chablisienne-lapierele-chablis-02.jpg,la-chablisienne-lapierele-chablis-03.jpg,la-chablisienne-lapierele-chablis
La Vieille Ferme Rose,Famille Perrin,ACTIVE,la-vieille-ferme-rose-01.jpg,la-vieille-ferme-rose-02.jpg,la-vieille-ferme-rose-03.jpg,la-vieille-ferme-rose
Lacourte-Godbillon Mont Ames-Migreats Premier Cru (Pinot Noir) - Champagne France,Lacourte-Godbillon,DRAFT,lacourte-godbillon-mont-ames-migreats-premier-cru-pinot-noir-champagne-france-01.jpg,lacourte-godbillon-mont-ames-migreats-premier-cru-pinot-noir-champagne-france-02.jpg,lacourte-godbillon-mont-ames-migreats-premier-cru-pinot-noir-champagne-france-03.jpg,lacourte-godbillon-mont-ames-migreats-premier-cru-pinot-noir-champagne-france
Lacourte-Godbillon Rose Premier Cru (Pinot Noir) - Champagne France,Lacourte-Godbillon,DRAFT,lacourte-godbillon-rose-premier-cru-pinot-noir-champagne-france-01.jpg,lacourte-godbillon-rose-premier-cru-pinot-noir-champagne-france-02.jpg,lacourte-godbillon-rose-premier-cru-pinot-noir-champagne-france-03.jpg,lacourte-godbillon-rose-premier-cru-pinot-noir-champagne-france
Laroche Chablis St Martin,Laroche,DRAFT,laroche-chablis-st-martin-01.jpg,laroche-chablis-st-martin-02.jpg,laroche-chablis-st-martin-03.jpg,laroche-chablis-st-martin
Laroche Petit Chablis 2023,Laroche,DRAFT,laroche-petit-chablis-2023-01.jpg,laroche-petit-chablis-2023-02.jpg,laroche-petit-chablis-2023-03.jpg,laroche-petit-chablis-2023
Laurent Habrard Crozes Hermitage Blanc Grand Classique,Laurent Habrard,DRAFT,laurent-habrard-crozes-hermitage-blanc-grand-classique-01.jpg,laurent-habrard-crozes-hermitage-blanc-grand-classique-02.jpg,laurent-habrard-crozes-hermitage-blanc-grand-classique-03.jpg,laurent-habrard-crozes-hermitage-blanc-grand-classique
Leeuwin Estate Art Series Chardonnay,Leeuwin Estate,DRAFT,leeuwin-estate-art-series-chardonnay-01.jpg,leeuwin-estate-art-series-chardonnay-02.jpg,leeuwin-estate-art-series-chardonnay-03.jpg,leeuwin-estate-art-series-chardonnay
Leo Buring Leopold Eden Valley Riesling,Leo Buring,DRAFT,leo-buring-leopold-eden-valley-riesling-01.jpg,leo-buring-leopold-eden-valley-riesling-02.jpg,leo-buring-leopold-eden-valley-riesling-03.jpg,leo-buring-leopold-eden-valley-riesling
Livio Felluga Pinot Grigio,Livio Felluga,DRAFT,livio-felluga-pinot-grigio-01.jpg,livio-felluga-pinot-grigio-02.jpg,livio-felluga-pinot-grigio-03.jpg,livio-felluga-pinot-grigio
Mac Forbes Pinot Gris,Mac Forbes,DRAFT,mac-forbes-pinot-gris-01.jpg,mac-forbes-pinot-gris-02.jpg,mac-forbes-pinot-gris-03.jpg,mac-forbes-pinot-gris
Maison Tramier & Fils Aop Chablis 2025,Maison Tramier,DRAFT,maison-tramier-fils-aop-chablis-2025-01.jpg,maison-tramier-fils-aop-chablis-2025-02.jpg,maison-tramier-fils-aop-chablis-2025-03.jpg,maison-tramier-fils-aop-chablis-2025
Maison Tramier & Fils Corton Grand Cru Pinot Noir 2016,Maison Tramier,DRAFT,maison-tramier-fils-corton-grand-cru-pinot-noir-2016-01.jpg,maison-tramier-fils-corton-grand-cru-pinot-noir-2016-02.jpg,maison-tramier-fils-corton-grand-cru-pinot-noir-2016-03.jpg,maison-tramier-fils-corton-grand-cru-pinot-noir-2016
Maison Tramier & Fils Vosne-Romanee Pinot Noir 2020,Maison Tramier,DRAFT,maison-tramier-fils-vosne-romanee-pinot-noir-2020-01.jpg,maison-tramier-fils-vosne-romanee-pinot-noir-2020-02.jpg,maison-tramier-fils-vosne-romanee-pinot-noir-2020-03.jpg,maison-tramier-fils-vosne-romanee-pinot-noir-2020
Marziano Abbona Barbaresco DOCG,Marziano Abbona,DRAFT,marziano-abbona-barbaresco-docg-01.jpg,marziano-abbona-barbaresco-docg-02.jpg,marziano-abbona-barbaresco-docg-03.jpg,marziano-abbona-barbaresco-docg
Marziano Abbona DOCG Barolo,Marziano Abbona,DRAFT,marziano-abbona-docg-barolo-01.jpg,marziano-abbona-docg-barolo-02.jpg,marziano-abbona-docg-barolo-03.jpg,marziano-abbona-docg-barolo
Millebuis Bourgogne Montagny Premier Cru 2022,Millebuis,DRAFT,millebuis-bourgogne-montagny-premier-cru-2022-01.jpg,millebuis-bourgogne-montagny-premier-cru-2022-02.jpg,millebuis-bourgogne-montagny-premier-cru-2022-03.jpg,millebuis-bourgogne-montagny-premier-cru-2022
Minuty Rosé et Or,Minuty,DRAFT,minuty-rose-et-or-01.jpg,minuty-rose-et-or-02.jpg,minuty-rose-et-or-03.jpg,minuty-rose-et-or
Moet Chandon Rose,Moet Chandon,DRAFT,moet-chandon-rose-01.jpg,moet-chandon-rose-02.jpg,moet-chandon-rose-03.jpg,moet-chandon-rose
Moet Chandon Vintage,Moet Chandon,DRAFT,moet-chandon-vintage-01.jpg,moet-chandon-vintage-02.jpg,moet-chandon-vintage-03.jpg,moet-chandon-vintage
Moss Wood Cabernet Sauvignon,Moss Wood,DRAFT,moss-wood-cabernet-sauvignon-01.jpg,moss-wood-cabernet-sauvignon-02.jpg,moss-wood-cabernet-sauvignon-03.jpg,moss-wood-cabernet-sauvignon
Mount Horrocks Watervale Riesling,Mount Horrocks,DRAFT,mount-horrocks-watervale-riesling-01.jpg,mount-horrocks-watervale-riesling-02.jpg,mount-horrocks-watervale-riesling-03.jpg,mount-horrocks-watervale-riesling
Mount Mary Pinot Noir,Mount Mary,DRAFT,mount-mary-pinot-noir-01.jpg,mount-mary-pinot-noir-02.jpg,mount-mary-pinot-noir-03.jpg,mount-mary-pinot-noir
Moët & Chandon Dom Pérignon,Moët & Chandon,DRAFT,mo-t-and-chandon-dom-perignon-01.jpg,mo-t-and-chandon-dom-perignon-02.jpg,mo-t-and-chandon-dom-perignon-03.jpg,mo-t-and-chandon-dom-perignon
Mud House Marlborough Sauvignon Blanc,Mud House,ACTIVE,mud-house-marlborough-sauvignon-blanc-01.jpg,mud-house-marlborough-sauvignon-blanc-02.jpg,mud-house-marlborough-sauvignon-blanc-03.jpg,mud-house-marlborough-sauvignon-blanc
Nino Franco Primo Franco,Nino Franco,DRAFT,nino-franco-primo-franco-01.jpg,nino-franco-primo-franco-02.jpg,nino-franco-primo-franco-03.jpg,nino-franco-primo-franco
Nino Franco Rustico,Nino Franco,DRAFT,nino-franco-rustico-01.jpg,nino-franco-rustico-02.jpg,nino-franco-rustico-03.jpg,nino-franco-rustico
Oakridge 864 Cabernet Sauvignon Winery Block,Oakridge,DRAFT,oakridge-864-cabernet-sauvignon-winery-block-01.jpg,oakridge-864-cabernet-sauvignon-winery-block-02.jpg,oakridge-864-cabernet-sauvignon-winery-block-03.jpg,oakridge-864-cabernet-sauvignon-winery-block
Oakridge 864 Chardonnay,Oakridge,DRAFT,oakridge-864-chardonnay-01.jpg,oakridge-864-chardonnay-02.jpg,oakridge-864-chardonnay-03.jpg,oakridge-864-chardonnay
Oakridge 864 Henk Chardonnay,Oakridge,DRAFT,oakridge-864-henk-chardonnay-01.jpg,oakridge-864-henk-chardonnay-02.jpg,oakridge-864-henk-chardonnay-03.jpg,oakridge-864-henk-chardonnay
Oakridge 864 Pinot Noir Block A4,Oakridge,DRAFT,oakridge-864-pinot-noir-block-a4-01.jpg,oakridge-864-pinot-noir-block-a4-02.jpg,oakridge-864-pinot-noir-block-a4-03.jpg,oakridge-864-pinot-noir-block-a4
Oakridge 864 Syrah,Oakridge,DRAFT,oakridge-864-syrah-01.jpg,oakridge-864-syrah-02.jpg,oakridge-864-syrah-03.jpg,oakridge-864-syrah
Ochota Barrels Fugazi Vineyard Grenache,Ochota Barrels,DRAFT,ochota-barrels-fugazi-vineyard-grenache-01.jpg,ochota-barrels-fugazi-vineyard-grenache-02.jpg,ochota-barrels-fugazi-vineyard-grenache-03.jpg,ochota-barrels-fugazi-vineyard-grenache
Paringa Estate The Paringa Pinot Noir,Paringa Estate,DRAFT,paringa-estate-the-paringa-pinot-noir-01.jpg,paringa-estate-the-paringa-pinot-noir-02.jpg,paringa-estate-the-paringa-pinot-noir-03.jpg,paringa-estate-the-paringa-pinot-noir
Parker Coonawarra Estate First Growth,Parker Coonawarra Estate,DRAFT,parker-coonawarra-estate-first-growth-01.jpg,parker-coonawarra-estate-first-growth-02.jpg,parker-coonawarra-estate-first-growth-03.jpg,parker-coonawarra-estate-first-growth
Patrick Piuze 2023 Petit Chablis,Patrick Piuze,DRAFT,patrick-piuze-2023-petit-chablis-01.jpg,patrick-piuze-2023-petit-chablis-02.jpg,patrick-piuze-2023-petit-chablis-03.jpg,patrick-piuze-2023-petit-chablis
Penfolds Bin 28 Shiraz,Penfolds,DRAFT,penfolds-bin-28-shiraz-01.jpg,penfolds-bin-28-shiraz-02.jpg,penfolds-bin-28-shiraz-03.jpg,penfolds-bin-28-shiraz
Penfolds Bin 407 Cabernet Sauvignon,Penfolds,DRAFT,penfolds-bin-407-cabernet-sauvignon-01.jpg,penfolds-bin-407-cabernet-sauvignon-02.jpg,penfolds-bin-407-cabernet-sauvignon-03.jpg,penfolds-bin-407-cabernet-sauvignon
Penfolds Bin 707 Cabernet Sauvignon,Penfolds,DRAFT,penfolds-bin-707-cabernet-sauvignon-01.jpg,penfolds-bin-707-cabernet-sauvignon-02.jpg,penfolds-bin-707-cabernet-sauvignon-03.jpg,penfolds-bin-707-cabernet-sauvignon
Penfolds Grange,Penfolds,DRAFT,penfolds-grange-01.jpg,penfolds-grange-02.jpg,penfolds-grange-03.jpg,penfolds-grange
Penfolds St Henri Shiraz,Penfolds,DRAFT,penfolds-st-henri-shiraz-01.jpg,penfolds-st-henri-shiraz-02.jpg,penfolds-st-henri-shiraz-03.jpg,penfolds-st-henri-shiraz
Penfolds Yattarna Bin 144 Chardonnay,Penfolds,DRAFT,penfolds-yattarna-bin-144-chardonnay-01.jpg,penfolds-yattarna-bin-144-chardonnay-02.jpg,penfolds-yattarna-bin-144-chardonnay-03.jpg,penfolds-yattarna-bin-144-chardonnay
Perrier-Jouet Belle Epoque Blanc de Blanc,Perrier-Jouet,DRAFT,perrier-jouet-belle-epoque-blanc-de-blanc-01.jpg,perrier-jouet-belle-epoque-blanc-de-blanc-02.jpg,perrier-jouet-belle-epoque-blanc-de-blanc-03.jpg,perrier-jouet-belle-epoque-blanc-de-blanc
Petaluma Anova Cabernet Sauvignon,Petaluma,DRAFT,petaluma-anova-cabernet-sauvignon-01.jpg,petaluma-anova-cabernet-sauvignon-02.jpg,petaluma-anova-cabernet-sauvignon-03.jpg,petaluma-anova-cabernet-sauvignon
Petaluma Anova Chardonnay,Petaluma,DRAFT,petaluma-anova-chardonnay-01.jpg,petaluma-anova-chardonnay-02.jpg,petaluma-anova-chardonnay-03.jpg,petaluma-anova-chardonnay
Petaluma Yellow Label Cabernet Merlot,Petaluma,DRAFT,petaluma-yellow-label-cabernet-merlot-01.jpg,petaluma-yellow-label-cabernet-merlot-02.jpg,petaluma-yellow-label-cabernet-merlot-03.jpg,petaluma-yellow-label-cabernet-merlot
Petaluma Yellow Label Chardonnay,Petaluma,DRAFT,petaluma-yellow-label-chardonnay-01.jpg,petaluma-yellow-label-chardonnay-02.jpg,petaluma-yellow-label-chardonnay-03.jpg,petaluma-yellow-label-chardonnay
Petaluma Yellow Label Shiraz,Petaluma,DRAFT,petaluma-yellow-label-shiraz-01.jpg,petaluma-yellow-label-shiraz-02.jpg,petaluma-yellow-label-shiraz-03.jpg,petaluma-yellow-label-shiraz
Pewsey Vale The Contours,Pewsey Vale,DRAFT,pewsey-vale-the-contours-01.jpg,pewsey-vale-the-contours-02.jpg,pewsey-vale-the-contours-03.jpg,pewsey-vale-the-contours
Peyrassol Chateau Rose,Peyrassol,DRAFT,peyrassol-chateau-rose-01.jpg,peyrassol-chateau-rose-02.jpg,peyrassol-chateau-rose-03.jpg,peyrassol-chateau-rose
Piazzo Barbaresco Arge DOCG 2021,Piazzo,DRAFT,piazzo-barbaresco-arge-docg-2021-01.jpg,piazzo-barbaresco-arge-docg-2021-02.jpg,piazzo-barbaresco-arge-docg-2021-03.jpg,piazzo-barbaresco-arge-docg-2021
Piazzo Barbaresco Pajore DOCG 2021,Piazzo,DRAFT,piazzo-barbaresco-pajore-docg-2021-01.jpg,piazzo-barbaresco-pajore-docg-2021-02.jpg,piazzo-barbaresco-pajore-docg-2021-03.jpg,piazzo-barbaresco-pajore-docg-2021
Piazzo Barolo Valente DOCG 2020,Piazzo,DRAFT,piazzo-barolo-valente-docg-2020-01.jpg,piazzo-barolo-valente-docg-2020-02.jpg,piazzo-barolo-valente-docg-2020-03.jpg,piazzo-barolo-valente-docg-2020
Pierro Chardonnay,Pierro,DRAFT,pierro-chardonnay-01.jpg,pierro-chardonnay-02.jpg,pierro-chardonnay-03.jpg,pierro-chardonnay
Piombaia DOCG Brunello di Montalcino,Piombaia,DRAFT,piombaia-docg-brunello-di-montalcino-01.jpg,piombaia-docg-brunello-di-montalcino-02.jpg,piombaia-docg-brunello-di-montalcino-03.jpg,piombaia-docg-brunello-di-montalcino
Podere Casanova DOCG Chianti Classico,Podere Casanova,DRAFT,podere-casanova-docg-chianti-classico-01.jpg,podere-casanova-docg-chianti-classico-02.jpg,podere-casanova-docg-chianti-classico-03.jpg,podere-casanova-docg-chianti-classico
Poggio Al Tesoro Dedicato A Walter Bolgheri Superiore DOC Tuscany Italy,Poggio al Tesoro,DRAFT,poggio-al-tesoro-dedicato-a-walter-bolgheri-superiore-doc-tuscany-italy-01.jpg,poggio-al-tesoro-dedicato-a-walter-bolgheri-superiore-doc-tuscany-italy-02.jpg,poggio-al-tesoro-dedicato-a-walter-bolgheri-superiore-doc-tuscany-italy-03.jpg,poggio-al-tesoro-dedicato-a-walter-bolgheri-superiore-doc-tuscany-italy
Poggio Al Tesoro Solosole Vermentino Bolgheri DOC - Tuscany Italy,Poggio al Tesoro,DRAFT,poggio-al-tesoro-solosole-vermentino-bolgheri-doc-tuscany-italy-01.jpg,poggio-al-tesoro-solosole-vermentino-bolgheri-doc-tuscany-italy-02.jpg,poggio-al-tesoro-solosole-vermentino-bolgheri-doc-tuscany-italy-03.jpg,poggio-al-tesoro-solosole-vermentino-bolgheri-doc-tuscany-italy
Poggio Landi Brunello di Montalcino DOCG 2018,Poggio Landi,DRAFT,poggio-landi-brunello-di-montalcino-docg-2018-01.jpg,poggio-landi-brunello-di-montalcino-docg-2018-02.jpg,poggio-landi-brunello-di-montalcino-docg-2018-03.jpg,poggio-landi-brunello-di-montalcino-docg-2018
Poggio dei Salici Chianti Classico DOCG,Poggio dei Salici,DRAFT,poggio-dei-salici-chianti-classico-docg-01.jpg,poggio-dei-salici-chianti-classico-docg-02.jpg,poggio-dei-salici-chianti-classico-docg-03.jpg,poggio-dei-salici-chianti-classico-docg
Pol Roger Brut Non Vintage,Pol Roger,DRAFT,pol-roger-brut-non-vintage-01.jpg,pol-roger-brut-non-vintage-02.jpg,pol-roger-brut-non-vintage-03.jpg,pol-roger-brut-non-vintage
Pol Roger Sir Winston Churchill,Pol Roger,DRAFT,pol-roger-sir-winston-churchill-01.jpg,pol-roger-sir-winston-churchill-02.jpg,pol-roger-sir-winston-churchill-03.jpg,pol-roger-sir-winston-churchill
Quealy Turbul Pinot Grigio,Quealy,DRAFT,quealy-turbul-pinot-grigio-01.jpg,quealy-turbul-pinot-grigio-02.jpg,quealy-turbul-pinot-grigio-03.jpg,quealy-turbul-pinot-grigio
R de Ruinart Brut,Ruinart,DRAFT,r-de-ruinart-brut-01.jpg,r-de-ruinart-brut-02.jpg,r-de-ruinart-brut-03.jpg,r-de-ruinart-brut
Rawson's Retreat Shiraz Cabernet,Penfolds,ACTIVE,rawsons-retreat-shiraz-cabernet-01.jpg,rawsons-retreat-shiraz-cabernet-02.jpg,rawsons-retreat-shiraz-cabernet-03.jpg,rawsons-retreat-shiraz-cabernet
Roland Tissier Sancerre,Roland Tissier,DRAFT,roland-tissier-sancerre-01.jpg,roland-tissier-sancerre-02.jpg,roland-tissier-sancerre-03.jpg,roland-tissier-sancerre
Ruggeri Giustino B.,Ruggeri,DRAFT,ruggeri-giustino-b-01.jpg,ruggeri-giustino-b-02.jpg,ruggeri-giustino-b-03.jpg,ruggeri-giustino-b
Ruinart Blanc de Blanc SS,Ruinart,DRAFT,ruinart-blanc-de-blanc-ss-01.jpg,ruinart-blanc-de-blanc-ss-02.jpg,ruinart-blanc-de-blanc-ss-03.jpg,ruinart-blanc-de-blanc-ss
Ruinart Rose Second Skin,Ruinart,DRAFT,ruinart-rose-second-skin-01.jpg,ruinart-rose-second-skin-02.jpg,ruinart-rose-second-skin-03.jpg,ruinart-rose-second-skin
S.C. Pannell Smart Vineyard Grenache,S.C. Pannell,DRAFT,s-c-pannell-smart-vineyard-grenache-01.jpg,s-c-pannell-smart-vineyard-grenache-02.jpg,s-c-pannell-smart-vineyard-grenache-03.jpg,s-c-pannell-smart-vineyard-grenache
San Polo Brunello di Montalcino DOCG Sangiovese Tuscany Italy 2017,San Polo,DRAFT,san-polo-brunello-di-montalcino-docg-sangiovese-tuscany-italy-2017-01.jpg,san-polo-brunello-di-montalcino-docg-sangiovese-tuscany-italy-2017-02.jpg,san-polo-brunello-di-montalcino-docg-sangiovese-tuscany-italy-2017-03.jpg,san-polo-brunello-di-montalcino-docg-sangiovese-tuscany-italy-2017
San Polo Brunello di Montalcino DOCG Vignavecchia 2017 Sangiovese Tuscany Italy,San Polo,DRAFT,san-polo-brunello-di-montalcino-docg-vignavecchia-2017-sangiovese-tuscany-italy-01.jpg,san-polo-brunello-di-montalcino-docg-vignavecchia-2017-sangiovese-tuscany-italy-02.jpg,san-polo-brunello-di-montalcino-docg-vignavecchia-2017-sangiovese-tuscany-italy-03.jpg,san-polo-brunello-di-montalcino-docg-vignavecchia-2017-sangiovese-tuscany-italy
San Polo Brunello di Montalcino Riserva DOCG 2012 Sangiovese Tuscany Italy,San Polo,DRAFT,san-polo-brunello-di-montalcino-riserva-docg-2012-sangiovese-tuscany-italy-01.jpg,san-polo-brunello-di-montalcino-riserva-docg-2012-sangiovese-tuscany-italy-02.jpg,san-polo-brunello-di-montalcino-riserva-docg-2012-sangiovese-tuscany-italy-03.jpg,san-polo-brunello-di-montalcino-riserva-docg-2012-sangiovese-tuscany-italy
Seppeltsfield 100 Year Old Para Vintage Tawny,Seppeltsfield,DRAFT,seppeltsfield-100-year-old-para-vintage-tawny-01.jpg,seppeltsfield-100-year-old-para-vintage-tawny-02.jpg,seppeltsfield-100-year-old-para-vintage-tawny-03.jpg,seppeltsfield-100-year-old-para-vintage-tawny
Seppeltsfield Para 21 Year Old Tawny,Seppeltsfield,DRAFT,seppeltsfield-para-21-year-old-tawny-01.jpg,seppeltsfield-para-21-year-old-tawny-02.jpg,seppeltsfield-para-21-year-old-tawny-03.jpg,seppeltsfield-para-21-year-old-tawny
Seppeltsfield Para Rare Tawny NV 15 Year Old,Seppeltsfield,DRAFT,seppeltsfield-para-rare-tawny-nv-15-year-old-01.jpg,seppeltsfield-para-rare-tawny-nv-15-year-old-02.jpg,seppeltsfield-para-rare-tawny-nv-15-year-old-03.jpg,seppeltsfield-para-rare-tawny-nv-15-year-old
Shaw + Smith M3 Chardonnay,Shaw + Smith,DRAFT,shaw-smith-m3-chardonnay-01.jpg,shaw-smith-m3-chardonnay-02.jpg,shaw-smith-m3-chardonnay-03.jpg,shaw-smith-m3-chardonnay
Shaw + Smith Sauvignon Blanc,Shaw + Smith,DRAFT,shaw-smith-sauvignon-blanc-01.jpg,shaw-smith-sauvignon-blanc-02.jpg,shaw-smith-sauvignon-blanc-03.jpg,shaw-smith-sauvignon-blanc
Sorelle Bronca Particella 68,Sorelle Bronca,DRAFT,sorelle-bronca-particella-68-01.jpg,sorelle-bronca-particella-68-02.jpg,sorelle-bronca-particella-68-03.jpg,sorelle-bronca-particella-68
Squealing Pig Marlborough Sauvignon Blanc,Squealing Pig,ACTIVE,squealing-pig-marlborough-sauvignon-blanc-01.jpg,squealing-pig-marlborough-sauvignon-blanc-02.jpg,squealing-pig-marlborough-sauvignon-blanc-03.jpg,squealing-pig-marlborough-sauvignon-blanc
Stanton & Killeen Rare Muscat,Stanton & Killeen,DRAFT,stanton-and-killeen-rare-muscat-01.jpg,stanton-and-killeen-rare-muscat-02.jpg,stanton-and-killeen-rare-muscat-03.jpg,stanton-and-killeen-rare-muscat
Stefano Lubiana Brut Reserve,Stefano Lubiana,DRAFT,stefano-lubiana-brut-reserve-01.jpg,stefano-lubiana-brut-reserve-02.jpg,stefano-lubiana-brut-reserve-03.jpg,stefano-lubiana-brut-reserve
Stoneleigh Marlborough Sauvignon Blanc,Stoneleigh,ACTIVE,stoneleigh-marlborough-sauvignon-blanc-01.jpg,stoneleigh-marlborough-sauvignon-blanc-02.jpg,stoneleigh-marlborough-sauvignon-blanc-03.jpg,stoneleigh-marlborough-sauvignon-blanc
Taittinger NV Brut,Taittinger,DRAFT,taittinger-nv-brut-01.jpg,taittinger-nv-brut-02.jpg,taittinger-nv-brut-03.jpg,taittinger-nv-brut
Tar & Roses Local Hero Barolo,Tar & Roses,DRAFT,tar-roses-local-hero-barolo-01.jpg,tar-roses-local-hero-barolo-02.jpg,tar-roses-local-hero-barolo-03.jpg,tar-roses-local-hero-barolo
Tatachilla White Admiral Pinot Grigio,Tatachilla,ACTIVE,tatachilla-white-admiral-pinot-grigio-01.jpg,tatachilla-white-admiral-pinot-grigio-02.jpg,tatachilla-white-admiral-pinot-grigio-03.jpg,tatachilla-white-admiral-pinot-grigio
Tatachilla White Admiral Rose,Tatachilla,ACTIVE,tatachilla-white-admiral-rose-01.jpg,tatachilla-white-admiral-rose-02.jpg,tatachilla-white-admiral-rose-03.jpg,tatachilla-white-admiral-rose
Taylors Estate Cabernet Sauvignon,Taylors Wines,ACTIVE,taylors-estate-cabernet-sauvignon-01.jpg,taylors-estate-cabernet-sauvignon-02.jpg,taylors-estate-cabernet-sauvignon-03.jpg,taylors-estate-cabernet-sauvignon
Taylors Estate Chardonnay,Taylors Wines,ACTIVE,taylors-estate-chardonnay-01.jpg,taylors-estate-chardonnay-02.jpg,taylors-estate-chardonnay-03.jpg,taylors-estate-chardonnay
Taylors Estate Shiraz,Taylors Wines,ACTIVE,taylors-estate-shiraz-01.jpg,taylors-estate-shiraz-02.jpg,taylors-estate-shiraz-03.jpg,taylors-estate-shiraz
Tenuta Meraviglia Rosso Bolgheri DOC 2020,Tenuta Meraviglia,DRAFT,tenuta-meraviglia-rosso-bolgheri-doc-2020-01.jpg,tenuta-meraviglia-rosso-bolgheri-doc-2020-02.jpg,tenuta-meraviglia-rosso-bolgheri-doc-2020-03.jpg,tenuta-meraviglia-rosso-bolgheri-doc-2020
Tenuta Meraviglia Rosso Bolgheri Superiore 2018,Tenuta Meraviglia,DRAFT,tenuta-meraviglia-rosso-bolgheri-superiore-2018-01.jpg,tenuta-meraviglia-rosso-bolgheri-superiore-2018-02.jpg,tenuta-meraviglia-rosso-bolgheri-superiore-2018-03.jpg,tenuta-meraviglia-rosso-bolgheri-superiore-2018
Tolpuddle Vineyard Chardonnay,Tolpuddle Vineyard,DRAFT,tolpuddle-vineyard-chardonnay-01.jpg,tolpuddle-vineyard-chardonnay-02.jpg,tolpuddle-vineyard-chardonnay-03.jpg,tolpuddle-vineyard-chardonnay
Tolpuddle Vineyard Pinot Noir,Tolpuddle Vineyard,DRAFT,tolpuddle-vineyard-pinot-noir-01.jpg,tolpuddle-vineyard-pinot-noir-02.jpg,tolpuddle-vineyard-pinot-noir-03.jpg,tolpuddle-vineyard-pinot-noir
Torbreck Les Amis,Torbreck,DRAFT,torbreck-les-amis-01.jpg,torbreck-les-amis-02.jpg,torbreck-les-amis-03.jpg,torbreck-les-amis
Torbreck Struie,Torbreck,DRAFT,torbreck-struie-01.jpg,torbreck-struie-02.jpg,torbreck-struie-03.jpg,torbreck-struie
Trimbach Cuvée Frédéric Emile,Trimbach,DRAFT,trimbach-cuvee-frederic-emile-01.jpg,trimbach-cuvee-frederic-emile-02.jpg,trimbach-cuvee-frederic-emile-03.jpg,trimbach-cuvee-frederic-emile
Trimbach Réserve Pinot Gris,Trimbach,DRAFT,trimbach-reserve-pinot-gris-01.jpg,trimbach-reserve-pinot-gris-02.jpg,trimbach-reserve-pinot-gris-03.jpg,trimbach-reserve-pinot-gris
Turkey Flat Grenache,Turkey Flat,DRAFT,turkey-flat-grenache-01.jpg,turkey-flat-grenache-02.jpg,turkey-flat-grenache-03.jpg,turkey-flat-grenache
Turkey Flat Rosé,Turkey Flat,DRAFT,turkey-flat-rose-01.jpg,turkey-flat-rose-02.jpg,turkey-flat-rose-03.jpg,turkey-flat-rose
Upside Down Rose,Upside Down,ACTIVE,upside-down-rose-01.jpg,upside-down-rose-02.jpg,upside-down-rose-03.jpg,upside-down-rose
Upside Down Sauvignon Blanc,Upside Down,ACTIVE,upside-down-sauvignon-blanc-01.jpg,upside-down-sauvignon-blanc-02.jpg,upside-down-sauvignon-blanc-03.jpg,upside-down-sauvignon-blanc
Vasse Felix Cabernet Sauvignon,Vasse Felix,DRAFT,vasse-felix-cabernet-sauvignon-01.jpg,vasse-felix-cabernet-sauvignon-02.jpg,vasse-felix-cabernet-sauvignon-03.jpg,vasse-felix-cabernet-sauvignon
Vasse Felix Heytesbury Chardonnay,Vasse Felix,DRAFT,vasse-felix-heytesbury-chardonnay-01.jpg,vasse-felix-heytesbury-chardonnay-02.jpg,vasse-felix-heytesbury-chardonnay-03.jpg,vasse-felix-heytesbury-chardonnay
Vasse Felix Tom Cullity,Vasse Felix,DRAFT,vasse-felix-tom-cullity-01.jpg,vasse-felix-tom-cullity-02.jpg,vasse-felix-tom-cullity-03.jpg,vasse-felix-tom-cullity
Veuve Clicquot La Grande Dame,Veuve Clicquot,DRAFT,veuve-clicquot-la-grande-dame-01.jpg,veuve-clicquot-la-grande-dame-02.jpg,veuve-clicquot-la-grande-dame-03.jpg,veuve-clicquot-la-grande-dame
Veuve Clicquot Rose Reserve,Veuve Clicquot,DRAFT,veuve-clicquot-rose-reserve-01.jpg,veuve-clicquot-rose-reserve-02.jpg,veuve-clicquot-rose-reserve-03.jpg,veuve-clicquot-rose-reserve
Vieux Télégraphe La Crau,Vieux Télégraphe,DRAFT,vieux-telegraphe-la-crau-01.jpg,vieux-telegraphe-la-crau-02.jpg,vieux-telegraphe-la-crau-03.jpg,vieux-telegraphe-la-crau
Vignoble Dauny AOC Sancerre Blanc Les Caillottes 2025,Vignoble Dauny,DRAFT,vignoble-dauny-aoc-sancerre-blanc-les-caillottes-2025-01.jpg,vignoble-dauny-aoc-sancerre-blanc-les-caillottes-2025-02.jpg,vignoble-dauny-aoc-sancerre-blanc-les-caillottes-2025-03.jpg,vignoble-dauny-aoc-sancerre-blanc-les-caillottes-2025
Vignoble Dauny Sancerre Rouge Pynoz 2024,Vignoble Dauny,DRAFT,vignoble-dauny-sancerre-rouge-pynoz-2024-01.jpg,vignoble-dauny-sancerre-rouge-pynoz-2024-02.jpg,vignoble-dauny-sancerre-rouge-pynoz-2024-03.jpg,vignoble-dauny-sancerre-rouge-pynoz-2024
Villa Sandi Cartizze,Villa Sandi,DRAFT,villa-sandi-cartizze-01.jpg,villa-sandi-cartizze-02.jpg,villa-sandi-cartizze-03.jpg,villa-sandi-cartizze
Villebois Sancerre Blanc Marne,Villebois,DRAFT,villebois-sancerre-blanc-marne-01.jpg,villebois-sancerre-blanc-marne-02.jpg,villebois-sancerre-blanc-marne-03.jpg,villebois-sancerre-blanc-marne
Villebois Sancerre Rouge,Villebois,DRAFT,villebois-sancerre-rouge-01.jpg,villebois-sancerre-rouge-02.jpg,villebois-sancerre-rouge-03.jpg,villebois-sancerre-rouge
Wendouree Cabernet Sauvignon,Wendouree,DRAFT,wendouree-cabernet-sauvignon-01.jpg,wendouree-cabernet-sauvignon-02.jpg,wendouree-cabernet-sauvignon-03.jpg,wendouree-cabernet-sauvignon
Wyndham Estate BIN 555 Shiraz,Wyndham Estate,ACTIVE,wyndham-estate-bin-555-shiraz-01.jpg,wyndham-estate-bin-555-shiraz-02.jpg,wyndham-estate-bin-555-shiraz-03.jpg,wyndham-estate-bin-555-shiraz
Wyndham Estate BIN 888 Cabernet Merlot,Wyndham Estate,ACTIVE,wyndham-estate-bin-888-cabernet-merlot-01.jpg,wyndham-estate-bin-888-cabernet-merlot-02.jpg,wyndham-estate-bin-888-cabernet-merlot-03.jpg,wyndham-estate-bin-888-cabernet-merlot
Wynns Coonawarra Estate John Riddoch Cabernet Sauvignon,Wynns Coonawarra Estate,DRAFT,wynns-coonawarra-estate-john-riddoch-cabernet-sauvignon-01.jpg,wynns-coonawarra-estate-john-riddoch-cabernet-sauvignon-02.jpg,wynns-coonawarra-estate-john-riddoch-cabernet-sauvignon-03.jpg,wynns-coonawarra-estate-john-riddoch-cabernet-sauvignon
Wynns Coonawarra Estate Michael Shiraz,Wynns Coonawarra Estate,DRAFT,wynns-coonawarra-estate-michael-shiraz-01.jpg,wynns-coonawarra-estate-michael-shiraz-02.jpg,wynns-coonawarra-estate-michael-shiraz-03.jpg,wynns-coonawarra-estate-michael-shiraz
Wynns Riddoch Cabernet Sauvignon,Wynns,DRAFT,wynns-riddoch-cabernet-sauvignon-01.jpg,wynns-riddoch-cabernet-sauvignon-02.jpg,wynns-riddoch-cabernet-sauvignon-03.jpg,wynns-riddoch-cabernet-sauvignon
Wynns The Siding Cabernet Sauvignon,Wynns Coonawarra Estate,ACTIVE,wynns-the-siding-cabernet-sauvignon-01.jpg,wynns-the-siding-cabernet-sauvignon-02.jpg,wynns-the-siding-cabernet-sauvignon-03.jpg,wynns-the-siding-cabernet-sauvignon
Xanadu Reserve Cabernet Sauvignon,Xanadu,DRAFT,xanadu-reserve-cabernet-sauvignon-01.jpg,xanadu-reserve-cabernet-sauvignon-02.jpg,xanadu-reserve-cabernet-sauvignon-03.jpg,xanadu-reserve-cabernet-sauvignon
Xanadu Reserve Chardonnay,Xanadu,DRAFT,xanadu-reserve-chardonnay-01.jpg,xanadu-reserve-chardonnay-02.jpg,xanadu-reserve-chardonnay-03.jpg,xanadu-reserve-chardonnay
Xanadu Stevens Road Cabernet Sauvignon,Xanadu,DRAFT,xanadu-stevens-road-cabernet-sauvignon-01.jpg,xanadu-stevens-road-cabernet-sauvignon-02.jpg,xanadu-stevens-road-cabernet-sauvignon-03.jpg,xanadu-stevens-road-cabernet-sauvignon
Xanadu Stevens Road Chardonnay,Xanadu,DRAFT,xanadu-stevens-road-chardonnay-01.jpg,xanadu-stevens-road-chardonnay-02.jpg,xanadu-stevens-road-chardonnay-03.jpg,xanadu-stevens-road-chardonnay
Yabby Lake Single Block Pinot Noir,Yabby Lake,DRAFT,yabby-lake-single-block-pinot-noir-01.jpg,yabby-lake-single-block-pinot-noir-02.jpg,yabby-lake-single-block-pinot-noir-03.jpg,yabby-lake-single-block-pinot-noir
Yalumba Signature Cabernet Shiraz,Yalumba,DRAFT,yalumba-signature-cabernet-shiraz-01.jpg,yalumba-signature-cabernet-shiraz-02.jpg,yalumba-signature-cabernet-shiraz-03.jpg,yalumba-signature-cabernet-shiraz
Yalumba The Scribbler,Yalumba,DRAFT,yalumba-the-scribbler-01.jpg,yalumba-the-scribbler-02.jpg,yalumba-the-scribbler-03.jpg,yalumba-the-scribbler
Yangarra Estate High Sands Grenache,Yangarra Estate,DRAFT,yangarra-estate-high-sands-grenache-01.jpg,yangarra-estate-high-sands-grenache-02.jpg,yangarra-estate-high-sands-grenache-03.jpg,yangarra-estate-high-sands-grenache
Yangarra Estate Rosé,Yangarra Estate,DRAFT,yangarra-estate-rose-01.jpg,yangarra-estate-rose-02.jpg,yangarra-estate-rose-03.jpg,yangarra-estate-rose
Zind-Humbrecht Clos Windsbuhl Pinot Gris,Zind-Humbrecht,DRAFT,zind-humbrecht-clos-windsbuhl-pinot-gris-01.jpg,zind-humbrecht-clos-windsbuhl-pinot-gris-02.jpg,zind-humbrecht-clos-windsbuhl-pinot-gris-03.jpg,zind-humbrecht-clos-windsbuhl-pinot-gris
d'Arenberg The Derelict Vineyard Grenache,d'Arenberg,DRAFT,d-arenberg-the-derelict-vineyard-grenache-01.jpg,d-arenberg-the-derelict-vineyard-grenache-02.jpg,d-arenberg-the-derelict-vineyard-grenache-03.jpg,d-arenberg-the-derelict-vineyard-grenache
