Live?,Status,Product,Volume (ml),Barcode,Missing metafields,Also missing,ABV %,Standard drinks,Region,Barcode (scan in)
LIVE,ACTIVE,821 South Marlborough Sauvignon Blanc,750,,,barcode,,,,
LIVE,ACTIVE,Aberlour A'bunadh Single Malt Whisky,700,5010739261523,abv; standard_drinks,,,,,
LIVE,ACTIVE,Amrut Fusion Single Malt Whisky,700,8901193004122,,cost,,,,
LIVE,ACTIVE,Andrew Garrett Sparkling Shiraz NV,750,,,barcode,,,,
LIVE,ACTIVE,Appleton Estate 12 Year Old Rare Casks,700,,,barcode,,,,
LIVE,ACTIVE,Applewood Gin,700,,,barcode; cost,,,,
LIVE,ACTIVE,Archie Rose Distiller's Strength Gin,700,,,barcode; cost,,,,
LIVE,ACTIVE,Banrock Station Moscato 1L,1000,9311043766282,region,,,,,
LIVE,ACTIVE,Bellarine Distillery Tarty Ted Sparkling Cocktail 250ml,250,,,barcode,,,,
LIVE,ACTIVE,BenRiach The Original Ten Single Malt Whisky,700,,,barcode,,,,
LIVE,ACTIVE,Benchmark Old No. 8 Bourbon,700,,,barcode,,,,
LIVE,ACTIVE,Best's Thomson Family Shiraz,750,,,barcode; cost,,,,
LIVE,ACTIVE,Bollinger La Grande Année,750,,,barcode,,,,
LIVE,ACTIVE,Brokenwood Graveyard Shiraz,750,,abv; standard_drinks,barcode,,,,
LIVE,ACTIVE,Brookie's Byron Dry Gin & Tonic,275,,,barcode,,,,
LIVE,ACTIVE,Brookie's Slow Gin,700,,,barcode,,,,
LIVE,ACTIVE,Brown Brothers Moscato,750,,,barcode,,,,
LIVE,ACTIVE,Brown Brothers Moscato Rose,750,,,barcode,,,,
LIVE,ACTIVE,Bulleit Bourbon Frontier Whiskey,700,,,barcode,,,,
LIVE,ACTIVE,Bundaberg Master Distillers Collection Small Batch Rum 700mL,700,,,barcode,,,,
LIVE,ACTIVE,Bundaberg Original Rum,700,,,barcode,,,,
LIVE,ACTIVE,Champagne Deutz Amour de Deutz Brut Millesime 2011,750,,abv; standard_drinks,barcode,,,,
LIVE,ACTIVE,Chandon Vintage Brut,750,,,barcode; cost,,,,
LIVE,ACTIVE,Clonakilla Shiraz Viognier,750,,,barcode; cost,,,,
LIVE,ACTIVE,Cullen Diana Madeline,750,,,barcode; cost,,,,
LIVE,ACTIVE,Curatif Bitter Bianco Amaretto Sour,130,,,barcode,,,,
LIVE,ACTIVE,Curatif Espresso Martini Cans 130ml,120,,,barcode,,,,
LIVE,ACTIVE,Curatif Spicy Margarita,130,,,barcode,,,,
LIVE,ACTIVE,Curatif Tommy's Margarita Cans 130mL,130,,,barcode,,,,
LIVE,ACTIVE,De Bortoli King Valley Prosecco,750,,,barcode,,,,
LIVE,ACTIVE,Diplomatico Reserva Exclusiva,700,,,barcode,,,,
LIVE,ACTIVE,Divas VKAT Original 700ml,700,9331772900047,abv; standard_drinks; region,,,,,
LIVE,ACTIVE,Dom Perignon Rose,750,,abv; standard_drinks,barcode,,,,
LIVE,ACTIVE,Duckhorn Napa Valley Merlot,750,,,barcode; cost,,,,
LIVE,ACTIVE,Edinburgh Gin Classic,700,,,barcode; cost,,,,
LIVE,ACTIVE,El Dorado 12 Year Old,700,,,barcode,,,,
LIVE,ACTIVE,El Dorado 15 Year Old,700,,,barcode,,,,
LIVE,ACTIVE,Elephant in the Room Pinot Noir,750,,,barcode,,,,
LIVE,ACTIVE,Four Pillars Bloody Shiraz Gin,700,,,barcode,,,,
LIVE,ACTIVE,Four Pillars Olive Leaf Gin,700,,,barcode,,,,
LIVE,ACTIVE,Four Pillars Yuzu Gin & Soda,250,,,barcode,,,,
LIVE,ACTIVE,G.H. Mumm Cordon Rouge Brut NV,750,,,barcode,,,,
LIVE,ACTIVE,Gentleman Jack Tennessee Whiskey 700mL,700,,,barcode,,,,
LIVE,ACTIVE,Gin Mare Mediterranean Gin,700,,,barcode,,,,
LIVE,ACTIVE,Glenfiddich 18 Year Old Small Batch Single Malt Whisky,700,,,barcode,,,,
LIVE,ACTIVE,Gossips Sweet Lips Moscato,750,,,barcode,,,,
LIVE,ACTIVE,Hardys VR Shiraz 1L,1000,9311043090479,region,,,,,
LIVE,ACTIVE,Havana Club Anejo 3 Anos,700,,,barcode,,,,
LIVE,ACTIVE,Hendrick's Neptunia Gin,700,,,barcode; cost,,,,
LIVE,ACTIVE,Henschke Hill of Grace,750,,,barcode; cost,,,,
LIVE,ACTIVE,Howard Park Abercrombie Cabernet Sauvignon,750,,,barcode; cost,,,,
LIVE,ACTIVE,Husk Bam Bam Rum,700,,,barcode,,,,
LIVE,ACTIVE,Indri Trini Single Malt Whisky,700,,,barcode; cost,,,,
LIVE,ACTIVE,Irvine Grand Merlot,750,,,barcode; cost,,,,
LIVE,ACTIVE,Jack Daniel's Old No. 7,700,,,barcode,,,,
LIVE,ACTIVE,Jack Daniel's Old No. 7 1 Ltr,1000,,,barcode,,,,
LIVE,ACTIVE,Jacob's Creek Sauvignon Blanc,750,,,barcode,,,,
LIVE,ACTIVE,Jacob's Creek Sparkling Chardonnay Pinot Noir,750,,,barcode,,,,
LIVE,ACTIVE,Jacob's Creek Sparkling Rose,750,,,barcode,,,,
LIVE,ACTIVE,Jansz Tasmania Premium Rose,750,,,barcode,,,,
LIVE,ACTIVE,Jansz Tasmania Vintage Cuvée,750,,,barcode; cost,,,,
LIVE,ACTIVE,Jim Barry The Armagh,750,,,barcode; cost,,,,
LIVE,ACTIVE,Jim Beam White Label Kentucky Straight Bourbon 1 Ltr,1000,,,barcode,,,,
LIVE,ACTIVE,Jim Beam White Label Kentucky Straight Bourbon 700 ml,700,,,barcode,,,,
LIVE,ACTIVE,Johnnie Walker 18 Year Old Blended Scotch Whisky,700,,,barcode,,,,
LIVE,ACTIVE,Kaesler Old Bastard Shiraz,750,,,barcode,,,,
LIVE,ACTIVE,Karu Affinity Gin,700,,,barcode,,,,
LIVE,ACTIVE,Karu House Vodka,700,,,barcode; cost,,,,
LIVE,ACTIVE,Karu Lightning Gin,700,,,barcode,,,,
LIVE,ACTIVE,Karu Morita & Grapefruit Soda,250,,,barcode; cost,,,,
LIVE,ACTIVE,Karu Morita Chipotle Vodka,700,,,barcode; cost,,,,
LIVE,ACTIVE,Karu Orsa Coffee Gin Liqueur,500,,,barcode; cost,,,,
LIVE,ACTIVE,Karu Outcask Old Fashioned,500,,,barcode; cost,,,,
LIVE,ACTIVE,Karu Outcask Wild Rum,700,,,barcode; cost,,,,
LIVE,ACTIVE,Karu Pourtrait Gin,700,,,barcode; cost,,,,
LIVE,ACTIVE,Karu Rested Morita,700,,,barcode; cost,,,,
LIVE,ACTIVE,King Valley Brown Brothers Prosecco NV,750,,,barcode,,,,
LIVE,ACTIVE,Krug Vintage,750,,,barcode,,,,
LIVE,ACTIVE,Lark Classic Cask Single Malt Whisky,500,,,barcode,,,,
LIVE,ACTIVE,Lark Devil's Storm No. 183 Single Malt Australian Whisky,700,,,barcode,,,,
LIVE,ACTIVE,Louis Roederer Cristal,750,,,barcode; cost,,,,
LIVE,ACTIVE,Manly Spirits Australian Dry Gin,700,,,barcode,,,,
LIVE,ACTIVE,Manly Spirits Australian Pure Vodka,700,,,barcode,,,,
LIVE,ACTIVE,Many Worlds Pillar of Autumn Smoky Maple,700,,,barcode,,,,
LIVE,ACTIVE,Maybe Sammy Chamomile Martini,100,,,barcode,,,,
LIVE,ACTIVE,Maybe Sammy Eucalyptus Gimlet,100,,,barcode,,,,
LIVE,ACTIVE,Maybe Sammy Italian Dirty Martini,100,,,barcode,,,,
LIVE,ACTIVE,Maybe Sammy Jasmine Negroni,100,,,barcode,,,,
LIVE,ACTIVE,Maybe Sammy Maybe Margarita,100,,,barcode,,,,
LIVE,ACTIVE,Maybe Sammy Old Fashioned,100,,,barcode,,,,
LIVE,ACTIVE,Maybe Sammy Sundown Aperitivo,100,,,barcode,,,,
LIVE,ACTIVE,Maybe Sammy Tropical Espresso Martini,100,,,barcode,,,,
LIVE,ACTIVE,McWilliam's Royal Reserve Tawny,750,,,barcode,,,,
LIVE,ACTIVE,Melbourne Gin Company Dry Gin,700,,,barcode,,,,
LIVE,ACTIVE,Monkey 47 Schwarzwald Dry Gin,500,,,barcode,,,,
LIVE,ACTIVE,Morris of Rutherglen Old Premium Rare Muscat,750,,,barcode,,,,
LIVE,ACTIVE,Mount Gay Black Barrel 43% 700ml,700,,,barcode,,,,
LIVE,ACTIVE,Moët & Chandon Brut Impérial NV,750,,,barcode,,,,
LIVE,ACTIVE,Moët & Chandon Dom Pérignon,750,,abv; standard_drinks,barcode,,,,
LIVE,ACTIVE,Mud House Marlborough Sauvignon Blanc,750,,,barcode,,,,
LIVE,ACTIVE,Naked Life Non-Alcoholic Classic G&T,250,,,barcode,,,,
LIVE,ACTIVE,Naked Life Non-Alcoholic Passionfruit Martini,250,,,barcode,,,,
LIVE,ACTIVE,Naked Life Non-Alcoholic Pink Paloma,250,,,barcode,,,,
LIVE,ACTIVE,Never Never Southern Strength Gin,500,,,barcode; cost,,,,
LIVE,ACTIVE,Never Never Triple Juniper Gin,500,,,barcode; cost,,,,
LIVE,ACTIVE,Nikka From The Barrel Japanese Whisky,500,4904230100683,region,,,,,
LIVE,ACTIVE,Nikka Miyagikyo Single Malt Whisky,700,,,barcode; cost,,,,
LIVE,ACTIVE,Nobby's Salted Peanuts 170g,,,abv; standard_drinks; volume_ml; region,barcode,,,,
LIVE,ACTIVE,Oyster Bay Marlborough Sauvignon Blanc,750,,,barcode,,,,
LIVE,ACTIVE,Penfolds Club Tawny,750,,,barcode,,,,
LIVE,ACTIVE,Penfolds Grange,750,9310297026517,abv; standard_drinks,,,,,
LIVE,ACTIVE,Penfolds Great Grandfather Rare Tawny,750,,,barcode,,,,
LIVE,ACTIVE,Pepperjack Barossa Shiraz,750,,,barcode,,,,
LIVE,ACTIVE,Petaluma Coonawarra,750,,,barcode; cost,,,,
LIVE,ACTIVE,Piper-Heidsieck Brut NV,750,,,barcode,,,,
LIVE,ACTIVE,Plantation 3 Stars White Rum,700,,,barcode,,,,
LIVE,ACTIVE,Plantation Xaymaca Special Dry,700,,,barcode,,,,
LIVE,ACTIVE,Poggio Al Tesoro Dedicato A Walter Bolgheri Superiore DOC Tuscany Italy,750,,abv; standard_drinks,barcode,,,,
LIVE,ACTIVE,Poor Toms Sydney Dry Gin,700,,,barcode,,,,
LIVE,ACTIVE,Rampur Double Cask Indian Single Malt Whisky,700,8902147004052,,cost,,,,
LIVE,ACTIVE,Rawson's Retreat Shiraz Cabernet,750,,,barcode,,,,
LIVE,ACTIVE,Ron Zacapa Centenario Solera Gran Reserva Rum 700mL,700,,,barcode,,,,
LIVE,ACTIVE,San Polo Brunello di Montalcino DOCG Vignavecchia 2017 Sangiovese Tuscany Italy,750,,abv; standard_drinks,barcode,,,,
LIVE,ACTIVE,Sheep Dog Peanut Butter Whiskey 700ml,700,,region,barcode,,,,
LIVE,ACTIVE,Squealing Pig Marlborough Sauvignon Blanc,750,,,barcode,,,,
LIVE,ACTIVE,Starward Whisky Negroni,500,,,barcode,,,,
LIVE,ACTIVE,Stoneleigh Marlborough Sauvignon Blanc,750,,,barcode,,,,
LIVE,ACTIVE,Taittinger Comtes de Champagne Blanc de Blancs,750,,,barcode; cost,,,,
LIVE,ACTIVE,Tapanappa Whalebone Vineyard Merlot Cabernet Franc,750,,,barcode; cost,,,,
LIVE,ACTIVE,Tatachilla White Admiral Pinot Grigio,750,,,barcode,,,,
LIVE,ACTIVE,Tatachilla White Admiral Rose,750,,,barcode,,,,
LIVE,ACTIVE,Taylors Estate Cabernet Sauvignon,750,,,barcode,,,,
LIVE,ACTIVE,Taylors Estate Chardonnay,750,,,barcode,,,,
LIVE,ACTIVE,Taylors Estate Shiraz,750,,,barcode,,,,
LIVE,ACTIVE,Tempus Two Varietal Pinot Grigio,750,,,barcode,,,,
LIVE,ACTIVE,Tempus Two Varietal Prosecco,750,,,barcode,,,,
LIVE,ACTIVE,Tequila Blu,700,9329982019802,abv; standard_drinks; region,,,,,
LIVE,ACTIVE,The Botanist Islay Dry Gin,700,,,barcode,,,,
LIVE,ACTIVE,The Glenlivet 12 Year Old Double Oak Single Malt Whisky,700,,,barcode,,,,
LIVE,ACTIVE,Torbreck RunRig,750,,,barcode; cost,,,,
LIVE,ACTIVE,Veuve Clicquot La Grande Dame,750,,abv; standard_drinks,barcode,,,,
LIVE,ACTIVE,Veuve Clicquot Yellow Label Brut NV,750,,,barcode,,,,
LIVE,ACTIVE,Wild Turkey 101,700,,,barcode,,,,
LIVE,ACTIVE,Wild Turkey 81 Bourbon Whiskey 700mL,700,,,barcode,,,,
LIVE,ACTIVE,Winding Road Cane Spirit,700,,,barcode,,,,
LIVE,ACTIVE,Wolf Blass Red Label Chardonnay Pinot Noir,750,,,barcode,,,,
LIVE,ACTIVE,Wolf Blass Red Label Tawny 750ml,750,9312088000164,region,,,,,
LIVE,ACTIVE,Woodford Reserve Distiller's Select,700,,,barcode,,,,
LIVE,ACTIVE,Woodlands Cabernet Merlot,750,,,barcode; cost,,,,
LIVE,ACTIVE,Wyndham Estate BIN 555 Shiraz,750,,,barcode,,,,
LIVE,ACTIVE,Wyndham Estate BIN 888 Cabernet Merlot,750,,,barcode,,,,
LIVE,ACTIVE,Yalumba Antique Tawny 375ml,375,,,barcode; cost,,,,
LIVE,ACTIVE,Yalumba The Menzies,750,,,barcode; cost,,,,
LIVE,ACTIVE,Yalumba The Octavius,750,,,barcode; cost,,,,
LIVE,ACTIVE,Yellow Tail Bubbles Rose,750,,,barcode,,,,
LIVE,ACTIVE,Yellow Tail Bubbles Rose 750ml,750,9322214011209,region,,,,,
LIVE,ACTIVE,Yellowglen Pink,750,,,barcode,,,,
LIVE,ACTIVE,Yellowglen Yellow NV,750,,,barcode,,,,
LIVE,ACTIVE,d'Arenberg The Dead Arm Shiraz,750,,,barcode; cost,,,,
NOT LIVE,DRAFT,Albert Bichot Gevrey Chambertin,750,,abv; standard_drinks,barcode,,,,
NOT LIVE,DRAFT,Aperol Aperitivo 700ml,700,8002230000302,region,,,,,
NOT LIVE,DRAFT,Ayala Brut Majeur NV,750,,abv; standard_drinks,barcode,,,,
NOT LIVE,DRAFT,Bacardi Carta Blanca White Rum 1L,1000,5010677015806,region,,,,,
NOT LIVE,DRAFT,Banfi DOCG Chianti Classico,750,,abv; standard_drinks,barcode,,,,
NOT LIVE,DRAFT,Banfi DOCG Chianti Classico Riserva,750,,abv; standard_drinks,barcode,,,,
NOT LIVE,DRAFT,Beaurenard Chateau Blanc Chateauneuf du Pape,750,,abv; standard_drinks,barcode,,,,
NOT LIVE,DRAFT,Billecart Salmon Brut Sous Bois,750,,abv; standard_drinks,barcode,,,,
NOT LIVE,DRAFT,Billecart-Salmon Brut Rosé,750,,abv; standard_drinks,barcode,,,,
NOT LIVE,DRAFT,Bollinger Pinot Noir Tx20 Blanc de Noirs Champagne,750,,abv; standard_drinks,barcode,,,,
NOT LIVE,DRAFT,Bollinger Rose NV,750,,abv; standard_drinks,barcode,,,,
NOT LIVE,DRAFT,Bombay Sapphire Gin 1L,1000,,,barcode,,,,
NOT LIVE,DRAFT,Bombay Sapphire Gin 700ml,700,,,barcode,,,,
NOT LIVE,DRAFT,Brown Brothers Moscato Rose 750ml,750,0029147139992,region,,,,,
NOT LIVE,DRAFT,Campari Bitter Aperitif 700ml,700,8000040001106,abv; standard_drinks; region,,,,,
NOT LIVE,DRAFT,Cape Mentelle Chardonnay Margaret River,750,,abv; standard_drinks,barcode,,,,
NOT LIVE,DRAFT,Cape Mentelle Heritage Cabernet Margaret River,750,,abv; standard_drinks,barcode,,,,
NOT LIVE,DRAFT,Cape Mentelle Heritage Chardonnay Margaret River,750,,abv; standard_drinks,barcode,,,,
NOT LIVE,DRAFT,Cape Mentelle Wallcliffe Cabernet Franc,750,,abv; standard_drinks,barcode,,,,
NOT LIVE,DRAFT,Cape Mentelle Wallcliffe Sauvignon Blanc,750,,abv; standard_drinks,barcode,,,,
NOT LIVE,DRAFT,Cape Mentelle Zinfandel Margaret River,750,,abv; standard_drinks,barcode,,,,
NOT LIVE,DRAFT,Captain Morgan Spiced Gold Rum 1L,1000,5000281039558,country; region,,,,,
NOT LIVE,DRAFT,Captain Morgan Spiced Gold Rum 700ml,700,5000281037011,country; region,,,,,
NOT LIVE,DRAFT,Casali del Barone Barolo 2020,750,,abv; standard_drinks,barcode,,,,
NOT LIVE,DRAFT,Champagne Deutz Brut Rose,750,,abv; standard_drinks,barcode,,,,
NOT LIVE,DRAFT,Champagne Deutz Brut Rose NV,750,,abv; standard_drinks,barcode,,,,
NOT LIVE,DRAFT,Champagne Laurent-Perrier la Cuvee,750,,abv; standard_drinks,barcode,,,,
NOT LIVE,DRAFT,Chateau Galeteau Cuvee Eleonore Saint Emilion Grand Cru 2022,750,,abv; standard_drinks,barcode,,,,
NOT LIVE,DRAFT,Chateau d'Esclans Rock Angel,750,,abv; standard_drinks,barcode,,,,
NOT LIVE,DRAFT,Chateau de Maligny Chablis Carre de Cesar 2025,750,,abv; standard_drinks,barcode,,,,
NOT LIVE,DRAFT,Chateau de Maligny Chablis Vieilles Vignes 2025,750,,abv; standard_drinks,barcode,,,,
NOT LIVE,DRAFT,Chateau de Maligny Petit Chablis 2023,750,,abv; standard_drinks,barcode,,,,
NOT LIVE,DRAFT,Chiappini DOC Bolgheri Rosso Ferruggini,750,,abv; standard_drinks,barcode,,,,
NOT LIVE,DRAFT,Chrismont La Zona Pinot Grigio,750,,abv; standard_drinks,barcode,,,,
NOT LIVE,DRAFT,Château d'Esclans Garrus,750,,abv; standard_drinks,barcode,,,,
NOT LIVE,DRAFT,Cloudy Bay Chardonnay,750,9418408050014,abv; standard_drinks,,,,,
NOT LIVE,DRAFT,Cloudy Bay Pinot Noir,750,9418408080011,abv; standard_drinks,,,,,
NOT LIVE,DRAFT,Cloudy Bay Sauvignon Blanc,750,9418408030016,abv; standard_drinks,,,,,
NOT LIVE,DRAFT,Cloudy Bay Te Koko,750,9418408040015,abv; standard_drinks,,,,,
NOT LIVE,DRAFT,Cloudy Bay Te Wahi,750,,abv; standard_drinks,barcode,,,,
NOT LIVE,DRAFT,Collet Art Deco Brut NV,750,,abv; standard_drinks,barcode,,,,
NOT LIVE,DRAFT,Collet Rose,750,,abv; standard_drinks,barcode,,,,
NOT LIVE,DRAFT,Collet Vintage 2014,750,,abv; standard_drinks,barcode,,,,
NOT LIVE,DRAFT,Dal Zotto Pucino Prosecco,750,,abv; standard_drinks,barcode,,,,
NOT LIVE,DRAFT,Diego Rivetti Barolo Elda 2022,750,,abv; standard_drinks,barcode,,,,
NOT LIVE,DRAFT,Domaine Christian Salmon Sancerre Ac,750,,abv; standard_drinks,barcode,,,,
NOT LIVE,DRAFT,Donne Fittipaldi Bolgheri Rosso,750,,abv; standard_drinks,barcode,,,,
NOT LIVE,DRAFT,Donne Fittipaldi Bolgheri Tuscany 2022,750,,abv; standard_drinks,barcode,,,,
NOT LIVE,DRAFT,Donne Fittipaldi Malaroja Malbec Super Tuscan,750,,abv; standard_drinks,barcode,,,,
NOT LIVE,DRAFT,Dow's 30 Year Old Tawny Port,750,,abv; standard_drinks,barcode,,,,
NOT LIVE,DRAFT,Dow's Colheita Tawny Port Portugal,750,,abv; standard_drinks,barcode,,,,
NOT LIVE,DRAFT,Eileen Hardy Pinot Noir V21,750,,abv; standard_drinks; region,barcode,,,,
NOT LIVE,DRAFT,Eileen Hardy Shiraz V20,750,,abv; standard_drinks; region,barcode,,,,
NOT LIVE,DRAFT,Farina Amarone della Valpolicella Classico DOCG Veneto Italy,750,,abv; standard_drinks,barcode,,,,
NOT LIVE,DRAFT,First Drop Fat Of the Land Seppeltsfield Shiraz 2021,750,,abv; standard_drinks,barcode,,,,
NOT LIVE,DRAFT,Fontanafredda Barolo Proprieta DOCG Italy,750,,abv; standard_drinks,barcode,,,,
NOT LIVE,DRAFT,Fontanafredda Serralunga d'Alba Barolo DOCG Italy,750,,abv; standard_drinks,barcode,,,,
NOT LIVE,DRAFT,Fontanafredda Vigna la Rosa Barolo DOCG Italy,750,,abv; standard_drinks,barcode,,,,
NOT LIVE,DRAFT,Giboulot Beaune Clos du Roi 1er Cru,750,,abv; standard_drinks,barcode,,,,
NOT LIVE,DRAFT,Giovanni Rosso Barolo Serralunga d'Alba del Comune,750,,abv; standard_drinks,barcode,,,,
NOT LIVE,DRAFT,Gordon's London Dry Gin 1L,1000,9310495067664,region,,,,,
NOT LIVE,DRAFT,Grant Burge Meshach Shiraz V19,750,,abv; standard_drinks,barcode,,,,
NOT LIVE,DRAFT,Grey Goose Vodka 700ml,700,,region,barcode,,,,
NOT LIVE,DRAFT,Greywacke Chardonnay - Marlborough New Zealand,750,,abv; standard_drinks,barcode,,,,
NOT LIVE,DRAFT,Greywacke Pinot Noir Marlborough New Zealand,750,,abv; standard_drinks,barcode,,,,
NOT LIVE,DRAFT,Greywacke Wild Sauvignon,750,,abv; standard_drinks,barcode,,,,
NOT LIVE,DRAFT,Hardys Eileen Hardy Chardonnay V21,750,,abv; standard_drinks; region,barcode,,,,
NOT LIVE,DRAFT,Henschke Keyneton Estate,750,9320909001306,abv; standard_drinks,,,,,
NOT LIVE,DRAFT,Hentley Farm Clos Otto Shiraz,750,,abv; standard_drinks,barcode,,,,
NOT LIVE,DRAFT,Hentley Farm Old Legend Grenache,750,,abv; standard_drinks,barcode,,,,
NOT LIVE,DRAFT,Hentley Farm Quint Shiraz,750,,abv; standard_drinks,barcode,,,,
NOT LIVE,DRAFT,House of Arras Brut Elite Rose,750,,abv; standard_drinks,barcode,,,,
NOT LIVE,DRAFT,House of Arras EJ Carr Late Disgorged,750,,abv; standard_drinks,barcode,,,,
NOT LIVE,DRAFT,House of Arras Vintage Blanc de Blancs,750,,abv; standard_drinks,barcode,,,,
NOT LIVE,DRAFT,House of Arras Vintage Rose,750,,abv; standard_drinks,barcode,,,,
NOT LIVE,DRAFT,Jacob's Creek Chardonnay Pinot Noir Sparkling 750ml,750,9311043403309,region,,,,,
NOT LIVE,DRAFT,Jean Michel Giboulot Savigny Les Beaune Aux Fournaux 1er Cru 2018,750,,abv; standard_drinks,barcode,,,,
NOT LIVE,DRAFT,Jf Moreau Chablis 2023,750,,abv; standard_drinks,barcode,,,,
NOT LIVE,DRAFT,Jf Moreau Petit Chablis 2023,750,,abv; standard_drinks,barcode,,,,
NOT LIVE,DRAFT,Jf Moreau Premier Cru Mont de Milieu 2021,750,,abv; standard_drinks,barcode,,,,
NOT LIVE,DRAFT,Jim Barry McRae Shiraz,750,9314487217976,abv; standard_drinks,,,,,
NOT LIVE,DRAFT,Johnnie Walker Red Label Blended Scotch Whisky 1L,1000,5000267099026,region,,,,,
NOT LIVE,DRAFT,Johnnie Walker Red Label Blended Scotch Whisky 700ml,700,5000267014203,region,,,,,
NOT LIVE,DRAFT,Joseph Drouhin Chablis,750,,abv; standard_drinks,barcode,,,,
NOT LIVE,DRAFT,Joseph Drouhin Cote de Beaune Blanc,750,,abv; standard_drinks,barcode,,,,
NOT LIVE,DRAFT,Joseph Drouhin Gevrey Chambertin,750,,abv; standard_drinks,barcode,,,,
NOT LIVE,DRAFT,Joseph Drouhin Laforet Bourgogne Chardonnay,750,,abv; standard_drinks,barcode,,,,
NOT LIVE,DRAFT,Joseph Drouhin Laforet Bourgogne Pinot Noir,750,,abv; standard_drinks,barcode,,,,
NOT LIVE,DRAFT,Joseph Drouhin Morgon,750,,abv; standard_drinks,barcode,,,,
NOT LIVE,DRAFT,Katnook Estate Merlot,750,,abv; standard_drinks,barcode,,,,
NOT LIVE,DRAFT,Kilikanoon Attunga 1865 Shiraz 2016,750,,abv; standard_drinks,barcode,,,,
NOT LIVE,DRAFT,Kilikanoon Covenant Shiraz,750,,abv; standard_drinks,barcode,,,,
NOT LIVE,DRAFT,Kilikanoon Mort's Reserve Riesling 2024,750,,abv; standard_drinks,barcode,,,,
NOT LIVE,DRAFT,Kilikanoon Tregea Cabernet Sauvignon 2018,750,,abv; standard_drinks,barcode,,,,
NOT LIVE,DRAFT,La Chablisienne Lapierele Chablis,750,,abv; standard_drinks,barcode,,,,
NOT LIVE,DRAFT,Lacourte-Godbillon Mont Ames-Migreats Premier Cru (Pinot Noir) - Champagne France,750,,abv; standard_drinks,barcode,,,,
NOT LIVE,DRAFT,Lacourte-Godbillon Rose Premier Cru (Pinot Noir) - Champagne France,750,,abv; standard_drinks,barcode,,,,
NOT LIVE,DRAFT,Laroche Chablis St Martin,750,,abv; standard_drinks,barcode,,,,
NOT LIVE,DRAFT,Laroche Petit Chablis 2023,750,,abv; standard_drinks,barcode,,,,
NOT LIVE,DRAFT,Laurent Habrard Crozes Hermitage Blanc Grand Classique,750,,abv; standard_drinks,barcode,,,,
NOT LIVE,DRAFT,Maison Tramier & Fils Aop Chablis 2025,750,,abv; standard_drinks,barcode,,,,
NOT LIVE,DRAFT,Maison Tramier & Fils Corton Grand Cru Pinot Noir 2016,750,,abv; standard_drinks,barcode,,,,
NOT LIVE,DRAFT,Maison Tramier & Fils Vosne-Romanee Pinot Noir 2020,750,,abv; standard_drinks,barcode,,,,
NOT LIVE,DRAFT,Marziano Abbona Barbaresco DOCG,750,,abv; standard_drinks,barcode,,,,
NOT LIVE,DRAFT,Marziano Abbona DOCG Barolo,750,,abv; standard_drinks,barcode,,,,
NOT LIVE,DRAFT,Millebuis Bourgogne Montagny Premier Cru 2022,750,,abv; standard_drinks,barcode,,,,
NOT LIVE,DRAFT,Minuty Rosé et Or,750,,abv; standard_drinks,barcode,,,,
NOT LIVE,DRAFT,Moët & Chandon Rosé,750,3185370074831,abv; standard_drinks,,,,,
NOT LIVE,DRAFT,Moët & Chandon Vintage,750,3185370769270,abv; standard_drinks,,,,,
NOT LIVE,DRAFT,Oakridge 864 Cabernet Sauvignon Winery Block,750,,abv; standard_drinks,barcode,,,,
NOT LIVE,DRAFT,Oakridge 864 Chardonnay,750,,abv; standard_drinks,barcode,,,,
NOT LIVE,DRAFT,Oakridge 864 Henk Chardonnay,750,,abv; standard_drinks,barcode,,,,
NOT LIVE,DRAFT,Oakridge 864 Pinot Noir Block A4,750,,abv; standard_drinks,barcode,,,,
NOT LIVE,DRAFT,Oakridge 864 Syrah,750,,abv; standard_drinks,barcode,,,,
NOT LIVE,DRAFT,Patrick Piuze 2023 Petit Chablis,750,,abv; standard_drinks,barcode,,,,
NOT LIVE,DRAFT,Patron Silver Tequila 700ml,700,,,barcode,,,,
NOT LIVE,DRAFT,Penfolds Bin 28 Shiraz,750,9310297065301,abv; standard_drinks,,,,,
NOT LIVE,DRAFT,Penfolds St Henri Shiraz,750,9310297057610,abv; standard_drinks,,,,,
NOT LIVE,DRAFT,Perrier-Jouet Belle Epoque Blanc de Blanc,750,,abv; standard_drinks,barcode,,,,
NOT LIVE,DRAFT,Petaluma Anova Cabernet Sauvignon,750,,abv; standard_drinks,barcode,,,,
NOT LIVE,DRAFT,Petaluma Anova Chardonnay,750,,abv; standard_drinks,barcode,,,,
NOT LIVE,DRAFT,Petaluma Yellow Label Cabernet Merlot,750,,abv; standard_drinks,barcode,,,,
NOT LIVE,DRAFT,Petaluma Yellow Label Chardonnay,750,,abv; standard_drinks,barcode,,,,
NOT LIVE,DRAFT,Petaluma Yellow Label Shiraz,750,,abv; standard_drinks,barcode,,,,
NOT LIVE,DRAFT,Peyrassol Chateau Rose,750,,abv; standard_drinks,barcode,,,,
NOT LIVE,DRAFT,Piazzo Barbaresco Arge DOCG 2021,750,,abv; standard_drinks,barcode,,,,
NOT LIVE,DRAFT,Piazzo Barbaresco Pajore DOCG 2021,750,,abv; standard_drinks,barcode,,,,
NOT LIVE,DRAFT,Piazzo Barolo Valente DOCG 2020,750,,abv; standard_drinks,barcode,,,,
NOT LIVE,DRAFT,Piombaia DOCG Brunello di Montalcino,750,,abv; standard_drinks,barcode,,,,
NOT LIVE,DRAFT,Podere Casanova DOCG Chianti Classico,750,,abv; standard_drinks,barcode,,,,
NOT LIVE,DRAFT,Poggio Al Tesoro Solosole Vermentino Bolgheri DOC - Tuscany Italy,750,,abv; standard_drinks,barcode,,,,
NOT LIVE,DRAFT,Poggio Landi Brunello di Montalcino DOCG 2018,750,,abv; standard_drinks,barcode,,,,
NOT LIVE,DRAFT,Poggio dei Salici Chianti Classico DOCG,750,,abv; standard_drinks,barcode,,,,
NOT LIVE,DRAFT,Pol Roger Brut Non Vintage,750,3260923012000,abv; standard_drinks,,,,,
NOT LIVE,DRAFT,R de Ruinart Brut,750,3185370283905,abv; standard_drinks,,,,,
NOT LIVE,DRAFT,Roland Tissier Sancerre,750,,abv; standard_drinks,barcode,,,,
NOT LIVE,DRAFT,Ruinart Blanc de Blanc SS,750,3185370712009,abv; standard_drinks,,,,,
NOT LIVE,DRAFT,Ruinart Rose Second Skin,750,,abv; standard_drinks,barcode,,,,
NOT LIVE,DRAFT,Sailor Jerry Spiced Rum 700ml,700,5010327405223,country; region,,,,,
NOT LIVE,DRAFT,San Polo Brunello di Montalcino DOCG Sangiovese Tuscany Italy 2017,750,,abv; standard_drinks,barcode,,,,
NOT LIVE,DRAFT,San Polo Brunello di Montalcino Riserva DOCG 2012 Sangiovese Tuscany Italy,750,,abv; standard_drinks,barcode,,,,
NOT LIVE,DRAFT,Seppeltsfield Para 21 Year Old Tawny,750,,abv; standard_drinks,barcode,,,,
NOT LIVE,DRAFT,Seppeltsfield Para Rare Tawny NV 15 Year Old,750,,abv; standard_drinks,barcode,,,,
NOT LIVE,DRAFT,Shaw + Smith M3 Chardonnay,750,9316770010127,abv; standard_drinks,,,,,
NOT LIVE,DRAFT,Shaw + Smith Sauvignon Blanc,750,9316770611027,abv; standard_drinks,,,,,
NOT LIVE,DRAFT,Smirnoff Red No. 21 Vodka 1L,1000,9310495084081,region,,,,,
NOT LIVE,DRAFT,Smirnoff Red No. 21 Vodka 700ml,700,9310495084067,region,,,,,
NOT LIVE,DRAFT,Taittinger NV Brut,750,3016570001030,abv; standard_drinks,,,,,
NOT LIVE,DRAFT,Tar & Roses Local Hero Barolo,750,,abv; standard_drinks; country; region; producer; style,barcode,,,,
NOT LIVE,DRAFT,Tenuta Meraviglia Rosso Bolgheri DOC 2020,750,,abv; standard_drinks,barcode,,,,
NOT LIVE,DRAFT,Tenuta Meraviglia Rosso Bolgheri Superiore 2018,750,,abv; standard_drinks,barcode,,,,
NOT LIVE,DRAFT,The Kraken Black Spiced Rum 700ml,700,0811538013055,country; region,,,,,
NOT LIVE,DRAFT,Torbreck Struie,750,,abv; standard_drinks,barcode,,,,
NOT LIVE,DRAFT,Turkey Flat Rosé,750,9329967000153,abv; standard_drinks,,,,,
NOT LIVE,DRAFT,Vasse Felix Cabernet Sauvignon,750,9315032001170,abv; standard_drinks,,,,,
NOT LIVE,DRAFT,Veuve Clicquot Rose Reserve,750,,abv; standard_drinks,barcode,,,,
NOT LIVE,DRAFT,Vignoble Dauny AOC Sancerre Blanc Les Caillottes 2025,750,,abv; standard_drinks,barcode,,,,
NOT LIVE,DRAFT,Vignoble Dauny Sancerre Rouge Pynoz 2024,750,,abv; standard_drinks,barcode,,,,
NOT LIVE,DRAFT,Villebois Sancerre Blanc Marne,750,,abv; standard_drinks,barcode,,,,
NOT LIVE,DRAFT,Villebois Sancerre Rouge,750,,abv; standard_drinks,barcode,,,,
NOT LIVE,DRAFT,Wendouree Cabernet Sauvignon,750,,abv; standard_drinks,barcode; cost,,,,
NOT LIVE,DRAFT,Wynns Riddoch Cabernet Sauvignon,750,,abv; standard_drinks,barcode,,,,
NOT LIVE,DRAFT,Xanadu Reserve Cabernet Sauvignon,750,,abv; standard_drinks,barcode,,,,
NOT LIVE,DRAFT,Xanadu Reserve Chardonnay,750,,abv; standard_drinks,barcode,,,,
NOT LIVE,DRAFT,Xanadu Stevens Road Cabernet Sauvignon,750,,abv; standard_drinks,barcode,,,,
NOT LIVE,DRAFT,Xanadu Stevens Road Chardonnay,750,,abv; standard_drinks,barcode,,,,
NOT LIVE,DRAFT,Yalumba Signature Cabernet Shiraz,750,9311789000855,abv; standard_drinks,,,,,
NOT LIVE,DRAFT,Yellowglen Pink 65 Sparkling Rose 750ml,750,9300770002749,region,,,,,
NOT LIVE,DRAFT,Yellowglen Pink Sparkling Rose 750ml,750,9300770050726,region,,,,,
NOT LIVE,DRAFT,Yellowglen Red Sparkling 750ml,750,9300770050153,region,,,,,
