Title,Vendor,Type,SKU,Price,Status,Why no ALM cost,Cost/btl (fill in),Source (fill in)
Amrut Fusion Single Malt Whisky,Amrut Distilleries,Whisky,SH-WHY-AMRUT-FUSION-700,109.99,ACTIVE,Indian single malt - ALM does not carry Amrut; specialist importer,,
Applewood Gin,Applewood Distillery,Gin,SH-GIN-APPLEWOOD-GIN-700,75.00,ACTIVE,"SA craft distiller - direct to trade, not in ALM",,
Archie Rose Distiller's Strength Gin,Archie Rose Distilling Co.,Gin,SH-GIN-ARCHIE-ROSE-DISTILLERS-STRENGTH-GIN-700,99.00,ACTIVE,"ALM carries Signature Dry + Straight Dry only, not Distillers Strength",,
1800 Coconut,Casa Cuervo,Tequila,SH-TEQ-1800-COCONUT-50,79.99,ACTIVE,ALM has 700ml @ $68.33; our SKU says 50ml but price is $79.99 - SKU size looks wrong,,
Edinburgh Gin Classic,Ian Macleod Distillers,Gin,SH-GIN-EDINBURGH-GIN-700,85.00,ACTIVE,Ian Macleod - ALM carries no Edinburgh Gin line,,
Karu House Vodka,Karu Distillery,Vodka,SH-VOD-KARU-HOUSE-VODKA-700,56.00,ACTIVE,Karu Distillery sells direct - no ALM line for any Karu product,,
Karu Morita & Grapefruit Soda,Karu Distillery,Vodka,SH-VOD-KARU-MORITA-GRAPEFRUIT-SODA-250,7.00,ACTIVE,Karu Distillery sells direct - no ALM line for any Karu product,,
Karu Morita Chipotle Vodka,Karu Distillery,Vodka,SH-VOD-KARU-MORITA-CHIPOTLE-VODKA-700,79.00,ACTIVE,Karu Distillery sells direct - no ALM line for any Karu product,,
Karu Orsa Coffee Gin Liqueur,Karu Distillery,Liqueur,SH-GIN-KARU-ORSA-COFFEE-GIN-LIQUEUR-500,61.00,ACTIVE,Karu Distillery sells direct - no ALM line for any Karu product,,
Karu Outcask Old Fashioned,Karu Distillery,Ready to Drink,SH-RTD-KARU-OUTCASK-OLD-FASHIONED-500,69.00,ACTIVE,Karu Distillery sells direct - no ALM line for any Karu product,,
Karu Outcask Wild Rum,Karu Distillery,Rum,SH-RUM-KARU-OUTCASK-WILD-RUM-700,117.00,ACTIVE,Karu Distillery sells direct - no ALM line for any Karu product,,
Karu Pourtrait Gin,Karu Distillery,Gin,SH-GIN-KARU-POURTRAIT-GIN-700,68.00,ACTIVE,Karu Distillery sells direct - no ALM line for any Karu product,,
Karu Rested Morita,Karu Distillery,Vodka,SH-TEQ-KARU-RESTED-MORITA-700,89.99,ACTIVE,Karu Distillery sells direct - no ALM line for any Karu product,,
Never Never Southern Strength Gin,Never Never Distilling Co.,Gin,SH-GIN-NEVER-NEVER-SOUTHERN-STRENGTH-GIN-500,79.99,ACTIVE,ALM carries Ginache/Oyster Shell/Triple Juniper 700ml only,,
Never Never Triple Juniper Gin,Never Never Distilling Co.,Gin,SH-GIN-NEVER-NEVER-TRIPLE-JUNIPER-GIN-500,79.99,ACTIVE,"ALM has this at 700ml; our SKU is 500ml - size mismatch, cost not transferable",,
Nikka Miyagikyo Single Malt Whisky,Nikka Whisky,Whisky,SH-WHY-NIKKA-MIYAGIKYO-SINGLE-MALT-700,129.99,ACTIVE,ALM stocks only Nikka From The Barrel; Miyagikyo not listed,,
Penfolds Koonunga Hill Shiraz Cabernet,Penfolds,Wine,,19.99,ACTIVE,Absent from the ALM extract entirely (also still has no SKU),,
Indri Trini Single Malt Whisky,Piccadily Distilleries,Whisky,SH-WHY-INDRI-TRINI-700,109.99,ACTIVE,Indian single malt - not in ALM (barcode also still unresolved),,
Rampur Double Cask Indian Single Malt Whisky,Radico Khaitan,Whisky,SH-WHY-RAMPUR-DOUBLE-CASK-700,109.99,ACTIVE,Indian single malt - not in ALM,,
Hendrick's Neptunia Gin,William Grant & Sons,Gin,SH-GIN-HENDRICKS-NEPTUNIA-GIN-700,90.00,ACTIVE,"ALM carries Hendricks core/Flora/Oasium/Another, not Neptunia",,
