Add? (y/n),Category,Segment,Rank,Product name (readable),ALM description,ALM item code,Barcode,Supplier,Stock type,Carton,Unit cost ex GST,Retail @25% GP,Image filename,Got image? (y/n)
,WINE,CASK,1,Berri Est Fresh Dry Wht 2P 5L,BERRI EST FRESH DRY WHT 2P  5L,466853,9310578877104,VINARCHY AUSTRALIA,ALM Warehouse,2,16.52,24.99,berri-est-fresh-dry-wht-2p-5l-01.jpg,
,WINE,CASK,2,De Bortoli Premium C/Merl Csk 4L,DE BORTOLI PREM C/MERL  CSK 4L,594601,9300752510286,DE BORTOLI WINES PTY LIMI,ALM Warehouse,3,15.70,23.99,de-bortoli-premium-c-merl-csk-4l-01.jpg,
,WINE,CASK,3,Sovereign Pt Dry Wht Csk 4.4L,SOVEREIGN PT DRY WHT CSK  4.4L,527646,9322214006045,CASELLA WINES PTY LTD,ALM Warehouse,4,10.22,14.99,sovereign-pt-dry-wht-csk-4-4l-01.jpg,
,WINE,CASK,4,De Bortoli Premium Ssb Csk 4L,DE BORTOLI PREM SSB     CSK 4L,548058,9300752510262,DE BORTOLI WINES PTY LIMI,ALM Warehouse,3,15.70,23.99,de-bortoli-premium-ssb-csk-4l-01.jpg,
,WINE,CASK,5,Spring Rock Fruity White 4L,SPRING ROCK FRUITY WHITE    4L,513406,9310415015478,AUSTRALIAN VINTAGE-DOMEST,ALM Warehouse,4,9.23,13.99,spring-rock-fruity-white-4l-01.jpg,
,WINE,CASK,6,Berri Est Dolce Rosso 2P 5L,BERRI EST DOLCE ROSSO 2P    5L,467016,9310578876985,VINARCHY AUSTRALIA,ALM Warehouse,2,16.52,24.99,berri-est-dolce-rosso-2p-5l-01.jpg,
,WINE,CASK,7,Berri Est Crisp Dry Wht 2P 5L,BERRI EST CRISP DRY WHT 2P  5L,466939,9310578877050,VINARCHY AUSTRALIA,ALM Warehouse,2,16.52,24.99,berri-est-crisp-dry-wht-2p-5l-01.jpg,
,WINE,CASK,8,Berri Est Trad Dry Red 2P 5L,BERRI EST TRAD DRY RED 2P   5L,466942,9310578877074,VINARCHY AUSTRALIA,ALM Warehouse,2,16.52,24.99,berri-est-trad-dry-red-2p-5l-01.jpg,
,WINE,CASK,9,De Bortoli Premium S/Cab Csk 4L,DE BORTOLI PREM S/CAB   CSK 4L,553566,9300752510088,DE BORTOLI WINES PTY LIMI,ALM Warehouse,3,15.70,23.99,de-bortoli-premium-s-cab-csk-4l-01.jpg,
,WINE,CASK,10,Berri Est Classic Dry Wht 2P 5L,BERRI EST CLASSIC DRY WHT 2P5L,467045,9310578876978,VINARCHY AUSTRALIA,ALM Warehouse,2,16.52,24.99,berri-est-classic-dry-wht-2p-5l-01.jpg,
,WINE,CASK,11,Renmano Aged Tawny Port Csk 2L,RENMANO AGED TAWNY PORT CSK 2L,557926,9310577001357,VINARCHY AUSTRALIA,ALM Warehouse,6,10.52,15.99,renmano-aged-tawny-port-csk-2l-01.jpg,
,WINE,CASK,12,De Bortoli Prm Old Tawnycsk 4L,DE BORTOLI PRM OLD TAWNYCSK 4L,552722,9300752510125,DE BORTOLI WINES PTY LIMI,ALM Warehouse,3,21.02,30.99,de-bortoli-prm-old-tawnycsk-4l-01.jpg,
,WINE,CASK,13,Berri Est Dolce Bianco 2P 5L,BERRI EST DOLCE BIANCO 2P   5L,466816,9310578877937,VINARCHY AUSTRALIA,ALM Warehouse,2,16.52,24.99,berri-est-dolce-bianco-2p-5l-01.jpg,
,WINE,CASK,14,De Bortoli Pressing Shiraz Csk 4L,DE BORTOLI PRESSING SHZ CSK 4L,778386,9300752510538,DE BORTOLI WINES PTY LIMI,ALM Warehouse,3,15.70,23.99,de-bortoli-pressing-shiraz-csk-4l-01.jpg,
,WINE,CASK,15,Kooba Fruity Lexia 4L,KOOBA FRUITY LEXIA          4L,575911,9313748007547,MEDITRINA BEVERAGES PL,ALM Warehouse,4,9.35,13.99,kooba-fruity-lexia-4l-01.jpg,
,WINE,CASK,16,Sovereign Pt Sft Frt Whte 4.4L,SOVEREIGN PT SFT FRT WHTE 4.4L,527044,9322214006069,CASELLA WINES PTY LTD,ALM Warehouse,4,10.22,14.99,sovereign-pt-sft-frt-whte-4-4l-01.jpg,
,WINE,CASK,17,De Bortoli Premium Col Chardonnay Csk 4L,DE BORTOLI PREM COL CHD CSK 4L,554944,9300752510224,DE BORTOLI WINES PTY LIMI,ALM Warehouse,3,15.70,23.99,de-bortoli-premium-col-chardonnay-csk-4l-01.jpg,
,WINE,CASK,18,Sovereign Pt Dry Red Csk 4.4L,SOVEREIGN PT DRY RED CSK  4.4L,527206,9322214006007,CASELLA WINES PTY LTD,ALM Warehouse,4,10.22,14.99,sovereign-pt-dry-red-csk-4-4l-01.jpg,
,WINE,CASK,19,Spring Rock Crisp Dry White 4L,SPRING ROCK CRISP DRY WHITE 4L,513906,9310415015454,AUSTRALIAN VINTAGE-DOMEST,ALM Warehouse,4,9.23,13.99,spring-rock-crisp-dry-white-4l-01.jpg,
,WINE,CASK,20,Winesmiths Premium Sel Sauv/Bl 2L,WINESMITHS PREM SEL SAUV/BL 2L,520482,9311789001517,SAMUEL SMITH & SON,ALM Warehouse,6,10.36,15.99,winesmiths-premium-sel-sauv-bl-2l-01.jpg,
,WINE,CASK,21,Berri Est Fruity Gordo New 5L,BERRI EST FRUITY GORDO NEW  5L,507536,9310578877098,VINARCHY AUSTRALIA,ALM Warehouse,2,16.52,24.99,berri-est-fruity-gordo-new-5l-01.jpg,
,WINE,CASK,22,Stanley Tawny 6P 2L,STANLEY TAWNY 6P            2L,473884,9311043877773,VINARCHY AUSTRALIA,ALM Warehouse,6,13.79,20.99,stanley-tawny-6p-2l-01.jpg,
,WINE,CASK,23,Sovereign Pt Frt Lxia Csk 4.4L,SOVEREIGN PT FRT LXIA CSK 4.4L,557112,9322214006083,CASELLA WINES PTY LTD,ALM Warehouse,4,10.22,14.99,sovereign-pt-frt-lxia-csk-4-4l-01.jpg,
,WINE,CASK,24,Banrock Stn Sauvignon Blanc Csk 2L,BANROCK STN SAUV BLANC CSK  2L,985292,9311043091391,VINARCHY AUSTRALIA,ALM Warehouse,6,10.62,15.99,banrock-stn-sauvignon-blanc-csk-2l-01.jpg,
,WINE,CASK,25,De Bortoli Premium Chardonnay Csk 4L,DE BORTOLI PREM CHARD   CSK 4L,520068,9300752510354,DE BORTOLI WINES PTY LIMI,ALM Warehouse,3,15.70,23.99,de-bortoli-premium-chardonnay-csk-4l-01.jpg,
,WINE,MOSCATO,1,Brown Brothers Moscato 750mL,BROWN BRO MOSCATO        750ML,552578,0029147139985,BROWN FAMILY WINE GROUP,ALM Warehouse,6,11.69,17.99,brown-brothers-moscato-750ml-01.jpg,
,WINE,MOSCATO,2,Banrock Stn Moscato S/C 1L,BANROCK STN MOSCATO S/C     1L,666445,9311043766282,VINARCHY AUSTRALIA,ALM Warehouse,6,8.02,11.99,banrock-stn-moscato-s-c-1l-01.jpg,
,WINE,MOSCATO,3,Brown Brothers Moscato Rosé 750mL,BROWN BRO MOSCATO ROSE   750ML,570071,0029147139992,BROWN FAMILY WINE GROUP,ALM Warehouse,6,11.69,17.99,brown-brothers-moscato-ros-750ml-01.jpg,
,WINE,MOSCATO,5,Gossips Swtlips Moscato 750mL,GOSSIPS SWTLIPS MOSCATO  750ML,826008,9313748004591,MEDITRINA BEVERAGES PL,ALM Warehouse,6,4.80,7.99,gossips-swtlips-moscato-750ml-01.jpg,
,WINE,MOSCATO,6,Banrock Stn Moscato Pink 1L,BANROCK STN MOSCATO PINK    1L,666649,9311043766411,VINARCHY AUSTRALIA,ALM Warehouse,6,8.02,11.99,banrock-stn-moscato-pink-1l-01.jpg,
,WINE,MOSCATO,7,Brown Brothers Moscato S/Blanc 750mL,BROWN BRO MOSCATO S/BLANC750ML,580005,9311124400166,BROWN FAMILY WINE GROUP,ALM Warehouse,6,11.69,17.99,brown-brothers-moscato-s-blanc-750ml-01.jpg,
,WINE,MOSCATO,8,Tgallant Juliet Moscato 750mL,TGALLANT JULIET MOSCATO 750ML,976683,9326983003007,TREASURY WINE ESTATES,ALM Warehouse,6,11.99,17.99,tgallant-juliet-moscato-750ml-01.jpg,
,WINE,MOSCATO,9,Brown Brothers Moscato Sp 750mL,BROWN BRO MOSCATO SP     750ML,540903,0029147106901,BROWN FAMILY WINE GROUP,ALM Warehouse,6,11.69,17.99,brown-brothers-moscato-sp-750ml-01.jpg,
,WINE,MOSCATO,10,Brown Brothers Moscato Rosé Sp 750mL,BROWN BRO MOSCATO ROSE SP750ML,540908,0029147106918,BROWN FAMILY WINE GROUP,ALM Warehouse,6,11.69,17.99,brown-brothers-moscato-ros-sp-750ml-01.jpg,
,WINE,MOSCATO,11,Amberley Kiss&T Moscato 750mL,AMBERLEY KISS&T MOSCATO  750ML,533309,9316176079971,VINARCHY AUSTRALIA,ALM Warehouse,6,11.26,16.99,amberley-kiss-t-moscato-750ml-01.jpg,
,WINE,MOSCATO,12,Vivo Moscato 750mL,VIVO MOSCATO             750ML,608201,9300752371535,DE BORTOLI WINES PTY LIMI,ALM Warehouse,12,5.77,8.99,vivo-moscato-750ml-01.jpg,
,WINE,MOSCATO,13,Jacobs Ck Sparkling Moscato White 750mL,JACOBS CK SPK MOSC WHITE 750ML,505720,9311043404184,VINARCHY AUSTRALIA,ALM Warehouse,6,7.53,11.99,jacobs-ck-sparkling-moscato-white-750ml-01.jpg,
,WINE,MOSCATO,14,Hardys Riddle Op Moscato 750mL,HARDYS RIDDLE OP MOSCATO 750ML,588558,9311043753602,VINARCHY AUSTRALIA,ALM Warehouse,12,5.62,8.99,hardys-riddle-op-moscato-750ml-01.jpg,
,WINE,MOSCATO,15,Jumpin Jack Moscato 750mL,JUMPIN JACK MOSCATO      750ML,400357,,,,,,,jumpin-jack-moscato-750ml-01.jpg,
,WINE,MOSCATO,16,Lind B90 Moscato 750mL,LIND B90 MOSCATO         750ML,548037,9311218001682,TREASURY WINE ESTATES,ALM Warehouse,6,5.69,8.99,lind-b90-moscato-750ml-01.jpg,
,WINE,MOSCATO,17,Ruffled Feather Moscato6S 750mL,RUFFLED FEATHER MOSCATO6S750ML,538998,,,,,,,ruffled-feather-moscato6s-750ml-01.jpg,
,WINE,MOSCATO,18,De Bortoli S/Hil Moscato 750mL,DE BORTOLI S/HIL MOSCATO 750ML,540283,9300752020884,DE BORTOLI WINES PTY LIMI,ALM Warehouse,12,4.81,7.99,de-bortoli-s-hil-moscato-750ml-01.jpg,
,WINE,MOSCATO,19,Jacobs Ck Moscato 750mL,JACOBS CK MOSCATO        750ML,518401,9311043405624,VINARCHY AUSTRALIA,ALM Warehouse,12,7.56,11.99,jacobs-ck-moscato-750ml-01.jpg,
,WINE,MOSCATO,20,Beach Days Moscato Pink 750mL,BEACH DAYS MOSCATO PINK  750ML,728420,,,,,,,beach-days-moscato-pink-750ml-01.jpg,
,WINE,MOSCATO,21,Jacobs Ck Sparkling Moscato Rosé 750mL,JACOBS CK SPK MOSC ROSE  750ML,505746,9311043403040,VINARCHY AUSTRALIA,ALM Warehouse,6,7.53,11.99,jacobs-ck-sparkling-moscato-ros-750ml-01.jpg,
,WINE,MOSCATO,22,Belena Moscato 750mL,BELENA MOSCATO           750ML,197255,9319020010298,CALABRIA FAMILY WINES P/L,ALM Warehouse,6,13.97,20.99,belena-moscato-750ml-01.jpg,
,WINE,MOSCATO,23,Accomplice Moscato 750mL,ACCOMPLICE MOSCATO       750ML,63074,9300752250618,DE BORTOLI WINES PTY LIMITED,ALM Warehouse,12,3.86,5.99,accomplice-moscato-750ml-01.jpg,
,WINE,MOSCATO,24,Yellowtail Moscato 750mL,YELLOWTAIL MOSCATO       750ML,753920,9322214011407,CASELLA WINES PTY LTD,ALM Warehouse,12,7.35,10.99,yellowtail-moscato-750ml-01.jpg,
,WINE,MOSCATO,25,Brown Brothers Moscato Sp 200mL,BROWN BRO MOSCATO SP     200ML,561417,9311124400067,BROWN FAMILY WINE GROUP,ALM Warehouse,24,4.08,5.99,brown-brothers-moscato-sp-200ml-01.jpg,
,WINE,SPARKLING CHAMPAGNE,1,Moet Chandon Brut NV 750mL,MOET CHANDON BRUT NV     750ML,535518,3185370729960,MOET HENNESSY AUSTRALIA,ALM Warehouse,6,67.94,99.99,moet-chandon-brut-nv-750ml-01.jpg,
,WINE,SPARKLING CHAMPAGNE,2,Mumm Cord Rouge NV Champ 750mL,MUMM CORD ROUGE NV CHAMP 750ML,535704,3043700103814,PERNOD RICARD AUST P/L,ALM Warehouse,6,55.46,81.99,mumm-cord-rouge-nv-champ-750ml-01.jpg,
,WINE,SPARKLING CHAMPAGNE,3,Veuve/C Yellow NV 750mL,VEUVE/C YELLOW NV        750ML,536946,3049614222245,MOET HENNESSY AUSTRALIA,ALM Warehouse,6,80.64,118.99,veuve-c-yellow-nv-750ml-01.jpg,
,WINE,SPARKLING CHAMPAGNE,4,Piper-Heidsiek NV Brut 750mL,PIPER-HEIDSIEK NV BRUT   750ML,988347,3018334100003,ALM IMPORTS.,ALM Warehouse,6,59.73,87.99,piper-heidsiek-nv-brut-750ml-01.jpg,
,WINE,SPARKLING CHAMPAGNE,5,Louis Morette Brutnvchamp 750mL,LOUIS MORETTE BRUTNVCHAMP750ML,663036,,,,,,,louis-morette-brutnvchamp-750ml-01.jpg,
,WINE,SPARKLING CHAMPAGNE,6,Piper Heidsiek Cuvée Lmg 750mL,PIPER HEIDSIEK CUV LMG   750ML,970920,,,,,,,piper-heidsiek-cuv-e-lmg-750ml-01.jpg,
,WINE,SPARKLING CHAMPAGNE,7,Pol Roger Brut Non Vintage 750mL,POL ROGER BRUT NON VINT  750ML,535437,3260923012000,SAMUEL SMITH & SON,ALM Warehouse,6,102.21,149.99,pol-roger-brut-non-vintage-750ml-01.jpg,
,WINE,SPARKLING CHAMPAGNE,8,Perrier Jouet Grand Brut 750mL,PERRIER JOUET GRAND BRUT 750ML,711397,3113880105110,PERNOD RICARD AUST P/L,ALM Warehouse,6,81.71,119.99,perrier-jouet-grand-brut-750ml-01.jpg,
,WINE,SPARKLING CHAMPAGNE,9,Mumm Cordon Rouge Nv26 Gift Box 750mL,MUMM CORDON ROUGE NV26 GB750ML,306781,,,,,,,mumm-cordon-rouge-nv26-gift-box-750ml-01.jpg,
,WINE,SPARKLING CHAMPAGNE,10,Moet Chandon Impbrut Nvgb 750mL,MOET CHANDON IMPBRUT NVGB750ML,335853,,,,,,,moet-chandon-impbrut-nvgb-750ml-01.jpg,
,WINE,SPARKLING CHAMPAGNE,11,Veuve/C NV Ice Jacket 750mL,VEUVE/C NV ICE JACKET    750ML,940035,,,,,,,veuve-c-nv-ice-jacket-750ml-01.jpg,
,WINE,SPARKLING CHAMPAGNE,12,Bernard Remy Cbbrut Champ 750mL,BERNARD REMY CBBRUT CHAMP750ML,336401,,,,,,,bernard-remy-cbbrut-champ-750ml-01.jpg,
,WINE,SPARKLING CHAMPAGNE,13,Bollinger Special Cuvee 750mL,BOLLINGER SPECIAL CUVEE  750ML,536904,3052853075909,CALABRIA FAMILY WINES P/L,ALM Warehouse,6,98.99,145.99,bollinger-special-cuvee-750ml-01.jpg,
,WINE,SPARKLING CHAMPAGNE,14,Penfolds Champ Cuvee Brut 750mL,PENFOLDS CHAMP CUVEE BRUT750ML,812449,9310297053407,PENFOLDS WINES INTERNATIO,ALM Warehouse,6,56.79,83.99,penfolds-champ-cuvee-brut-750ml-01.jpg,
,WINE,SPARKLING CHAMPAGNE,15,Penfolds Champ C/Brutnvgb 750mL,PENFOLDS CHAMP C/BRUTNVGB750ML,816605,9310297053421,PENFOLDS WINES INTERNATIO,ALM Warehouse,6,60.93,89.99,penfolds-champ-c-brutnvgb-750ml-01.jpg,
,WINE,SPARKLING CHAMPAGNE,16,Moet Chandon Imper G/Box 750mL,MOET CHANDON IMPER G/BOX 750ML,789719,3185370763957,MOET HENNESSY AUSTRALIA,ALM Warehouse,6,73.50,107.99,moet-chandon-imper-g-box-750ml-01.jpg,
,WINE,SPARKLING CHAMPAGNE,17,Veuve/C Yellow NV Gft 750mL,VEUVE/C YELLOW NV GFT    750ML,535665,3049614225802,,core-extract,6.0,87.65,128.99,veuve-c-yellow-nv-gft-750ml-01.jpg,
,WINE,SPARKLING CHAMPAGNE,19,Ernest Rapeneau Champ Ls 750mL,ERNEST RAPENEAU CHAMP LS 750ML,253093,,,,,,,ernest-rapeneau-champ-ls-750ml-01.jpg,
,WINE,SPARKLING CHAMPAGNE,20,Ruinart Blanc De Blanc Ss Gift Box 750mL,RUINART BLC DE BLC SS GB 750ML,743632,3185370712009,MOET HENNESSY AUSTRALIA,ALM Warehouse,6,174.82,256.99,ruinart-blanc-de-blanc-ss-gift-box-750ml-01.jpg,
,WINE,SPARKLING CHAMPAGNE,21,Dom Perignon V/Champ Gift Box 750mL,DOM PERIGNON V/CHAMP GB  750ML,251614,3185370822760,MOET HENNESSY AUSTRALIA,ALM Warehouse,6,391.15,573.99,dom-perignon-v-champ-gift-box-750ml-01.jpg,
,WINE,SPARKLING CHAMPAGNE,22,Mumm Cordon Rouge 375mL,MUMM CORDON ROUGE        375ML,814679,3043700103821,PERNOD RICARD AUST P/L,ALM Warehouse,12,38.87,57.99,mumm-cordon-rouge-375ml-01.jpg,
,WINE,SPARKLING CHAMPAGNE,23,Louis Morette Brut Bdb 750mL,LOUIS MORETTE BRUT BDB   750ML,217937,,,,,,,louis-morette-brut-bdb-750ml-01.jpg,
,WINE,SPARKLING CHAMPAGNE,24,Moet Ice Imperial 750mL,MOET ICE IMPERIAL        750ML,451573,3185370773017,MOET HENNESSY AUSTRALIA,ALM Warehouse,6,86.91,127.99,moet-ice-imperial-750ml-01.jpg,
,WINE,SPARKLING CHAMPAGNE,25,NV H.Lanvin and Fils Champn 750mL,NV H.LANVIN & FILS CHAMPN750ML,41475,3028441115111,AUSTRALIAN VINTAGE (DOMESTIC) PTY LTD,ALM Warehouse,6,54.57,80.99,nv-h-lanvin-and-fils-champn-750ml-01.jpg,
,WINE,SPARKLING RED,1,A/Garrett NV Sparkling Shiraz 750mL,A/GARRETT NV SPK SHIRAZ  750ML,515513,9315212006834,VOK BEVERAGES - WINES,ALM Warehouse,6,11.15,16.99,a-garrett-nv-sparkling-shiraz-750ml-01.jpg,
,WINE,SPARKLING RED,3,Yellowglen Red 750mL,YELLOWGLEN RED           750ML,770786,9300770050153,TREASURY WINE ESTATES,ALM Warehouse,6,7.17,10.99,yellowglen-red-750ml-01.jpg,
,WINE,SPARKLING RED,4,De Bortoli Sangria Spritz 750mL,DE BORTOLI SANGRIA SPRITZ750ML,317368,9300752052717,DE BORTOLI WINES PTY LIMI,ALM Warehouse,6,14.70,21.99,de-bortoli-sangria-spritz-750ml-01.jpg,
,WINE,SPARKLING RED,6,Grant Burge Sparkling NV Shiraz 750mL,G/BURGE SPK NV SHIRAZ    750ML,666898,9315705000202,VINARCHY AUSTRALIA,ALM Warehouse,6,16.42,24.99,grant-burge-sparkling-nv-shiraz-750ml-01.jpg,
,WINE,SPARKLING RED,7,Bleasdale Sparkling Shiraz 750mL,BLEASDALE SPK SHIRAZ     750ML,752102,9316475001895,NEGOCIANTS AUSTRALIA,ALM Warehouse,6,18.06,26.99,bleasdale-sparkling-shiraz-750ml-01.jpg,
,WINE,SPARKLING RED,8,De Bortoli Chilbil Spzred 750mL,DE BORTOLI CHILBIL SPZRED750ML,340586,9300752051574,DE BORTOLI WINES PTY LIMI,ALM Warehouse,6,13.09,19.99,de-bortoli-chilbil-spzred-750ml-01.jpg,
,WINE,SPARKLING RED,9,De Bortoli Woodf Shiraz Cuvée 750mL,DE BORTOLI WOODF SHZ CUV 750ML,183057,9300752052335,DE BORTOLI WINES PTY LIMI,ALM Warehouse,6,13.35,19.99,de-bortoli-woodf-shiraz-cuv-e-750ml-01.jpg,
,WINE,SPARKLING RED,10,A/Garrett NV Sparkling Shiraz 200mL,A/GARRETT NV SPK SHIRAZ 200ML,416120,9315212007190,VOK BEVERAGES - WINES,ALM Warehouse,24,4.30,6.99,a-garrett-nv-sparkling-shiraz-200ml-01.jpg,
,WINE,SPARKLING RED,11,Seppelt Sparkling Shiraz 750mL,SEPPELT SPK SHIRAZ       750ML,536378,9310194102987,TREASURY WINE ESTATES,ALM Warehouse,6,19.88,29.99,seppelt-sparkling-shiraz-750ml-01.jpg,
,WINE,SPARKLING RED,12,Morris Sparkling Shiraz Durif 750mL,MORRIS SPK SHIRAZ DURIF  750ML,549038,9322214005543,OATLEY FINE WINE MERCHANT,ALM Warehouse,6,14.89,21.99,morris-sparkling-shiraz-durif-750ml-01.jpg,
,WINE,SPARKLING RED,13,Stonegate Brut Cuvee 750mL,STONEGATE BRUT CUVEE     750ML,930721,9300694001071,VINTAGE HOUSE WINE & SPIR,ALM Warehouse,12,7.70,11.99,stonegate-brut-cuvee-750ml-01.jpg,
,WINE,SPARKLING RED,14,Pepperjack Sparkling Shiraz 750mL,PEPPERJACK SPK SHIRAZ    750ML,706517,,,,,,,pepperjack-sparkling-shiraz-750ml-01.jpg,
,WINE,SPARKLING RED,15,Blue Pyrenees Sparkling Shiraz NV 750mL,BLUE PYRENEES SPK SHZ NV 750ML,56365,,BLUE PYRENEES ESTATE PTY. LTD.,ALM Connect,6,23.65,34.99,blue-pyrenees-sparkling-shiraz-nv-750ml-01.jpg,
,WINE,SPARKLING RED,16,Pauletts Red Piccolo NV 200mL,PAULETTS RED PICCOLO NV  200ML,837224,,,,,,,pauletts-red-piccolo-nv-200ml-01.jpg,
,WINE,SPARKLING RED,17,Blk Chook Sparkling Shrz 750mL,BLK CHOOK SPARKLING SHRZ 750ML,887915,,,,,,,blk-chook-sparkling-shrz-750ml-01.jpg,
,WINE,SPARKLING RED,18,Di Giorgio Sp Merlot 200mL,DI GIORGIO SP MERLOT     200ML,434628,,,,,,,di-giorgio-sp-merlot-200ml-01.jpg,
,WINE,SPARKLING RED,19,Knappstein Sparking Shiraz 750mL,KNAPPSTEIN SPARKING SHZ  750ML,943224,,,,,,,knappstein-sparking-shiraz-750ml-01.jpg,
,WINE,SPARKLING RED,20,Hancock and Han Shiraz Cuvee 200mL,HANCOCK & HAN SHZ CUVEE 200ML,135321,,ROBERT OATLEY VINEYARDS PTY. LTD.,ALM Connect,24,6.21,9.99,hancock-and-han-shiraz-cuvee-200ml-01.jpg,
,WINE,SPARKLING RED,21,Bleasdale Sparkling NV Shiraz 200mL,BLEASDALE SPK NV SHIRAZ  200ML,337127,,,,,,,bleasdale-sparkling-nv-shiraz-200ml-01.jpg,
,WINE,SPARKLING RED,22,Reillys Cuvee Shiraz 750mL,REILLYS CUVEE SHIRAZ 750ML,528676,,,,,,,reillys-cuvee-shiraz-750ml-01.jpg,
,WINE,SPARKLING RED,22,C/Burge Sparkling Red 750mL,C/BURGE SPARKLING RED    750ML,780511,,BURGE FAMILY WINE ESTATES PTY LTD,ALM Connect,6,18.92,27.99,c-burge-sparkling-red-750ml-01.jpg,
,WINE,SPARKLING RED,24,De Bortoli Woodfd Sparkling Shiraz 750mL,DE BORTOLI WOODFD SPK SHZ750ML,964856,,,,,,,de-bortoli-woodfd-sparkling-shiraz-750ml-01.jpg,
,WINE,SPARKLING RED,25,Flying Fish Sparkling Red 750mL,FLYING FISH SPARKLING RED750ML,316066,,,,,,,flying-fish-sparkling-red-750ml-01.jpg,
,WINE,SPARKLING ROSE,1,Yellowglen Pink Sparkling Rosé 750mL,YELLOWGLEN PINK SPK ROSE 750ML,792225,9300770050726,TREASURY WINE ESTATES,ALM Warehouse,6,7.17,10.99,yellowglen-pink-sparkling-ros-750ml-01.jpg,
,WINE,SPARKLING ROSE,2,Yellowtail Bubbles Rosé 750mL,YELLOWTAIL BUBBLES ROSE  750ML,654663,9322214011209,CASELLA WINES PTY LTD,ALM Warehouse,12,7.35,10.99,yellowtail-bubbles-ros-750ml-01.jpg,
,WINE,SPARKLING ROSE,3,Yellowglen Pink 65 NV 750mL,YELLOWGLEN PINK 65 NV    750ML,574850,9300770002749,TREASURY WINE ESTATES,ALM Warehouse,6,7.17,10.99,yellowglen-pink-65-nv-750ml-01.jpg,
,WINE,SPARKLING ROSE,4,Jacobs Ck Sparkling Rosé 750mL,JACOBS CK SPK ROSE       750ML,588414,9311043403262,VINARCHY AUSTRALIA,ALM Warehouse,6,7.53,11.99,jacobs-ck-sparkling-ros-750ml-01.jpg,
,WINE,SPARKLING ROSE,5,Jansz Non Vintage Rosé 750mL,JANSZ NON VINTAGE ROSE   750ML,834124,9311789001104,SAMUEL SMITH & SON,ALM Warehouse,6,23.40,34.99,jansz-non-vintage-ros-750ml-01.jpg,
,WINE,SPARKLING ROSE,6,Grant Burge NV Pnc Rosé 750mL,G/BURGE NV PNC ROSE      750ML,287848,9315705852153,VINARCHY AUSTRALIA,ALM Warehouse,6,16.42,24.99,grant-burge-nv-pnc-ros-750ml-01.jpg,
,WINE,SPARKLING ROSE,7,Passion Pop Mixed Berry 750mL,PASSION POP MIXED BERRY  750ML,585830,9311471000651,AUSTRALIAN VINTAGE-DOMEST,ALM Warehouse,6,5.90,8.99,passion-pop-mixed-berry-750ml-01.jpg,
,WINE,SPARKLING ROSE,8,Grant Burge Sparkling Petite Rosé 750mL,G/BURGE SPK PETITE ROSE  750ML,284497,9315705871185,VINARCHY AUSTRALIA,ALM Warehouse,6,10.36,15.99,grant-burge-sparkling-petite-ros-750ml-01.jpg,
,WINE,SPARKLING ROSE,9,La Vieille Ferme Sparkling Rosé 750mL,LA VIEILLE FERME SPK ROSE750ML,286423,3296184020379,SAMUEL SMITH & SON,ALM Warehouse,6,19.17,28.99,la-vieille-ferme-sparkling-ros-750ml-01.jpg,
,WINE,SPARKLING ROSE,10,Oyster Bay Cuvée Rosé Sparkling 750mL,OYSTER BAY CUV ROSE SPRK 750ML,512507,9415549825617,DELEGAT AUSTRALIA PTY LTD,ALM Warehouse,6,17.02,24.99,oyster-bay-cuv-e-ros-sparkling-750ml-01.jpg,
,WINE,SPARKLING ROSE,11,Brown Brothers Prosecco Rosé 200mL,BROWN BRO PROSECCO ROSE  200ML,341906,9311124403716,BROWN FAMILY WINE GROUP,ALM Warehouse,24,4.08,5.99,brown-brothers-prosecco-ros-200ml-01.jpg,
,WINE,SPARKLING ROSE,12,Grant Burge Prosecco Rosé NV 750mL,G/BURGE PROSECCO ROSE NV 750ML,444822,9315705876067,VINARCHY AUSTRALIA,ALM Warehouse,6,11.96,17.99,grant-burge-prosecco-ros-nv-750ml-01.jpg,
,WINE,SPARKLING ROSE,13,Yellowtail Bubbles Rosé 200mL,YELLOWTAIL BUBBLES ROSE  200ML,546242,9322214010806,CASELLA WINES PTY LTD,ALM Warehouse,24,2.94,4.99,yellowtail-bubbles-ros-200ml-01.jpg,
,WINE,SPARKLING ROSE,14,Squealing Pig Spark Rosé 750mL,SQUEALING PIG SPARK ROSE 750ML,847805,9415305000593,TREASURY WINE ESTATES,ALM Warehouse,6,13.24,19.99,squealing-pig-spark-ros-750ml-01.jpg,
,WINE,SPARKLING ROSE,15,Croser Rosé NV 750mL,CROSER ROSE NV           750ML,520987,9338979000501,VINARCHY AUSTRALIA,ALM Warehouse,6,19.31,28.99,croser-ros-nv-750ml-01.jpg,
,WINE,SPARKLING ROSE,16,Ninth Island NV Sparkling Rosé 750mL,NINTH ISLAND NV SPK ROSE 750ML,819140,9315314990802,,core-extract,6.0,19.90,29.99,ninth-island-nv-sparkling-ros-750ml-01.jpg,
,WINE,SPARKLING ROSE,17,De Bortoli K/V Prosc Rosé 200mL,DE BORTOLI K/V PROSC ROSE200ML,851388,9300752221175,DE BORTOLI WINES PTY LIMI,ALM Warehouse,24,3.96,5.99,de-bortoli-k-v-prosc-ros-200ml-01.jpg,
,WINE,SPARKLING ROSE,18,Yellowglen Pink Sparkling Rosé 200mL,YELLOWGLEN PINK SPK ROSE 200ML,577308,,,,,,,yellowglen-pink-sparkling-ros-200ml-01.jpg,
,WINE,SPARKLING ROSE,19,Kreglinger Brut Rosé NV 750mL,KREGLINGER BRUT ROSE NV  750ML,462249,9315314000020,PIPERS BROOK VINEYARD PTY LTD,ALM Warehouse,6,27.17,39.99,kreglinger-brut-ros-nv-750ml-01.jpg,
,WINE,SPARKLING ROSE,20,Yellowglen Pink Sparkling 4 pack 200mL,YELLOWGLEN PINK SPK  4PK 200ML,508977,,,,,,,yellowglen-pink-sparkling-4-pack-200ml-01.jpg,
,WINE,SPARKLING ROSE,21,Yarra Burn Premium Cuvée Rosé 750mL,YARRA BURN PREM CUV ROSE 750ML,656178,9311043035050,VINARCHY AUSTRALIA,ALM Warehouse,6,13.99,20.99,yarra-burn-premium-cuv-e-ros-750ml-01.jpg,
,WINE,SPARKLING ROSE,22,Tempus Two Var Brut Rosé 750mL,TEMPUS TWO VAR BRUT ROSE 750ML,239992,9315743502843,AUSTRALIAN VINTAGE-DOMEST,ALM Warehouse,6,9.53,13.99,tempus-two-var-brut-ros-750ml-01.jpg,
,WINE,SPARKLING ROSE,23,Sidewood Spark P/Rose 750mL,SIDEWOOD SPARK P/ROSE    750ML,239617,9342333002704,,core-extract,6.0,17.75,26.99,sidewood-spark-p-rose-750ml-01.jpg,
,WINE,SPARKLING ROSE,24,Tread Softly Proseccorose 750mL,TREAD SOFTLY PROSECCOROSE750ML,606597,9344154018582,FOURTH WAVE WINE PARTNERS,ALM Warehouse,6,10.53,15.99,tread-softly-proseccorose-750ml-01.jpg,
,WINE,SPARKLING ROSE,25,Yellowtail Prosecco Rosé 750mL,YELLOWTAIL PROSECCO ROSE 750ML,828283,9322214015542,CASELLA WINES PTY LTD,ALM Warehouse,6,11.32,16.99,yellowtail-prosecco-ros-750ml-01.jpg,
,WINE,STILL RED,1,Pepperjack Shiraz 750mL,PEPPERJACK SHIRAZ        750ML,797013,9300770003272,TREASURY WINE ESTATES,ALM Warehouse,6,16.76,24.99,pepperjack-shiraz-750ml-01.jpg,
,WINE,STILL RED,3,Hardys Vr Shiraz 1L,HARDYS VR SHIRAZ            1L,535267,9311043090479,VINARCHY AUSTRALIA,ALM Warehouse,6,6.91,10.99,hardys-vr-shiraz-1l-01.jpg,
,WINE,STILL RED,4,Taylors Est Shiraz 750mL,TAYLORS EST SHIRAZ       750ML,523862,9311659000572,TAYLORS WINES PTY LTD,ALM Warehouse,6,13.55,19.99,taylors-est-shiraz-750ml-01.jpg,
,WINE,STILL RED,5,Hardys Vr Merlot 1L,HARDYS VR MERLOT            1L,534499,9311043089008,VINARCHY AUSTRALIA,ALM Warehouse,6,6.91,10.99,hardys-vr-merlot-1l-01.jpg,
,WINE,STILL RED,6,Hardys Vr Cabernet Sauvignon 1L,HARDYS VR CAB SAUVIGNON     1L,534407,9311043090158,VINARCHY AUSTRALIA,ALM Warehouse,6,6.91,10.99,hardys-vr-cabernet-sauvignon-1l-01.jpg,
,WINE,STILL RED,7,Taylors Est Cabernet Sauvignon 750mL,TAYLORS EST CAB SAUV     750ML,523935,9311659000626,TAYLORS WINES PTY LTD,ALM Warehouse,6,13.55,19.99,taylors-est-cabernet-sauvignon-750ml-01.jpg,
,WINE,STILL RED,8,St Hallett Blk Clay Shiraz 750mL,ST HALLETT BLK CLAY SHZ 750ML,578553,9316920415338,VINARCHY AUSTRALIA,ALM Warehouse,6,10.27,15.99,st-hallett-blk-clay-shiraz-750ml-01.jpg,
,WINE,STILL RED,9,Pepperjack Barossa Cabernet Sauvignon 750mL,PEPPERJACK BAROSSA C/SAV 750ML,794219,9300770003296,TREASURY WINE ESTATES,ALM Warehouse,6,16.76,24.99,pepperjack-barossa-cabernet-sauvignon-750ml-01.jpg,
,WINE,STILL RED,11,Elephant In Room Pinot Noir 750mL,ELEPHANT IN ROOM P/NOIR  750ML,793441,9344154011507,FOURTH WAVE WINE PARTNERS,ALM Warehouse,6,10.66,15.99,elephant-in-room-pinot-noir-750ml-01.jpg,
,WINE,STILL RED,12,St Hallett Faith Shiraz 750mL,ST HALLETT FAITH SHIRAZ  750ML,521399,9316920000084,VINARCHY AUSTRALIA,ALM Warehouse,6,10.75,15.99,st-hallett-faith-shiraz-750ml-01.jpg,
,WINE,STILL RED,13,Tread Softly Pinot Noir 750mL,TREAD SOFTLY PINOT NOIR  750ML,640973,9344154013730,FOURTH WAVE WINE PARTNERS,ALM Warehouse,6,9.83,14.99,tread-softly-pinot-noir-750ml-01.jpg,
,WINE,STILL RED,15,19 Crimes Shiraz 750mL,19 CRIMES SHIRAZ         750ML,524423,9311220005005,TREASURY WINE ESTATES,ALM Warehouse,6,8.55,12.99,19-crimes-shiraz-750ml-01.jpg,
,WINE,STILL RED,16,Wynns Siding Shiraz 750mL,WYNNS SIDING SHIRAZ      750ML,520327,9300620006309,TREASURY WINE ESTATES,ALM Warehouse,6,11.80,17.99,wynns-siding-shiraz-750ml-01.jpg,
,WINE,STILL RED,17,Little Giant Shiraz 750mL,LITTLE GIANT SHIRAZ      750ML,609011,9344154012474,FOURTH WAVE WINE PARTNERS,ALM Warehouse,6,13.75,20.99,little-giant-shiraz-750ml-01.jpg,
,WINE,STILL RED,18,Devils Corner Pinot Noir 750mL,DEVILS CORNER P/NOIR     750ML,505660,9325814006194,BROWN FAMILY WINE GROUP,ALM Warehouse,6,18.20,26.99,devils-corner-pinot-noir-750ml-01.jpg,
,WINE,STILL RED,19,19 Crimes Cabernet Sauvignon 750mL,19 CRIMES CAB SAUV       750ML,834284,9311220004633,TREASURY WINE ESTATES,ALM Warehouse,6,8.55,12.99,19-crimes-cabernet-sauvignon-750ml-01.jpg,
,WINE,STILL RED,20,Brown Brothers Cienna 750mL,BROWN BRO CIENNA         750ML,753695,0029147100244,BROWN FAMILY WINE GROUP,ALM Warehouse,6,11.69,17.99,brown-brothers-cienna-750ml-01.jpg,
,WINE,STILL RED,21,Jacobs Ck Dbl Bar Shiraz 750mL,JACOBS CK DBL BAR SHIRAZ 750ML,142271,9311043403149,VINARCHY AUSTRALIA,ALM Warehouse,6,13.66,20.99,jacobs-ck-dbl-bar-shiraz-750ml-01.jpg,
,WINE,STILL RED,22,Grant Burge 5TH Gen Shiraz 750mL,G/BURGE 5TH GEN SHIRAZ   750ML,559509,9315705007928,VINARCHY AUSTRALIA,ALM Warehouse,6,10.35,15.99,grant-burge-5th-gen-shiraz-750ml-01.jpg,
,WINE,STILL RED,23,Farm Hand Original Shiraz 750mL,FARM HAND ORG SHIRAZ     750ML,933410,9344154011712,FOURTH WAVE WINE PARTNERS,ALM Warehouse,6,9.50,13.99,farm-hand-original-shiraz-750ml-01.jpg,
,WINE,STILL ROSE,4,Tatachilla Whit Adml Rosé 750mL,TATACHILLA WHIT ADML ROSE750ML,20542,9313048851819,VINARCHY AUSTRALIA,ALM Warehouse,6,7.34,10.99,tatachilla-whit-adml-ros-750ml-01.jpg,
,WINE,STILL ROSE,7,Jacobs Ck Lp Rosé 750mL,JACOBS CK LP ROSE        750ML,640994,9311043403484,VINARCHY AUSTRALIA,ALM Warehouse,6,9.69,14.99,jacobs-ck-lp-ros-750ml-01.jpg,
,WINE,STILL ROSE,8,Oyster Bay Rosé 750mL,OYSTER BAY ROSE          750ML,650567,9415549805602,DELEGAT AUSTRALIA PTY LTD,ALM Warehouse,6,15.42,22.99,oyster-bay-ros-750ml-01.jpg,
,WINE,STILL ROSE,9,Pepperjack Rosé 750mL,PEPPERJACK ROSE 750ML,318911,9300770005368,TREASURY WINE ESTATES,ALM Warehouse,6,16.76,24.99,pepperjack-ros-750ml-01.jpg,
,WINE,STILL ROSE,10,Hardys Vr Rosé 1L,HARDYS VR ROSE              1L,224065,9311043842160,VINARCHY AUSTRALIA,ALM Warehouse,6,6.91,10.99,hardys-vr-ros-1l-01.jpg,
,WINE,STILL ROSE,11,Bob Heartsplay Rosé 750mL,BOB HEARTSPLAY ROSE      750ML,300298,,,,,,,bob-heartsplay-ros-750ml-01.jpg,
,WINE,STILL ROSE,12,Days Of Rosé Dry Rosé 750mL,DAYS OF ROSE DRY ROSE    750ML,227194,9311043826313,VINARCHY AUSTRALIA,ALM Warehouse,6,13.32,19.99,days-of-ros-dry-ros-750ml-01.jpg,
,WINE,STILL ROSE,13,Chemin Des Sables Rosé 750mL,CHEMIN DES SABLES ROSE   750ML,347402,,,,,,,chemin-des-sables-ros-750ml-01.jpg,
,WINE,STILL ROSE,14,Bone Dry Rosé 750mL,BONE DRY ROSE           750ML,218873,9352694003210,DEM BONES WINES PTY,ALM Warehouse,6,9.99,14.99,bone-dry-ros-750ml-01.jpg,
,WINE,STILL ROSE,15,Taylors Est Rosé 750mL,TAYLORS EST ROSE         750ML,707563,9311659001531,TAYLORS WINES PTY LTD,ALM Warehouse,6,13.55,19.99,taylors-est-ros-750ml-01.jpg,
,WINE,STILL ROSE,16,Bone Dry Rosé 750mL,BONE DRY ROSE            750ML,207084,,,,,,,bone-dry-ros-750ml-01.jpg,
,WINE,STILL ROSE,17,Mud House Core Rosé 750mL,MUD HOUSE CORE ROSE      750ML,146940,9421018071553,VINARCHY AUSTRALIA,ALM Warehouse,6,11.74,17.99,mud-house-core-ros-750ml-01.jpg,
,WINE,STILL ROSE,18,Bird In Hand Rosé 750mL,BIRD IN HAND ROSE        750ML,540623,9325512000210,BOTTLE IN HAND,ALM Warehouse,6,18.21,26.99,bird-in-hand-ros-750ml-01.jpg,
,WINE,STILL ROSE,19,McGuigan S/Batch Rosé 750mL,MCGUIGAN S/BATCH ROSE    750ML,304124,9310415017434,AUSTRALIAN VINTAGE-DOMEST,ALM Warehouse,6,8.40,12.99,mcguigan-s-batch-ros-750ml-01.jpg,
,WINE,STILL ROSE,20,Poco Vino Rosé 187mL,POCO VINO ROSE 187ML,315044,93577229,AUSTRALIAN VINTAGE-DOMEST,ALM Warehouse,12,4.60,6.99,poco-vino-ros-187ml-01.jpg,
,WINE,STILL ROSE,21,Mateus Rosé 750mL,MATEUS ROSE              750ML,546917,5601012011500,OATLEY FINE WINE MERCHANT,ALM Warehouse,6,9.96,14.99,mateus-ros-750ml-01.jpg,
,WINE,STILL ROSE,22,Tgallant C/Schanck Rosé 750mL,TGALLANT C/SCHANCK ROSE  750ML,663683,9326983000570,TREASURY WINE ESTATES,ALM Warehouse,6,14.96,21.99,tgallant-c-schanck-ros-750ml-01.jpg,
,WINE,STILL ROSE,23,The Shy Kiwi H/Bay Rosé 750mL,THE SHY KIWI H/BAY ROSE  750ML,236033,,,,,,,the-shy-kiwi-h-bay-ros-750ml-01.jpg,
,WINE,STILL ROSE,24,Belena Rosé 750mL,BELENA ROSE              750ML,593281,9319020011806,CALABRIA FAMILY WINES P/L,ALM Warehouse,6,13.97,20.99,belena-ros-750ml-01.jpg,
,WINE,STILL ROSE,25,De Bortoli S/Hil Rosé 750mL,DE BORTOLI S/HIL ROSE    750ML,504541,9300752020310,DE BORTOLI WINES PTY LIMI,ALM Warehouse,12,4.81,7.99,de-bortoli-s-hil-ros-750ml-01.jpg,
,WINE,STILL WHITE,1,Oyster Bay Sauvignon Blanc 750mL,OYSTER BAY SAUV BLANC    750ML,797592,9415549802601,DELEGAT AUSTRALIA PTY LTD,ALM Warehouse,6,15.42,22.99,oyster-bay-sauvignon-blanc-750ml-01.jpg,
,WINE,STILL WHITE,2,Hardys Vr Sauvignon Blanc 1L,HARDYS VR SAUV BLANC        1L,539224,9311043090486,VINARCHY AUSTRALIA,ALM Warehouse,6,6.91,10.99,hardys-vr-sauvignon-blanc-1l-01.jpg,
,WINE,STILL WHITE,3,Squealing Pig Sauvignon Blanc 750mL,SQUEALING PIG SAUV BLANC 750ML,508744,9415305127092,TREASURY WINE ESTATES,ALM Warehouse,6,13.24,19.99,squealing-pig-sauvignon-blanc-750ml-01.jpg,
,WINE,STILL WHITE,5,Mud House Sauvignon Blanc 750mL,MUD HOUSE SAUV BLANC     750ML,534017,9421018070013,VINARCHY AUSTRALIA,ALM Warehouse,6,11.74,17.99,mud-house-sauvignon-blanc-750ml-01.jpg,
,WINE,STILL WHITE,6,Stoneleigh Marlb S/Blanc 750mL,STONELEIGH MARLB S/BLANC 750ML,599392,9311043403064,VINARCHY AUSTRALIA,ALM Warehouse,6,9.95,14.99,stoneleigh-marlb-s-blanc-750ml-01.jpg,
,WINE,STILL WHITE,7,Hardys Vr Chardonnay 1L,HARDYS VR CHARDONNAY        1L,534871,9311043088810,VINARCHY AUSTRALIA,ALM Warehouse,6,6.91,10.99,hardys-vr-chardonnay-1l-01.jpg,
,WINE,STILL WHITE,8,Ta Ku Sauvignon Blanc 750mL,TA KU SAUVIGNON BLANC    750ML,513537,9311043012747,VINARCHY AUSTRALIA,ALM Warehouse,6,11.10,16.99,ta-ku-sauvignon-blanc-750ml-01.jpg,
,WINE,STILL WHITE,9,Tatachilla Wht Adml P/Gri 750mL,TATACHILLA WHT ADML P/GRI750ML,20916,9313048851802,VINARCHY AUSTRALIA,ALM Warehouse,6,7.34,10.99,tatachilla-wht-adml-p-gri-750ml-01.jpg,
,WINE,STILL WHITE,10,Jacobs Ck Sauvignon Blanc 750mL,JACOBS CK SAUV BLANC     750ML,760189,9311043403101,VINARCHY AUSTRALIA,ALM Warehouse,12,7.56,11.99,jacobs-ck-sauvignon-blanc-750ml-01.jpg,
,WINE,STILL WHITE,11,821 South Marl Sauvignon Blnc 750mL,821 SOUTH MARL SAUV BLNC 750ML,609134,9415305000142,TREASURY WINE ESTATES,ALM Warehouse,6,12.41,18.99,821-south-marl-sauvignon-blnc-750ml-01.jpg,
,WINE,STILL WHITE,12,Lind B95 Sauvignon Blanc 750mL,LIND B95 SAUVIGNON BLANC 750ML,530550,9311218110223,TREASURY WINE ESTATES,ALM Warehouse,6,5.69,8.99,lind-b95-sauvignon-blanc-750ml-01.jpg,
,WINE,STILL WHITE,13,Houghton White Classic 750mL,HOUGHTON WHITE CLASSIC   750ML,526111,9311420036090,VINARCHY AUSTRALIA,ALM Warehouse,6,7.92,11.99,houghton-white-classic-750ml-01.jpg,
,WINE,STILL WHITE,14,Tatachilla Wht Adml Sauvignon Blanc 750mL,TATACHILLA WHT ADML S/BLC750ML,244840,9313048007988,VINARCHY AUSTRALIA,ALM Warehouse,6,7.34,10.99,tatachilla-wht-adml-sauvignon-blanc-750ml-01.jpg,
,WINE,STILL WHITE,15,Wolf Blass Red Label Chardonnay 750mL,W/BLASS RED LBL CHARD    750ML,533956,9312088241000,TREASURY WINE ESTATES,ALM Warehouse,6,6.05,8.99,wolf-blass-red-label-chardonnay-750ml-01.jpg,
,WINE,STILL WHITE,16,Secret Stone Sauvignon Blnc Mv 750mL,SECRET STONE SAV BLNC MV 750ML,502109,9415305186068,TREASURY WINE ESTATES,ALM Warehouse,6,11.26,16.99,secret-stone-sauvignon-blnc-mv-750ml-01.jpg,
,WINE,STILL WHITE,17,Banrock Stn Sauvignon Blanc 1L,BANROCK STN SAUV BLANC      1L,568927,9311043766459,VINARCHY AUSTRALIA,ALM Warehouse,6,8.02,11.99,banrock-stn-sauvignon-blanc-1l-01.jpg,
,WINE,STILL WHITE,18,Matua Vly Marlb Sauvignon Blnc 750mL,MATUA VLY MARLB SAV BLNC 750ML,509583,9415305122011,TREASURY WINE ESTATES,ALM Warehouse,6,11.26,16.99,matua-vly-marlb-sauvignon-blnc-750ml-01.jpg,
,WINE,STILL WHITE,19,Yellowtail Chardonnay 750mL,YELLOWTAIL CHARDONNAY    750ML,580199,9322214007387,CASELLA WINES PTY LTD,ALM Warehouse,12,7.35,10.99,yellowtail-chardonnay-750ml-01.jpg,
,WINE,STILL WHITE,20,De Bortoli S/Hil Ssb 750mL,DE BORTOLI S/HIL SSB     750ML,599318,9300752020426,DE BORTOLI WINES PTY LIMI,ALM Warehouse,12,4.81,7.99,de-bortoli-s-hil-ssb-750ml-01.jpg,
,WINE,STILL WHITE,21,Mud House Pinot Gris 750mL,MUD HOUSE PINOT GRIS     750ML,510026,9421018071171,VINARCHY AUSTRALIA,ALM Warehouse,6,11.74,17.99,mud-house-pinot-gris-750ml-01.jpg,
,WINE,STILL WHITE,22,Squealing Pig Pinot Gris Nz 750mL,SQUEALING PIG P/GRIS NZ  750ML,861799,9415305004669,TREASURY WINE ESTATES,ALM Warehouse,6,13.24,19.99,squealing-pig-pinot-gris-nz-750ml-01.jpg,
,WINE,STILL WHITE,23,Jacobs Ck Chardonnay 750mL,JACOBS CK CHARDONNAY     750ML,532188,9311043400001,VINARCHY AUSTRALIA,ALM Warehouse,12,7.56,11.99,jacobs-ck-chardonnay-750ml-01.jpg,
,WINE,STILL WHITE,24,Fat Bastard Chardonnay6S 750mL,FAT BASTARD CHARDONNAY6S 750ML,242490,9316128001678,JOVAL WINE GROUP PTY LTD,ALM Warehouse,6,12.31,18.99,fat-bastard-chardonnay6s-750ml-01.jpg,
,WINE,STILL WHITE,25,Jacobs Ck C/Harv Sauvignon Blanc 750mL,JACOBS CK C/HARV SAV BLC 750ML,544384,9311043403187,VINARCHY AUSTRALIA,ALM Warehouse,6,8.90,13.99,jacobs-ck-c-harv-sauvignon-blanc-750ml-01.jpg,
,WINE,SUNDRY WINE ALL CAN,1,Brown Brothers Moscato Rosé C 250mL,BROWN BRO MOSCATO ROSE  C250ML,678984,9311124402955,BROWN FAMILY WINE GROUP,ALM Warehouse,24,4.14,6.99,brown-brothers-moscato-ros-c-250ml-01.jpg,
,WINE,SUNDRY WINE ALL CAN,2,Turkey Flat Rosé Can 250mL,TURKEY FLAT ROSE CAN     250ML,624901,,,,,,,turkey-flat-ros-can-250ml-01.jpg,
,WINE,WINE KEGS,1,Squealing Pig S/Blanc Keg 30L,SQUEALING PIG S/BLANC KEG  30L,468737,04687375,TREASURY WINE ESTATES,ALM Warehouse,1,646.40,948.99,squealing-pig-s-blanc-keg-30l-01.jpg,
,WINE,WINE KEGS,2,Mud House Sauvignon Blanc Keg 30L,MUD HOUSE SAUV BLANC KEG   30L,913067,09130678,VINARCHY AUSTRALIA,ALM Warehouse,1,546.17,801.99,mud-house-sauvignon-blanc-keg-30l-01.jpg,
,WINE,WINE KEGS,3,Tgallant C/Schk P/Grig Keg 30L,TGALLANT C/SCHK P/GRIG KEG 30L,716936,07169366,TREASURY WINE ESTATES,ALM Warehouse,1,572.89,840.99,tgallant-c-schk-p-grig-keg-30l-01.jpg,
,WINE,WINE KEGS,4,Victorian Rosé Keg 30L,VICTORIAN ROSE KEG         30L,924306,9326983000754,TREASURY WINE ESTATES,ALM Warehouse,1,572.89,840.99,victorian-ros-keg-30l-01.jpg,
,WINE,WINE KEGS,5,Angove Nz Sauvblanc Keg 30L,ANGOVE NZ SAUVBLANC KEG    30L,452079,9300694001668,VINTAGE HOUSE WINE & SPIR,ALM Warehouse,1,523.47,767.99,angove-nz-sauvblanc-keg-30l-01.jpg,
,WINE,WINE KEGS,6,T'Gallant Juliet Bl Mos Keg 30L,T'GALLANT JULIET BL MOS KEG30L,468753,04687535,TREASURY WINE ESTATES,ALM Warehouse,1,490.31,719.99,t-gallant-juliet-bl-mos-keg-30l-01.jpg,
,WINE,WINE KEGS,7,Tatachilla Pinot Grigio Keg 30L,TATACHILLA PINOT GRIGIO KEG30L,998091,09890916,VINARCHY AUSTRALIA,ALM Warehouse,1,377.57,553.99,tatachilla-pinot-grigio-keg-30l-01.jpg,
,WINE,WINE KEGS,8,Tatachilla Rosé Keg 30L,TATACHILLA ROSE KEG        30L,998122,09891227,VINARCHY AUSTRALIA,ALM Warehouse,1,377.57,553.99,tatachilla-ros-keg-30l-01.jpg,
,WINE,WINE KEGS,9,St Huberts Stag Chardonnay Keg 30L,ST HUBERTS STAG CHARD KEG  30L,716910,07169106,TREASURY WINE ESTATES,ALM Warehouse,1,589.68,864.99,st-huberts-stag-chardonnay-keg-30l-01.jpg,
,WINE,WINE KEGS,10,Tatachilla Moscato Keg 30L,TATACHILLA MOSCATO KEG     30L,998075,09890756,VINARCHY AUSTRALIA,ALM Warehouse,1,377.57,553.99,tatachilla-moscato-keg-30l-01.jpg,
,WINE,WINE KEGS,11,Tatachilla Shiraz Keg 30L,TATACHILLA SHIRAZ KEG      30L,391998,9313048107695,VINARCHY AUSTRALIA,ALM Warehouse,1,377.57,553.99,tatachilla-shiraz-keg-30l-01.jpg,
,WINE,WINE KEGS,12,Tatachilla Chardonnay Keg 30L,TATACHILLA CHARDONNAY KEG  30L,460297,,,,,,,tatachilla-chardonnay-keg-30l-01.jpg,
,WINE,WINE KEGS,13,Saltram Shiraz 1859 Keg 30L,SALTRAM SHIRAZ 1859 KEG    30L,468745,04687450,TREASURY WINE ESTATES,ALM Warehouse,1,618.05,906.99,saltram-shiraz-1859-keg-30l-01.jpg,
,WINE,WINE KEGS,14,5TH Leg Semillon Sauvignon Blanc Keg 30L,5TH LEG SEM SAUV BLANC KEG 30L,498122,,,,,,,5th-leg-semillon-sauvignon-blanc-keg-30l-01.jpg,
,WINE,WINE KEGS,15,Angove Chardonnay Keg 30L,ANGOVE CHARDONNAY KEG      30L,286300,,ANGOVE'S PROPRIETARY LIMITED,ALM Connect,1,532.13,780.99,angove-chardonnay-keg-30l-01.jpg,
,WINE,WINE KEGS,16,Angove Pinot Grigio Keg 30L,ANGOVE PINOT GRIGIO KEG    30L,457655,,ANGOVE'S PROPRIETARY LIMITED,ALM Connect,1,532.13,780.99,angove-pinot-grigio-keg-30l-01.jpg,
,WINE,WINE KEGS,17,Angove Mcvale Shiraz Keg 30L,ANGOVE MCVALE SHIRAZ KEG   30L,457558,,ANGOVE'S PROPRIETARY LIMITED,ALM Connect,1,532.13,780.99,angove-mcvale-shiraz-keg-30l-01.jpg,
,WINE,WINE KEGS,18,Victorian Pinot Noir Keg 30L,VICTORIAN PINOT NOIR KEG   30L,969217,,,,,,,victorian-pinot-noir-keg-30l-01.jpg,
,WINE,WINE KEGS,19,Sugar and Spice Moscato Keg 30L,SUGAR & SPICE MOSCATO KEG  30L,286305,,ANGOVE'S PROPRIETARY LIMITED,ALM Connect,1,532.13,780.99,sugar-and-spice-moscato-keg-30l-01.jpg,
,WINE,WINE KEGS,20,Twin Islands Sau Blanc Keg 30L,TWIN ISLANDS SAU BLANC KEG 30L,490373,,,,,,,twin-islands-sau-blanc-keg-30l-01.jpg,
,WINE,WINE KEGS,21,Angove Rosé Keg 30L,ANGOVE ROSE KEG            30L,461840,,ANGOVE'S PROPRIETARY LIMITED,ALM Connect,1,532.13,780.99,angove-ros-keg-30l-01.jpg,
,WINE,WINE KEGS,22,Tatachilla Pinot Noir Keg 30L,TATACHILLA PINOT NOIR KEG 30L,391906,,,,,,,tatachilla-pinot-noir-keg-30l-01.jpg,
,WINE,WINE KEGS,23,Tempus Two Var S/Blan Keg 30L,TEMPUS TWO VAR S/BLAN KEG  30L,661482,,,,,,,tempus-two-var-s-blan-keg-30l-01.jpg,
,WINE,WINE KEGS,24,Innocent Bystand Rosé Keg 20L,INNOCENT BYSTAND ROSE KEG  20L,923376,,,,,,,innocent-bystand-ros-keg-20l-01.jpg,
,WINE,WINE KEGS,25,Tempus Two Var Rosé Keg 30L,TEMPUS TWO VAR ROSE KEG    30L,661652,,,,,,,tempus-two-var-ros-keg-30l-01.jpg,
,WINE,WINE OTHER,1,Divas Vkat 700mL,DIVAS VKAT               700ML,561205,9331772900047,DIVAS BEVERAGES AUSTRALIA,ALM Warehouse,12,9.49,13.99,divas-vkat-700ml-01.jpg,
,WINE,WINE OTHER,2,De Bortoli S/Hil Tawny 750mL,DE BORTOLI S/HIL TAWNY   750ML,515869,9300752020181,DE BORTOLI WINES PTY LIMI,ALM Warehouse,6,5.29,7.99,de-bortoli-s-hil-tawny-750ml-01.jpg,
,WINE,WINE OTHER,3,Wolf Blass Red Label Twny Prt 750mL,W/BLASS RED LBL TWNY PRT 750ML,506307,9312088000164,TREASURY WINE ESTATES,ALM Warehouse,6,6.05,8.99,wolf-blass-red-label-twny-prt-750ml-01.jpg,
,WINE,WINE OTHER,4,De Bortoli Limoncllo Spr 750mL,DE BORTOLI LIMONCLLO SPR 750ML,776944,9300752052090,DE BORTOLI WINES PTY LIMI,ALM Warehouse,6,14.70,21.99,de-bortoli-limoncllo-spr-750ml-01.jpg,
,WINE,WINE OTHER,5,Divas Vkat 1L,DIVAS VKAT                  1L,862635,9349658000750,DIVAS BEVERAGES AUSTRALIA,ALM Warehouse,12,11.41,16.99,divas-vkat-1l-01.jpg,
,WINE,WINE OTHER,6,Bob Mr Mason Sparkling Cuvee 750mL,BOB MR MASON SPK CUVEE   750ML,293954,,,,,,,bob-mr-mason-sparkling-cuvee-750ml-01.jpg,
,WINE,WINE OTHER,7,Penfolds Club Port 750mL,PENFOLDS CLUB PORT       750ML,509614,9310297000203,PENFOLDS WINES INTERNATIO,ALM Warehouse,6,9.93,14.99,penfolds-club-port-750ml-01.jpg,
,WINE,WINE OTHER,8,Mcw Rr Tawny 750mL,MCW RR TAWNY             750ML,509096,9311769011000,CALABRIA FAMILY WINES P/L,ALM Warehouse,12,6.02,8.99,mcw-rr-tawny-750ml-01.jpg,
,WINE,WINE OTHER,9,Stones Ginger Wine 750mL,STONES GINGER WINE       750ML,540296,9300694281046,VINTAGE HOUSE WINE & SPIR,ALM Warehouse,12,9.03,13.99,stones-ginger-wine-750ml-01.jpg,
,WINE,WINE OTHER,10,Zonzo NV Limoncello Sprtz 750mL,ZONZO NV LIMONCELLO SPRTZ750ML,619286,9354864001224,ZONZO ESTATE,ALM Warehouse,6,15.75,23.99,zonzo-nv-limoncello-sprtz-750ml-01.jpg,
,WINE,WINE OTHER,11,Stones Ginger Wine 1.5L,STONES GINGER WINE        1.5L,540416,9300694281084,VINTAGE HOUSE WINE & SPIR,ALM Warehouse,6,19.50,28.99,stones-ginger-wine-1-5l-01.jpg,
,WINE,WINE OTHER,12,Richland Limoncello Sptz 750mL,RICHLAND LIMONCELLO SPTZ 750ML,221635,9319020013725,CALABRIA FAMILY WINES P/L,ALM Warehouse,6,6.07,8.99,richland-limoncello-sptz-750ml-01.jpg,
,WINE,WINE OTHER,13,Divas Vkat Raspberry 700mL,DIVAS VKAT RASPBERRY     700ML,188390,9331772010029,DIVAS BEVERAGES AUSTRALIA,ALM Warehouse,12,9.49,13.99,divas-vkat-raspberry-700ml-01.jpg,
,WINE,WINE OTHER,14,De Bortoli K/V Prosc Rosé 750mL,DE BORTOLI K/V PROSC ROSE750ML,160821,9300752221137,DE BORTOLI WINES PTY LIMI,ALM Warehouse,6,12.30,18.99,de-bortoli-k-v-prosc-ros-750ml-01.jpg,
,WINE,WINE OTHER,15,Kilkenny Cream Liqueur 750mL,KILKENNY CREAM LIQUEUR   750ML,579677,9311471277114,AUSTRALIAN VINTAGE-DOMEST,ALM Warehouse,6,13.46,19.99,kilkenny-cream-liqueur-750ml-01.jpg,
,WINE,WINE OTHER,16,Mcw Inherit Tawny Port 750mL,MCW INHERIT TAWNY PORT   750ML,555665,9311769526009,CALABRIA FAMILY WINES P/L,ALM Warehouse,12,4.47,6.99,mcw-inherit-tawny-port-750ml-01.jpg,
,WINE,WINE OTHER,17,Mcwilliam'S Rr Tawny 1.5L,MCWILLIAM'S RR TAWNY      1.5L,444877,9311769006518,CALABRIA FAMILY WINES P/L,ALM Warehouse,6,11.35,16.99,mcwilliam-s-rr-tawny-1-5l-01.jpg,
,WINE,WINE OTHER,18,Divas Vkat Blueberry 700mL,DIVAS VKAT BLUEBERRY     700ML,813393,9349658000903,DIVAS BEVERAGES AUSTRALIA,ALM Warehouse,12,9.49,13.99,divas-vkat-blueberry-700ml-01.jpg,
,WINE,WINE OTHER,19,Finbar Oleary Vel Crm Liqueur 745mL,FINBAR OLEARY VEL CRM LIQ745ML,355780,9300752840185,DE BORTOLI WINES PTY LIMI,ALM Warehouse,6,13.76,20.99,finbar-oleary-vel-crm-liqueur-745ml-01.jpg,
,WINE,WINE OTHER,20,Mcw Cream Apera 750mL,MCW CREAM APERA          750ML,513079,9311769001001,CALABRIA FAMILY WINES P/L,ALM Warehouse,12,6.02,8.99,mcw-cream-apera-750ml-01.jpg,
,WINE,WINE OTHER,21,Brown Brothers Aust Tawny 750mL,BROWN BRO AUST TAWNY     750ML,509012,0029147508873,BROWN FAMILY WINE GROUP,ALM Warehouse,6,14.04,20.99,brown-brothers-aust-tawny-750ml-01.jpg,
,WINE,WINE OTHER,22,Galway Pipe Port 750mL,GALWAY PIPE PORT         750ML,510403,9315212005691,VOK BEVERAGES - WINES,ALM Warehouse,6,26.00,38.99,galway-pipe-port-750ml-01.jpg,
,WINE,WINE OTHER,23,De Bortoli Limoncello Spz 200mL,DE BORTOLI LIMONCELLO SPZ200ML,986751,9300752052199,DE BORTOLI WINES PTY LIMI,ALM Warehouse,24,4.76,6.99,de-bortoli-limoncello-spz-200ml-01.jpg,
,WINE,WINE OTHER,24,De Bortoli Lemlime Spritz 750mL,DE BORTOLI LEMLIME SPRITZ750ML,325900,9300752052656,DE BORTOLI WINES PTY LIMI,ALM Warehouse,6,14.70,21.99,de-bortoli-lemlime-spritz-750ml-01.jpg,
,WINE,WINE OTHER,25,Stones Mac 750mL,STONES MAC               750ML,585408,9300694284344,VINTAGE HOUSE WINE & SPIR,ALM Warehouse,6,12.74,18.99,stones-mac-750ml-01.jpg,
,WINE,WINE SPARKLING WHITE,1,De Bortoli K/V Prosecco 750mL,DE BORTOLI K/V PROSECCO  750ML,450909,9300752220949,DE BORTOLI WINES PTY LIMI,ALM Warehouse,6,12.30,18.99,de-bortoli-k-v-prosecco-750ml-01.jpg,
,WINE,WINE SPARKLING WHITE,2,Brown Brothers Prosecco NV 750mL,BROWN BRO PROSECCO NV    750ML,524376,0029147360952,BROWN FAMILY WINE GROUP,ALM Warehouse,6,13.07,19.99,brown-brothers-prosecco-nv-750ml-01.jpg,
,WINE,WINE SPARKLING WHITE,3,Jacobs Ck Chardonnay Pinot 750mL,JACOBS CK CHARD PINOT    750ML,553304,9311043403309,VINARCHY AUSTRALIA,ALM Warehouse,6,7.53,11.99,jacobs-ck-chardonnay-pinot-750ml-01.jpg,
,WINE,WINE SPARKLING WHITE,4,Yellowglen Yellow Sparkling 750mL,YELLOWGLEN YELLOW SPK    750ML,567442,9300770000257,TREASURY WINE ESTATES,ALM Warehouse,6,7.17,10.99,yellowglen-yellow-sparkling-750ml-01.jpg,
,WINE,WINE SPARKLING WHITE,5,Wolf Blass Red Label Chardonnay Pnt 750mL,W/BLASS RED LBL CHD PNT  750ML,542840,9312088351006,TREASURY WINE ESTATES,ALM Warehouse,6,6.05,8.99,wolf-blass-red-label-chardonnay-pnt-750ml-01.jpg,
,WINE,WINE SPARKLING WHITE,6,Brown Brothers Prosecco 200mL,BROWN BRO PROSECCO       200ML,583273,9311124400128,BROWN FAMILY WINE GROUP,ALM Warehouse,24,4.08,5.99,brown-brothers-prosecco-200ml-01.jpg,
,WINE,WINE SPARKLING WHITE,8,Jansz Non Vintage 750mL,JANSZ NON VINTAGE        750ML,781363,9311789078601,SAMUEL SMITH & SON,ALM Warehouse,6,23.40,34.99,jansz-non-vintage-750ml-01.jpg,
,WINE,WINE SPARKLING WHITE,9,De Bortoli K/V Prosecco 200mL,DE BORTOLI K/V PROSECCO  200ML,155119,9300752221045,DE BORTOLI WINES PTY LIMI,ALM Warehouse,24,3.96,5.99,de-bortoli-k-v-prosecco-200ml-01.jpg,
,WINE,WINE SPARKLING WHITE,10,Grant Burge Pinot Chardonnay NV 750mL,G/BURGE PINOT CHARD NV   750ML,535194,9315705000004,VINARCHY AUSTRALIA,ALM Warehouse,6,16.42,24.99,grant-burge-pinot-chardonnay-nv-750ml-01.jpg,
,WINE,WINE SPARKLING WHITE,11,Yellowtail Bubbles 750mL,YELLOWTAIL BUBBLES       750ML,775396,9322214009480,CASELLA WINES PTY LTD,ALM Warehouse,12,7.35,10.99,yellowtail-bubbles-750ml-01.jpg,
,WINE,WINE SPARKLING WHITE,12,Passion Pop Original 750mL,PASSION POP ORIGINAL     750ML,541585,93363808,AUSTRALIAN VINTAGE-DOMEST,ALM Warehouse,6,5.90,8.99,passion-pop-original-750ml-01.jpg,
,WINE,WINE SPARKLING WHITE,13,Tempus Two Var Prosecco 750mL,TEMPUS TWO VAR PROSECCO 750ML,748828,9315743503543,AUSTRALIAN VINTAGE-DOMEST,ALM Warehouse,6,9.53,13.99,tempus-two-var-prosecco-750ml-01.jpg,
,WINE,WINE SPARKLING WHITE,14,Croser Non Vintage 750mL,CROSER NON VINTAGE       750ML,515018,9338979000341,VINARCHY AUSTRALIA,ALM Warehouse,6,19.31,28.99,croser-non-vintage-750ml-01.jpg,
,WINE,WINE SPARKLING WHITE,15,Grant Burge Sparkling Petite Bubble 750mL,G/BURGE SPK PETITE BUBBLE750ML,922249,9315705825324,VINARCHY AUSTRALIA,ALM Warehouse,6,10.36,15.99,grant-burge-sparkling-petite-bubble-750ml-01.jpg,
,WINE,WINE SPARKLING WHITE,16,Yellowglen Y Screw Cp NV 750mL,YELLOWGLEN Y SCREW CP NV 750ML,577646,,,,,,,yellowglen-y-screw-cp-nv-750ml-01.jpg,
,WINE,WINE SPARKLING WHITE,17,Bird In Hand Sparkling 750mL,BIRD IN HAND SPARKLING   750ML,559075,9325512000166,BOTTLE IN HAND,ALM Warehouse,6,18.21,26.99,bird-in-hand-sparkling-750ml-01.jpg,
,WINE,WINE SPARKLING WHITE,18,Morgans Bay Reserve Spkg Cuvée 750mL,MORGANS BAY RES SPKG CUV 750ML,522633,9311220001915,TREASURY WINE ESTATES,ALM Warehouse,6,6.34,9.99,morgans-bay-reserve-spkg-cuv-e-750ml-01.jpg,
,WINE,WINE SPARKLING WHITE,19,Yellowglen Yellow Lt 65NV 750mL,YELLOWGLEN YELLOW LT 65NV750ML,574842,9300770002725,TREASURY WINE ESTATES,ALM Warehouse,6,7.17,10.99,yellowglen-yellow-lt-65nv-750ml-01.jpg,
,WINE,WINE SPARKLING WHITE,20,Grant Burge Prosecco NV 750mL,G/BURGE PROSECCO NV      750ML,395748,9315705874865,VINARCHY AUSTRALIA,ALM Warehouse,6,11.96,17.99,grant-burge-prosecco-nv-750ml-01.jpg,
,WINE,WINE SPARKLING WHITE,21,De Bortoli S/Hil Brut 750mL,DE BORTOLI S/HIL BRUT    750ML,507484,9300752020228,DE BORTOLI WINES PTY LIMI,ALM Warehouse,6,5.29,7.99,de-bortoli-s-hil-brut-750ml-01.jpg,
,WINE,WINE SPARKLING WHITE,22,Oyster Bay Cuvée Brut Sparkling 750mL,OYSTER BAY CUV BRUT SPRK 750ML,512492,9415549811610,DELEGAT AUSTRALIA PTY LTD,ALM Warehouse,6,17.02,24.99,oyster-bay-cuv-e-brut-sparkling-750ml-01.jpg,
,WINE,WINE SPARKLING WHITE,23,Yarra Burn Prosecco 750mL,YARRA BURN PROSECCO      750ML,930438,9311043840555,VINARCHY AUSTRALIA,ALM Warehouse,6,9.28,13.99,yarra-burn-prosecco-750ml-01.jpg,
,WINE,WINE SPARKLING WHITE,25,True Illusion Prosecco 750mL,TRUE ILLUSION PROSECCO   750ML,986269,,,,,,,true-illusion-prosecco-750ml-01.jpg,
,SPIRITS,BOURBON,1,Jim Beam White Lbl Bourbon 37% 1L,JIM BEAM WHITE LBL BRBN 37% 1L,802083,5010278101311,,core-extract,6.0,59.01,86.99,jim-beam-white-lbl-bourbon-37-1l-01.jpg,
,SPIRITS,BOURBON,2,Jack Daniel's Black Label 1L,J/DANIEL BLACK LABEL        1L,561145,0082184045367,,core-extract,6.0,74.15,108.99,jack-daniel-s-black-label-1l-01.jpg,
,SPIRITS,BOURBON,3,Jack Daniel's Black Label 700mL,J/DANIEL BLACK LABEL     700ML,568595,0082184045954,,core-extract,12.0,52.14,76.99,jack-daniel-s-black-label-700ml-01.jpg,
,SPIRITS,BOURBON,4,Jim Beam White Lbl 37% 700mL,JIM BEAM WHITE LBL 37%   700ML,718446,5010278101335,,core-extract,12.0,43.62,63.99,jim-beam-white-lbl-37-700ml-01.jpg,
,SPIRITS,BOURBON,6,Wild Turkey 81 Proof 40.5% 1L,WILD TURKEY 81 PROOF 40.5%  1L,653201,9343496003508,,core-extract,6.0,65.06,95.99,wild-turkey-81-proof-40-5-1l-01.jpg,
,SPIRITS,BOURBON,7,Jack Daniel's Gentleman Jack 700mL,J/DANIEL GENTLEMAN JACK  700ML,548121,0082184038758,,core-extract,6.0,61.51,90.99,jack-daniel-s-gentleman-jack-700ml-01.jpg,
,SPIRITS,BOURBON,8,Wild Turkey 81PROOF 40.5% 700mL,WILD TURKEY 81PROOF 40.5%700ML,659728,9343496003492,,core-extract,12.0,49.89,73.99,wild-turkey-81proof-40-5-700ml-01.jpg,
,SPIRITS,BOURBON,10,Jim Beam Whitelabel6P37% 1125mL,JIM BEAM WHITELABEL6P37%1125ML,529046,5010278101304,,core-extract,6.0,72.52,106.99,jim-beam-whitelabel6p37-1125ml-01.jpg,
,SPIRITS,BOURBON,11,Jim Beam White Lbl 37%MINS 50mL,JIM BEAM WHITE LBL 37%MINS50ML,593639,93481656,,core-extract,10.0,4.48,6.99,jim-beam-white-lbl-37-mins-50ml-01.jpg,
,SPIRITS,BOURBON,12,Woodford Reserve Bourbon 700mL,WOODFORD RES BOURBON     700ML,798695,5099873007617,,core-extract,6.0,65.30,95.99,woodford-reserve-bourbon-700ml-01.jpg,
,SPIRITS,BOURBON,13,Wild Turkey 101 Proof 700mL,WILD TURKEY 101 PROOF    700ML,782199,0721059777001,,core-extract,6.0,61.44,90.99,wild-turkey-101-proof-700ml-01.jpg,
,SPIRITS,BOURBON,14,Makers Mark Bourbon 1L,MAKERS MARK BOURBON         1L,770951,0085246500545,,core-extract,6.0,71.73,105.99,makers-mark-bourbon-1l-01.jpg,
,SPIRITS,BOURBON,15,Jim Beam White Lbl Pet 375mL,JIM BEAM WHITE LBL PET   375ML,549350,05493500,,core-extract,24.0,23.89,35.99,jim-beam-white-lbl-pet-375ml-01.jpg,
,SPIRITS,BOURBON,16,Cougar Bourbon 700mL,COUGAR BOURBON           700ML,585953,9300776006437,,core-extract,12.0,41.23,60.99,cougar-bourbon-700ml-01.jpg,
,SPIRITS,BOURBON,17,Jack Daniel's Black Label Miniatures 50mL,J/DANIEL BLACK LABEL MINS 50ML,593760,0082184746295,,core-extract,10.0,6.43,9.99,jack-daniel-s-black-label-miniatures-50ml-01.jpg,
,SPIRITS,BOURBON,18,Old No15 Bourbon 700mL,OLD NO15 BOURBON         700ML,823995,9323594000364,,core-extract,12.0,42.08,61.99,old-no15-bourbon-700ml-01.jpg,
,SPIRITS,BOURBON,20,Benchmark Bourbon 700mL,BENCHMARK BOURBON 700ML,66726,1210000101730,,core-extract,12.0,42.00,61.99,benchmark-bourbon-700ml-01.jpg,
,SPIRITS,BOURBON,21,Bulleit Bourbon 45% 700mL,BULLEIT BOURBON 45%      700ML,929372,0082000790570,,core-extract,6.0,51.77,75.99,bulleit-bourbon-45-700ml-01.jpg,
,SPIRITS,BOURBON,22,Jack Daniel's Black Label 200mL,J/DANIEL BLACK LABEL     200ML,561666,0082184004579,,core-extract,24.0,16.93,24.99,jack-daniel-s-black-label-200ml-01.jpg,
,SPIRITS,BOURBON,23,Jack Daniel's Tennessee 1.136L,J/DANIEL TENNESSEE      1.136L,493672,0082184090398,,core-extract,6.0,85.28,125.99,jack-daniel-s-tennessee-1-136l-01.jpg,
,SPIRITS,BOURBON,24,Jack Daniel's Black Label 350mL,J/DANIEL BLACK LABEL     350ML,580288,0082184046135,,core-extract,12.0,29.57,43.99,jack-daniel-s-black-label-350ml-01.jpg,
,SPIRITS,GIN,1,Gordons Gin 1L,GORDONS GIN                 1L,534274,9310495067664,,core-extract,6.0,63.03,92.99,gordons-gin-1l-01.jpg,
,SPIRITS,GIN,5,Gordons Pink 37% 700mL,GORDONS PINK 37%         700ML,526454,9310495088195,,core-extract,6.0,48.12,70.99,gordons-pink-37-700ml-01.jpg,
,SPIRITS,GIN,7,Bombay Sapphire Gin N 700mL,BOMBAY SAPPHIRE GIN     N700ML,368225,07881954,,core-extract,6.0,53.72,78.99,bombay-sapphire-gin-n-700ml-01.jpg,
,SPIRITS,GIN,9,Bombay Sapphire Gin 700mL,BOMBAY SAPPHIRE GIN      700ML,788195,,,,,,,bombay-sapphire-gin-700ml-01.jpg,
,SPIRITS,GIN,10,Vickers Gin 700mL,VICKERS GIN              700ML,503537,9310495051380,,core-extract,12.0,39.22,57.99,vickers-gin-700ml-01.jpg,
,SPIRITS,GIN,11,Tanqueray Gin 1L,TANQUERAY GIN               1L,583618,9310495082827,,core-extract,6.0,71.13,104.99,tanqueray-gin-1l-01.jpg,
,SPIRITS,GIN,12,Bombay Gin Sapphire N 1L,BOMBAY GIN SAPPHIRE       N 1L,367782,5010677710251,,core-extract,6.0,74.50,109.99,bombay-gin-sapphire-n-1l-01.jpg,
,SPIRITS,GIN,13,Begin Gin 700mL,BEGIN GIN                700ML,527015,9323594000906,,core-extract,6.0,43.83,64.99,begin-gin-700ml-01.jpg,
,SPIRITS,GIN,14,Bombay Gin Sapphire 1L,BOMBAY GIN SAPPHIRE         1L,565814,,,,,,,bombay-gin-sapphire-1l-01.jpg,
,SPIRITS,GIN,15,Beefeater Gin 40% 1L,BEEFEATER GIN 40%           1L,550021,5000329002278,,core-extract,6.0,67.84,99.99,beefeater-gin-40-1l-01.jpg,
,SPIRITS,GIN,16,Beefeater Gin 700mL,BEEFEATER GIN            700ML,577992,5000329002193,,core-extract,6.0,45.27,66.99,beefeater-gin-700ml-01.jpg,
,SPIRITS,GIN,17,Malfy Gin Rosa 700mL,MALFY GIN ROSA           700ML,930124,5000299296066,,core-extract,6.0,55.57,81.99,malfy-gin-rosa-700ml-01.jpg,
,SPIRITS,GIN,18,Gordons Pink 37% 1L,GORDONS PINK 37% 1L,526446,9310495088218,,core-extract,6.0,68.59,100.99,gordons-pink-37-1l-01.jpg,
,SPIRITS,GIN,19,Four Pillars Shiraz Gin 700mL,FOUR PILLARS SHIRAZ GIN  700ML,890735,9349749000249,,core-extract,6.0,72.20,105.99,four-pillars-shiraz-gin-700ml-01.jpg,
,SPIRITS,GIN,20,Bulldog Gin 700mL,BULLDOG GIN              700ML,500505,0897076002010,,core-extract,6.0,49.58,72.99,bulldog-gin-700ml-01.jpg,
,SPIRITS,GIN,21,23RD St Signature Gin 700mL,23RD ST SIGNATURE GIN    700ML,708755,9332364008738,,core-extract,6.0,58.53,85.99,23rd-st-signature-gin-700ml-01.jpg,
,SPIRITS,GIN,22,Gordons Gin L/Don Dry Miniatures 50mL,GORDONS GIN L/DON DRY MINS50ML,593304,5000289020107,,core-extract,12.0,7.41,10.99,gordons-gin-l-don-dry-miniatures-50ml-01.jpg,
,SPIRITS,GIN,23,Urban Vdka Trip Distil Vdka 1L,URBAN VDKA TRIP DISTIL VDKA 1L,654930,,,,,,,urban-vdka-trip-distil-vdka-1l-01.jpg,
,SPIRITS,GIN,24,Tanqueray Gin No10 700mL,TANQUERAY GIN NO10       700ML,584321,5000291027576,,core-extract,6.0,63.07,92.99,tanqueray-gin-no10-700ml-01.jpg,
,SPIRITS,OTHER SPIRITS,1,Aperol Aperitif 700mL,APEROL APERITIF          700ML,526226,8002230000302,,core-extract,6.0,27.44,40.99,aperol-aperitif-700ml-01.jpg,
,SPIRITS,OTHER SPIRITS,2,St Agnes Vs Brandy 150mL,ST AGNES VS BRANDY       150ML,582976,93694117,,core-extract,12.0,10.46,15.99,st-agnes-vs-brandy-150ml-01.jpg,
,SPIRITS,OTHER SPIRITS,3,Campari Aperitif Nupk 700mL,CAMPARI APERITIF NUPK    700ML,549334,8000040001106,,core-extract,6.0,41.81,61.99,campari-aperitif-nupk-700ml-01.jpg,
,SPIRITS,OTHER SPIRITS,4,St Agnes Vs Brandy 700mL,ST AGNES VS BRANDY       700ML,575128,9300694000517,,core-extract,12.0,37.01,54.99,st-agnes-vs-brandy-700ml-01.jpg,
,SPIRITS,OTHER SPIRITS,5,Black Brandy 700mL,BLACK BTL BRANDY         700ML,575306,9332364012384,,core-extract,12.0,37.72,55.99,black-brandy-700ml-01.jpg,
,SPIRITS,OTHER SPIRITS,6,St Remy Brandy Vsop 37% 700mL,ST REMY BRANDY VSOP 37%  700ML,832855,3035540003928,,core-extract,6.0,44.12,64.99,st-remy-brandy-vsop-37-700ml-01.jpg,
,SPIRITS,OTHER SPIRITS,7,Ouzo 12 Nupk 700mL,OUZO 12    NUPK          700ML,543516,5201003110702,,core-extract,6.0,42.44,62.99,ouzo-12-nupk-700ml-01.jpg,
,SPIRITS,OTHER SPIRITS,8,Angostura Bitters 200mL,ANGOSTURA BITTERS        200ML,584622,0075496002005,,core-extract,24.0,21.27,31.99,angostura-bitters-200ml-01.jpg,
,SPIRITS,OTHER SPIRITS,9,Aperol Spritz Pack 700ML+ 750mL,APEROL SPRITZ PACK 700ML+750ML,615436,9343496001702,,core-extract,3.0,28.57,41.99,aperol-spritz-pack-700ml-750ml-01.jpg,
,SPIRITS,OTHER SPIRITS,10,Hennessy Vs Naked Bottle 700mL,HENNESSY VS NAKED BOTTLE 700ML,14559,3245990043300,,core-extract,6.0,66.31,97.99,hennessy-vs-naked-bottle-700ml-01.jpg,
,SPIRITS,OTHER SPIRITS,11,De Kuyper Schnap B/Scotch 700mL,DE KUYPER SCHNAP B/SCOTCH700ML,785985,8710625502309,,core-extract,6.0,43.49,63.99,de-kuyper-schnap-b-scotch-700ml-01.jpg,
,SPIRITS,OTHER SPIRITS,12,Akropolis Ouzo 6 pack 700mL,AKROPOLIS OUZO       6PK 700ML,593626,9320000030779,,core-extract,6.0,49.29,72.99,akropolis-ouzo-6-pack-700ml-01.jpg,
,SPIRITS,OTHER SPIRITS,13,Hennessy Cog Vsop 700mL,HENNESSY COG VSOP        700ML,571491,3245999484319,,core-extract,6.0,91.76,134.99,hennessy-cog-vsop-700ml-01.jpg,
,SPIRITS,OTHER SPIRITS,14,De Kuyper Schnap Peach 700mL,DE KUYPER SCHNAP PEACH   700ML,786326,8710625502255,,core-extract,6.0,43.50,63.99,de-kuyper-schnap-peach-700ml-01.jpg,
,SPIRITS,OTHER SPIRITS,15,Barbaresso Oyzo 700mL,BARBARESSO OYZO          700ML,585814,9300612230354,,core-extract,6.0,48.58,71.99,barbaresso-oyzo-700ml-01.jpg,
,SPIRITS,OTHER SPIRITS,16,Martell Blue Swift 700mL,MARTELL BLUE SWIFT       700ML,259727,3219820006070,,core-extract,6.0,97.51,143.99,martell-blue-swift-700ml-01.jpg,
,SPIRITS,OTHER SPIRITS,17,Angostura Bitters 473mL,ANGOSTURA BITTERS        473ML,530678,0075496001602,,core-extract,12.0,46.05,67.99,angostura-bitters-473ml-01.jpg,
,SPIRITS,OTHER SPIRITS,18,Convict Aromatic Bitters 250mL,CONVICT AROMATIC BITTERS 250ML,234887,9369998052745,,core-extract,12.0,15.74,23.99,convict-aromatic-bitters-250ml-01.jpg,
,SPIRITS,OTHER SPIRITS,19,St Agnes Vs Brandy 375mL,ST AGNES VS BRANDY       375ML,558223,9300694000531,,core-extract,12.0,22.71,33.99,st-agnes-vs-brandy-375ml-01.jpg,
,SPIRITS,OTHER SPIRITS,20,Soho Lychee Flav Spirit 700mL,SOHO LYCHEE FLAV SPIRIT  700ML,543074,3047100057159,,core-extract,6.0,34.39,50.99,soho-lychee-flav-spirit-700ml-01.jpg,
,SPIRITS,OTHER SPIRITS,21,Chat Tanunda Brandy 700mL,CHAT TANUNDA BRANDY      700ML,573980,9314239000405,,core-extract,6.0,46.07,67.99,chat-tanunda-brandy-700ml-01.jpg,
,SPIRITS,OTHER SPIRITS,22,Chatelle Nap Brndy Vsop 700mL,CHATELLE NAP BRNDY VSOP  700ML,571190,9310815671007,,core-extract,6.0,52.95,77.99,chatelle-nap-brndy-vsop-700ml-01.jpg,
,SPIRITS,OTHER SPIRITS,23,Pernod 700mL,PERNOD                   700ML,581218,3047100090316,,core-extract,6.0,47.43,69.99,pernod-700ml-01.jpg,
,SPIRITS,OTHER SPIRITS,24,Rodell Napoleon Brandy 40% 1L,RODELL NAPOLEON BRANDY 40% 1L,261114,5414145035370,,core-extract,6.0,56.16,82.99,rodell-napoleon-brandy-40-1l-01.jpg,
,SPIRITS,OTHER SPIRITS,25,St Agnes Vsop 5YO 700mL,ST AGNES VSOP 5YO        700ML,553281,9300694000715,,core-extract,6.0,43.79,64.99,st-agnes-vsop-5yo-700ml-01.jpg,
,SPIRITS,OTHER SPIRITS ALL KEGS,1,Worksmith Grfruit Marg Keg 30L,WORKSMITH GRFRUIT MARG KEG 30L,653861,,,,,,,worksmith-grfruit-marg-keg-30l-01.jpg,
,SPIRITS,RUM DARK,1,Bundy Rum Up 1L,BUNDY RUM UP                1L,656322,9311866008705,,core-extract,6.0,63.02,92.99,bundy-rum-up-1l-01.jpg,
,SPIRITS,RUM DARK,2,Bundy Rum Up 700mL,BUNDY RUM UP             700ML,523587,9311866005049,,core-extract,12.0,44.13,64.99,bundy-rum-up-700ml-01.jpg,
,SPIRITS,RUM DARK,3,Kraken Black Spiced Rum 700mL,KRAKEN BLACK SPICED RUM  700ML,558430,0811538013055,,core-extract,6.0,56.04,82.99,kraken-black-spiced-rum-700ml-01.jpg,
,SPIRITS,RUM DARK,4,Bundy Rum Up 1125mL,BUNDY RUM UP            1125ML,527727,9311866005032,,core-extract,12.0,72.55,106.99,bundy-rum-up-1125ml-01.jpg,
,SPIRITS,RUM DARK,5,Bundy Rum Red 1L,BUNDY RUM RED               1L,526514,9311866009856,,core-extract,6.0,63.03,92.99,bundy-rum-red-1l-01.jpg,
,SPIRITS,RUM DARK,6,Bundy Bourb Campfire Rum 700mL,BUNDY BOURB CAMPFIRE RUM 700ML,392800,9310495089741,,core-extract,6.0,47.65,69.99,bundy-bourb-campfire-rum-700ml-01.jpg,
,SPIRITS,RUM DARK,7,Bundy Mdc Sml Batch 40% 700mL,BUNDY MDC SML BATCH 40%  700ML,94813,9310495079056,,core-extract,6.0,63.90,93.99,bundy-mdc-sml-batch-40-700ml-01.jpg,
,SPIRITS,RUM DARK,8,Kraken Black Spiced Rum 1L,KRAKEN BLACK SPICED RUM     1L,287377,0811538018753,,core-extract,6.0,83.80,122.99,kraken-black-spiced-rum-1l-01.jpg,
,SPIRITS,RUM DARK,9,Bundy Rum Red 700mL,BUNDY RUM RED            700ML,659744,9311866008798,,core-extract,12.0,43.94,64.99,bundy-rum-red-700ml-01.jpg,
,SPIRITS,RUM DARK,10,Bundy Drop Bear Sp P/App 700mL,BUNDY DROP BEAR SP P/APP 700ML,405491,9310495092406,,core-extract,6.0,42.64,62.99,bundy-drop-bear-sp-p-app-700ml-01.jpg,
,SPIRITS,RUM DARK,11,Bundy Rum Xf Bourbonbarl 700mL,BUNDY RUM XF BOURBONBARL 700ML,214722,9310495091249,,core-extract,6.0,51.74,75.99,bundy-rum-xf-bourbonbarl-700ml-01.jpg,
,SPIRITS,RUM DARK,12,Bundy Select Vat 700mL,BUNDY SELECT VAT         700ML,558561,9310495075898,,core-extract,6.0,51.74,75.99,bundy-select-vat-700ml-01.jpg,
,SPIRITS,RUM DARK,13,Bundy Rum Up Pet Miniatures 50mL,BUNDY RUM UP PET MINS     50ML,593998,9311866005094,,core-extract,12.0,6.65,9.99,bundy-rum-up-pet-miniatures-50ml-01.jpg,
,SPIRITS,RUM DARK,14,Mount Gay Eclipse Rum 700mL,MOUNT GAY ECLIPSE RUM    700ML,599897,9501007122500,,core-extract,6.0,52.18,76.99,mount-gay-eclipse-rum-700ml-01.jpg,
,SPIRITS,RUM DARK,15,Bundy Drop Bear Sp P/A Min 50mL,BUNDY DROP BEAR SP P/A MIN50ML,437223,9310495092420,,core-extract,12.0,6.84,10.99,bundy-drop-bear-sp-p-a-min-50ml-01.jpg,
,SPIRITS,RUM DARK,16,Bundy Rum Op 700mL,BUNDY RUM OP             700ML,997736,9311866005070,,core-extract,6.0,67.82,99.99,bundy-rum-op-700ml-01.jpg,
,SPIRITS,RUM DARK,17,Ratu Signature Rum 8YO 700mL,RATU SIGNATURE RUM  8YO 700ML,855793,9421901704711,,core-extract,6.0,62.81,92.99,ratu-signature-rum-8yo-700ml-01.jpg,
,SPIRITS,RUM DARK,18,Bumbu Original Rum 700mL,BUMBU ORIGINAL RUM       700ML,454495,0813497006215,,core-extract,6.0,69.70,102.99,bumbu-original-rum-700ml-01.jpg,
,SPIRITS,RUM DARK,19,Bundy Mango Sunny Rum37% 700mL,BUNDY MANGO SUNNY RUM37% 700ML,281729,,,,,,,bundy-mango-sunny-rum37-700ml-01.jpg,
,SPIRITS,RUM DARK,20,Capt Morgan Blk Spiced 700mL,CAPT MORGAN BLK SPICED   700ML,885701,5000281033273,,core-extract,6.0,55.13,80.99,capt-morgan-blk-spiced-700ml-01.jpg,
,SPIRITS,RUM DARK,22,Kraken Blk Cherry Vanilla 700mL,KRAKEN BLK CHERRY VANILLA700ML,650716,0818844028513,,core-extract,6.0,56.04,82.99,kraken-blk-cherry-vanilla-700ml-01.jpg,
,SPIRITS,RUM DARK,23,Bundy Rum Up Pet 375mL,BUNDY RUM UP PET         375ML,596695,9311866005056,,core-extract,12.0,24.81,36.99,bundy-rum-up-pet-375ml-01.jpg,
,SPIRITS,RUM DARK,24,Kraken R/Coffee Spicedrum 700mL,KRAKEN R/COFFEE SPICEDRUM700ML,132425,0818844025819,,core-extract,6.0,56.04,82.99,kraken-r-coffee-spicedrum-700ml-01.jpg,
,SPIRITS,RUM DARK,25,Bacardi Spiced Rum N 700mL,BACARDI SPICED RUM      N700ML,367708,7610113007518,,core-extract,6.0,44.77,65.99,bacardi-spiced-rum-n-700ml-01.jpg,
,SPIRITS,RUM GOLD,1,Capt Morgan Spiced Gold 1L,CAPT MORGAN SPICED GOLD     1L,417448,5000281039558,,core-extract,6.0,62.98,92.99,capt-morgan-spiced-gold-1l-01.jpg,
,SPIRITS,RUM GOLD,2,Capt Morgan Spice Gld Au 700mL,CAPT MORGAN SPICE GLD AU 700ML,363369,5000281037011,,core-extract,6.0,45.12,66.99,capt-morgan-spice-gld-au-700ml-01.jpg,
,SPIRITS,RUM GOLD,3,Sailor Jerry Spiced Rum 700mL,SAILOR JERRY SPICED RUM  700ML,563511,5010327405223,,core-extract,6.0,46.61,68.99,sailor-jerry-spiced-rum-700ml-01.jpg,
,SPIRITS,RUM GOLD,4,Sailor Jerry Spicd Rum 1L,SAILOR JERRY SPICD RUM      1L,551166,5010327453019,,core-extract,6.0,61.49,90.99,sailor-jerry-spicd-rum-1l-01.jpg,
,SPIRITS,RUM GOLD,5,Bacardi Spiced Rum 700mL,BACARDI SPICED RUM       700ML,963350,,,,,,,bacardi-spiced-rum-700ml-01.jpg,
,SPIRITS,RUM GOLD,6,Shipmaster Gold Ub 1L,SHIPMASTER GOLD UB          1L,906497,,,,,,,shipmaster-gold-ub-1l-01.jpg,
,SPIRITS,RUM GOLD,7,Ratu Spiced Rum 5YO 700mL,RATU SPICED RUM 5YO      700ML,846320,9421901704209,,core-extract,6.0,62.81,92.99,ratu-spiced-rum-5yo-700ml-01.jpg,
,SPIRITS,RUM GOLD,8,Kraken Spiced Rum 50mL,KRAKEN SPICED RUM         50ML,612747,0811538013673,,core-extract,15.0,8.93,13.99,kraken-spiced-rum-50ml-01.jpg,
,SPIRITS,RUM GOLD,9,Bati Spiced Rum 2YO 37.5 700mL,BATI SPICED RUM 2YO 37.5 700ML,846299,9421901704698,,core-extract,6.0,48.03,70.99,bati-spiced-rum-2yo-37-5-700ml-01.jpg,
,SPIRITS,RUM GOLD,10,Capt Morgan Trop M&Pine 700mL,CAPT MORGAN TROP M&PINE  700ML,227246,,,,,,,capt-morgan-trop-m-pine-700ml-01.jpg,
,SPIRITS,RUM GOLD,11,Beenleigh Spiced Rum 700mL,BEENLEIGH SPICED RUM     700ML,904584,9332364009148,,core-extract,6.0,50.51,74.99,beenleigh-spiced-rum-700ml-01.jpg,
,SPIRITS,RUM GOLD,12,Rusty Barrel Gold Rum 700mL,RUSTY BARREL GOLD RUM    700ML,825293,9350321000427,,core-extract,6.0,61.49,90.99,rusty-barrel-gold-rum-700ml-01.jpg,
,SPIRITS,RUM GOLD,13,Havana Club Anejo Es37.5% 700mL,HAVANA CLUB ANEJO ES37.5%700ML,144561,8501110086196,,core-extract,6.0,53.92,79.99,havana-club-anejo-es37-5-700ml-01.jpg,
,SPIRITS,RUM GOLD,14,Capt Morgan Trop C&W/Mel 700mL,CAPT MORGAN TROP C&W/MEL 700ML,545995,,,,,,,capt-morgan-trop-c-w-mel-700ml-01.jpg,
,SPIRITS,RUM GOLD,15,Casa Spirits Spiced Rum 700mL,CASA SPIRITS SPICED RUM  700ML,653882,,,,,,,casa-spirits-spiced-rum-700ml-01.jpg,
,SPIRITS,RUM GOLD,16,Rusty Barrel Rum Gp Gt 700mL,RUSTY BARREL RUM GP GT   700ML,982448,9350321000632,,core-extract,3.0,101.97,149.99,rusty-barrel-rum-gp-gt-700ml-01.jpg,
,SPIRITS,RUM GOLD,17,Bacardi Ocho 700mL,BACARDI OCHO             700ML,524826,,,,,,,bacardi-ocho-700ml-01.jpg,
,SPIRITS,RUM GOLD,18,Havana Club Especial 37.5% 1L,HAVANA CLUB ESPECIAL 37.5%  1L,338982,8501110086219,,core-extract,6.0,70.74,103.99,havana-club-especial-37-5-1l-01.jpg,
,SPIRITS,RUM GOLD,19,Rusty Barrel Gold Rum 200mL,RUSTY BARREL GOLD RUM    200ML,336655,9350321000564,,core-extract,12.0,21.53,31.99,rusty-barrel-gold-rum-200ml-01.jpg,
,SPIRITS,RUM GOLD,20,Havana Club Spiced Rum 700mL,HAVANA CLUB SPICED RUM 700ML,287872,,,,,,,havana-club-spiced-rum-700ml-01.jpg,
,SPIRITS,RUM GOLD,21,Illegal Tender Spiced 700mL,ILLEGAL TENDER SPICED    700ML,395777,,,,,,,illegal-tender-spiced-700ml-01.jpg,
,SPIRITS,RUM GOLD,22,Burdekin Rum Premium Arum 700mL,BURDEKIN RUM PREM ARUM   700ML,365887,,,,,,,burdekin-rum-premium-arum-700ml-01.jpg,
,SPIRITS,RUM GOLD,23,Reeftip Spiced Rum 700mL,REEFTIP SPICED RUM       700ML,452105,,,,,,,reeftip-spiced-rum-700ml-01.jpg,
,SPIRITS,RUM GOLD,24,Bacardi Rum Spiced 35% New 1L,BACARDI RUM SPICED 35% NEW  1L,139524,,,,,,,bacardi-rum-spiced-35-new-1l-01.jpg,
,SPIRITS,RUM GOLD,25,Bacardi Carta Oro Gold 1L,BACARDI CARTA ORO GOLD BTL  1L,848050,,,,,,,bacardi-carta-oro-gold-1l-01.jpg,
,SPIRITS,RUM WHITE,1,Bacardi Carta Blanca N 1L,BACARDI CARTA BLANCA       N1L,367517,5010677015806,,core-extract,6.0,72.28,106.99,bacardi-carta-blanca-n-1l-01.jpg,
,SPIRITS,RUM WHITE,3,Bacardi Carta Blanca 1L,BACARDI CARTA BLANCA        1L,788292,,,,,,,bacardi-carta-blanca-1l-01.jpg,
,SPIRITS,RUM WHITE,4,Bacardi Carta Blanca 700mL,BACARDI CARTA BLANCA     700ML,566137,,,,,,,bacardi-carta-blanca-700ml-01.jpg,
,SPIRITS,RUM WHITE,5,Bundaberg Silver Rum 37% 700mL,BUNDABERG SILVER RUM 37% 700ML,260210,9310495091140,,core-extract,6.0,46.16,67.99,bundaberg-silver-rum-37-700ml-01.jpg,
,SPIRITS,RUM WHITE,6,Malibu Coconut Rum 700mL,MALIBU COCONUT RUM       700ML,501239,8410024710601,,core-extract,6.0,33.59,49.99,malibu-coconut-rum-700ml-01.jpg,
,SPIRITS,RUM WHITE,7,Havana Club Anos3Yo 37.5% 700mL,HAVANA CLUB ANOS3YO 37.5%700ML,234905,8501110088831,,core-extract,6.0,45.97,67.99,havana-club-anos3yo-37-5-700ml-01.jpg,
,SPIRITS,RUM WHITE,8,Beenleigh Rum Wht 37.5% 700mL,BEENLEIGH RUM WHT 37.5%  700ML,578155,9332364002491,,core-extract,6.0,44.53,65.99,beenleigh-rum-wht-37-5-700ml-01.jpg,
,SPIRITS,RUM WHITE,9,Bacardi Rum 1L,BACARDI RUM                 1L,977838,,,,,,,bacardi-rum-1l-01.jpg,
,SPIRITS,RUM WHITE,10,Casa Spirits White Rum 700mL,CASA SPIRITS WHITE RUM   700ML,653895,9356572000773,,core-extract,6.0,39.98,58.99,casa-spirits-white-rum-700ml-01.jpg,
,SPIRITS,RUM WHITE,11,Shipmaster Silver Ub 1L,SHIPMASTER SILVER UB        1L,906879,,,,,,,shipmaster-silver-ub-1l-01.jpg,
,SPIRITS,RUM WHITE,12,Bacardi Coconut 27% N 700mL,BACARDI COCONUT 27%     N700ML,367520,7610113028100,,core-extract,6.0,44.77,65.99,bacardi-coconut-27-n-700ml-01.jpg,
,SPIRITS,RUM WHITE,13,Malibu Coconut Rum 1L,MALIBU COCONUT RUM          1L,501205,8410024710618,,core-extract,6.0,45.72,67.99,malibu-coconut-rum-1l-01.jpg,
,SPIRITS,RUM WHITE,14,Bati White Rum 2YO 37.5% 700mL,BATI WHITE RUM 2YO 37.5% 700ML,672006,9421901704674,,core-extract,6.0,48.03,70.99,bati-white-rum-2yo-37-5-700ml-01.jpg,
,SPIRITS,RUM WHITE,15,Havana Club Anos 3YO 37.5% 1L,HAVANA CLUB ANOS 3YO 37.5%  1L,344666,,,,,,,havana-club-anos-3yo-37-5-1l-01.jpg,
,SPIRITS,RUM WHITE,16,Bacardi Coconut 27% 700mL,BACARDI COCONUT 27%      700ML,865719,,,,,,,bacardi-coconut-27-700ml-01.jpg,
,SPIRITS,RUM WHITE,17,Havana Club Anos 7YO 700mL,HAVANA CLUB ANOS 7YO    700ML,855764,8501110080439,,core-extract,6.0,57.94,84.99,havana-club-anos-7yo-700ml-01.jpg,
,SPIRITS,RUM WHITE,18,Angostura Reserva Rum 700mL,ANGOSTURA RESERVA RUM    700ML,558422,0075496332201,,core-extract,6.0,53.50,78.99,angostura-reserva-rum-700ml-01.jpg,
,SPIRITS,RUM WHITE,19,Bundy Sml/B Silvr Reserve Wht 700mL,BUNDY SML/B SILVR RES WHT700ML,922760,,,,,,,bundy-sml-b-silvr-reserve-wht-700ml-01.jpg,
,SPIRITS,RUM WHITE,20,Bacardi Ocho N 700mL,BACARDI OCHO            N700ML,367554,7610113001516,,core-extract,6.0,61.79,90.99,bacardi-ocho-n-700ml-01.jpg,
,SPIRITS,RUM WHITE,21,Bundaberg Hamilton Whtrum 700mL,BUNDABERG HAMILTON WHTRUM700ML,307821,,,,,,,bundaberg-hamilton-whtrum-700ml-01.jpg,
,SPIRITS,RUM WHITE,22,Lula Rum 700mL,LULA RUM                 700ML,255003,,,,,,,lula-rum-700ml-01.jpg,
,SPIRITS,RUM WHITE,23,Deadmans Fgs C/Nut Rum 700mL,DEADMANS FGS C/NUT RUM   700ML,673633,,,,,,,deadmans-fgs-c-nut-rum-700ml-01.jpg,
,SPIRITS,RUM WHITE,24,Stolen Rum White 37.5% 700mL,STOLEN RUM WHITE 37.5% 700ML,304433,9421902113000,,core-extract,6.0,46.56,68.99,stolen-rum-white-37-5-700ml-01.jpg,
,SPIRITS,RUM WHITE,25,Bacardi Reserva Ocho 40% 1L,BACARDI RESERVA OCHO 40%    1L,67366,,,,,,,bacardi-reserva-ocho-40-1l-01.jpg,
,SPIRITS,SCOTCH,1,Johnnie Walker Red Label 1L,J/WALKER RED LBL            1L,995938,5000267099026,,core-extract,6.0,62.93,92.99,johnnie-walker-red-label-1l-01.jpg,
,SPIRITS,SCOTCH,2,Chivas Regal Scotch 12YO 700mL,CHIVAS REGAL SCOTCH 12YO 700ML,557099,0080432402931,,core-extract,6.0,52.49,76.99,chivas-regal-scotch-12yo-700ml-01.jpg,
,SPIRITS,SCOTCH,3,Johnnie Walker Red Label 700mL,J/WALKER RED LBL         700ML,566666,5000267014203,,core-extract,12.0,44.82,65.99,johnnie-walker-red-label-700ml-01.jpg,
,SPIRITS,SCOTCH,4,Grants Scotch 1L,GRANTS SCOTCH               1L,774578,5010327253749,,core-extract,6.0,59.29,86.99,grants-scotch-1l-01.jpg,
,SPIRITS,SCOTCH,5,Grants Scotch 700mL,GRANTS SCOTCH            700ML,566886,5010327250007,,core-extract,12.0,43.53,63.99,grants-scotch-700ml-01.jpg,
,SPIRITS,SCOTCH,9,Black Douglas Scotch 700mL,BLACK DOUGLAS SCOTCH     700ML,555584,9300776006628,,core-extract,12.0,41.42,60.99,black-douglas-scotch-700ml-01.jpg,
,SPIRITS,SCOTCH,11,Johnnie Walker Red Label Nupk 1125mL,J/WALKER RED LBL NUPK   1125ML,584334,5000267013404,,core-extract,6.0,84.32,123.99,johnnie-walker-red-label-nupk-1125ml-01.jpg,
,SPIRITS,SCOTCH,12,Ballantines Scotch 700mL,BALLANTINES SCOTCH       700ML,555940,5010106113127,,core-extract,6.0,44.45,65.99,ballantines-scotch-700ml-01.jpg,
,SPIRITS,SCOTCH,13,Glenshiel Scotch Bis 700mL,GLENSHIEL SCOTCH BIS     700ML,647250,,,,,,,glenshiel-scotch-bis-700ml-01.jpg,
,SPIRITS,SCOTCH,14,Glenlivet Founder Reserve 700mL,GLENLIVET FOUNDER RES    700ML,353071,5000299609347,,core-extract,6.0,61.23,89.99,glenlivet-founder-reserve-700ml-01.jpg,
,SPIRITS,SCOTCH,15,Singleton Malt Master 700mL,SINGLETON MALT MASTER    700ML,813966,5000281051413,,core-extract,6.0,56.52,82.99,singleton-malt-master-700ml-01.jpg,
,SPIRITS,SCOTCH,16,Johnnie Walker Black Label 1L,J/WALKER BLACK LABEL        1L,14384,5000267189604,,core-extract,6.0,72.49,106.99,johnnie-walker-black-label-1l-01.jpg,
,SPIRITS,SCOTCH,17,Glenlivet 12YR 700mL,GLENLIVET 12YR           700ML,993855,0080432402825,,core-extract,6.0,68.42,100.99,glenlivet-12yr-700ml-01.jpg,
,SPIRITS,SCOTCH,18,Macallan Sherry Oak 12YO 700mL,MACALLAN SHERRY OAK 12YO 700ML,718064,5010314017408,,core-extract,6.0,137.40,201.99,macallan-sherry-oak-12yo-700ml-01.jpg,
,SPIRITS,SCOTCH,19,Macallan Dbl Cask 12YO 700mL,MACALLAN DBL CASK 12YO   700ML,820620,5010314302863,,core-extract,6.0,117.73,172.99,macallan-dbl-cask-12yo-700ml-01.jpg,
,SPIRITS,SCOTCH,21,Johnnie Walker Red Label Miniatures 50mL,J/WALKER RED LBL MINS     50ML,593558,08911308,,core-extract,12.0,8.20,12.99,johnnie-walker-red-label-miniatures-50ml-01.jpg,
,SPIRITS,SCOTCH,22,Dimple Scotch 15YO 700mL,DIMPLE SCOTCH 15YO       700ML,587696,5000281003337,,core-extract,6.0,63.80,93.99,dimple-scotch-15yo-700ml-01.jpg,
,SPIRITS,SCOTCH,23,Chivas Regal Scotch 12YO 1L,CHIVAS REGAL SCOTCH 12YO    1L,583139,0080432400432,,core-extract,6.0,70.58,103.99,chivas-regal-scotch-12yo-1l-01.jpg,
,SPIRITS,SCOTCH,24,Glenshiel Scotch Whisky Bis 1L,GLENSHIEL SCOTCH WHISKY BIS 1L,643963,,,,,,,glenshiel-scotch-whisky-bis-1l-01.jpg,
,SPIRITS,SCOTCH,25,Johnnie Walker Gold Reserve 700mL,J/WALKER GOLD RESERVE    700ML,994607,5000267197692,,core-extract,6.0,86.02,126.99,johnnie-walker-gold-reserve-700ml-01.jpg,
,SPIRITS,SPIRITS KEGS,1,Smirnoff Vodka Red 37% 20L,SMIRNOFF VODKA RED 37%    20L,465991,9310495084104,,core-extract,1.0,1097.32,1609.99,smirnoff-vodka-red-37-20l-01.jpg,
,SPIRITS,SPIRITS KEGS,2,Bundy Rum Up 20L,BUNDY RUM UP               20L,568464,9311866005001,,core-extract,1.0,1146.43,1681.99,bundy-rum-up-20l-01.jpg,
,SPIRITS,SPIRITS KEGS,3,Johnnie Walker Red Label 40% 20L,J/WALKER RED LBL 40%       20L,873178,,,,,,,johnnie-walker-red-label-40-20l-01.jpg,
,SPIRITS,SPIRITS KEGS,4,Casa Vodka Keg 20L,CASA VODKA KEG             20L,245647,9356572000896,,core-extract,1.0,943.62,1383.99,casa-vodka-keg-20l-01.jpg,
,SPIRITS,SPIRITS KEGS,5,Steinbok Triple Sec Keg 20L,STEINBOK TRIPLE SEC KEG    20L,89834,9324114004015,,core-extract,1.0,745.62,1093.99,steinbok-triple-sec-keg-20l-01.jpg,
,SPIRITS,SPIRITS KEGS,6,Casa Tequila Blnco Agave Keg 20L,CASA TEQ BLNCO AGAVE KEG   20L,246355,9356572001084,,core-extract,1.0,1064.62,1561.99,casa-tequila-blnco-agave-keg-20l-01.jpg,
,SPIRITS,SPIRITS KEGS,7,Steinbok Peach Schnapps Keg 20L,STEINBOK PEACH SCHNAPPS KEG20L,89999,9324114004008,,core-extract,1.0,745.62,1093.99,steinbok-peach-schnapps-keg-20l-01.jpg,
,SPIRITS,SPIRITS KEGS,8,Casa White Rum Keg 20L,CASA WHITE RUM KEG         20L,246397,9356572002081,,core-extract,1.0,1064.62,1561.99,casa-white-rum-keg-20l-01.jpg,
,SPIRITS,SPIRITS KEGS,9,White Light Vodka 20L,WHITE LIGHT VODKA          20L,133837,,,,,,,white-light-vodka-20l-01.jpg,
,SPIRITS,SPIRITS KEGS,10,Fellow Vodka Keg 15L,FELLOW VODKA KEG           15L,301150,,,,,,,fellow-vodka-keg-15l-01.jpg,
,SPIRITS,SPIRITS KEGS,11,Casa Gin Keg 20L,CASA GIN KEG       20L,246478,9356572000902,,core-extract,1.0,943.62,1383.99,casa-gin-keg-20l-01.jpg,
,SPIRITS,SPIRITS KEGS,12,Triple G Australian Dry Gin 20L,TRIPLE G AUSTRALIAN DRY GIN20L,137336,,,,,,,triple-g-australian-dry-gin-20l-01.jpg,
,SPIRITS,SPIRITS KEGS,13,Fellow Gin Keg 15L,FELLOW GIN KEG             15L,393961,,,,,,,fellow-gin-keg-15l-01.jpg,
,SPIRITS,SPIRITS KEGS,14,Jim Beam White 37% Keg 20L,JIM BEAM WHITE 37% KEG     20L,674215,,,,,,,jim-beam-white-37-keg-20l-01.jpg,
,SPIRITS,SPIRITS KEGS,14,Arktika Vodka 20L,ARKTIKA VODKA              20L,527955,,,,,,,arktika-vodka-20l-01.jpg,
,SPIRITS,SPIRITS KEGS,14,Jim Beam White Lbl 37% Keg 20L,JIM BEAM WHITE LBL  37% KEG20L,760338,,,,,,,jim-beam-white-lbl-37-keg-20l-01.jpg,
,SPIRITS,TEQUILA,2,Espolon Tequila Blanco 700mL,ESPOLON TEQUILA BLANCO   700ML,574533,0664804000934,,core-extract,6.0,57.16,83.99,espolon-tequila-blanco-700ml-01.jpg,
,SPIRITS,TEQUILA,3,Olmeca Altos Plata 700mL,OLMECA ALTOS PLATA       700ML,97609,7501003698636,,core-extract,6.0,54.74,80.99,olmeca-altos-plata-700ml-01.jpg,
,SPIRITS,TEQUILA,5,Sierra Tequila Blanco 38% 700mL,SIERRA TEQUILA BLANCO 38%700ML,369373,,,,,,,sierra-tequila-blanco-38-700ml-01.jpg,
,SPIRITS,TEQUILA,9,Casamigos Blanco Tequila 40% 700mL,CASAMIGOS BLANCO TEQ 40% 700ML,458897,5000281058320,,core-extract,6.0,62.07,91.99,casamigos-blanco-tequila-40-700ml-01.jpg,
,SPIRITS,TEQUILA,11,Avc Margarita Batch 750mL,AVC MARGARITA BATCH      750ML,700273,,,,,,,avc-margarita-batch-750ml-01.jpg,
,SPIRITS,TEQUILA,12,Casamigos Tequila Blanco 40% 1L,CASAMIGOS TEQ BLANCO 40%    1L,234492,,,,,,,casamigos-tequila-blanco-40-1l-01.jpg,
,SPIRITS,TEQUILA,13,Patron Silver N 700mL,PATRON SILVER          N700ML,369394,0721733000739,,core-extract,6.0,76.96,112.99,patron-silver-n-700ml-01.jpg,
,SPIRITS,TEQUILA,14,Jose Cuervo Esp Reposado Tequila 1L,JOSE CUERVO ESP REPOSADO TEQ1L,586064,0082000491675,,core-extract,6.0,71.89,105.99,jose-cuervo-esp-reposado-tequila-1l-01.jpg,
,SPIRITS,TEQUILA,15,Teremana Tequilablanco40% 700mL,TEREMANA TEQUILABLANCO40%700ML,576789,7503028799114,,core-extract,6.0,67.50,99.99,teremana-tequilablanco40-700ml-01.jpg,
,SPIRITS,TEQUILA,18,Herradura Tequila Plata 700mL,HERRADURA TEQUILA PLATA  700ML,506302,7501145233375,,core-extract,6.0,85.45,125.99,herradura-tequila-plata-700ml-01.jpg,
,SPIRITS,TEQUILA,20,Casa Blanco Agave 700mL,CASA BLANCO AGAVE 700ML,653879,9356572000698,,core-extract,6.0,39.98,58.99,casa-blanco-agave-700ml-01.jpg,
,SPIRITS,TEQUILA,21,Patron Silver 700mL,PATRON SILVER            700ML,387952,,,,,,,patron-silver-700ml-01.jpg,
,SPIRITS,TEQUILA,22,Olmeca Altos Reposado 700mL,OLMECA ALTOS REPOSADO    700ML,97594,7501003698643,,core-extract,6.0,60.11,88.99,olmeca-altos-reposado-700ml-01.jpg,
,SPIRITS,TEQUILA,23,Olmeca Altos Plata 38% 1L,OLMECA ALTOS PLATA 38%      1L,288962,,,,,,,olmeca-altos-plata-38-1l-01.jpg,
,SPIRITS,TEQUILA,24,Mango Shotta Tequila 50mL,MANGO SHOTTA TEQ          50ML,502078,1210000103444,,core-extract,10.0,3.96,5.99,mango-shotta-tequila-50ml-01.jpg,
,SPIRITS,TEQUILA,25,Jose Cuervo Esp Silv Tequila 1L,JOSE CUERVO ESP SILV TEQ    1L,515432,7501035042315,,core-extract,6.0,71.89,105.99,jose-cuervo-esp-silv-tequila-1l-01.jpg,
,SPIRITS,VODKA,1,Smirnoff Vodka Red 37% 1L,SMIRNOFF VODKA RED 37%      1L,19559,9310495084081,,core-extract,6.0,60.30,88.99,smirnoff-vodka-red-37-1l-01.jpg,
,SPIRITS,VODKA,3,Smirnoff Vodka Red 37% 700mL,SMIRNOFF VODKA RED 37%   700ML,19486,9310495084067,,core-extract,12.0,43.19,63.99,smirnoff-vodka-red-37-700ml-01.jpg,
,SPIRITS,VODKA,4,Smirnoff Vodka Red 37% 1125mL,SMIRNOFF VODKA RED 37%  1125ML,19664,9310495084043,,core-extract,12.0,68.07,99.99,smirnoff-vodka-red-37-1125ml-01.jpg,
,SPIRITS,VODKA,6,Skyy Vodka 37.5% 700mL,SKYY VODKA 37.5%         700ML,570157,8000040007122,,core-extract,6.0,41.43,60.99,skyy-vodka-37-5-700ml-01.jpg,
,SPIRITS,VODKA,7,Skyy Vodka 37.5% 1L,SKYY VODKA 37.5%            1L,570149,8000040007146,,core-extract,6.0,56.48,82.99,skyy-vodka-37-5-1l-01.jpg,
,SPIRITS,VODKA,9,Absolut Vodka N 200mL,ABSOLUT VODKA N          200ML,231229,05322060,,core-extract,6.0,16.99,24.99,absolut-vodka-n-200ml-01.jpg,
,SPIRITS,VODKA,10,Fris Vodka Mini 50mL,FRIS VODKA MINI           50ML,997396,0088004047795,,core-extract,10.0,4.04,5.99,fris-vodka-mini-50ml-01.jpg,
,SPIRITS,VODKA,11,Absolut Vodka Miniatures 50mL,ABSOLUT VODKA MINS        50ML,594041,7312040017058,,core-extract,12.0,5.18,7.99,absolut-vodka-miniatures-50ml-01.jpg,
,SPIRITS,VODKA,13,Greenside Premium Tas Vodka 1L,GREENSIDE PREM TAS VODKA    1L,163858,,,,,,,greenside-premium-tas-vodka-1l-01.jpg,
,SPIRITS,VODKA,14,Smirnoff Vodka Red Miniatures,SMIRNOFF VODKA RED        MINS,593249,0082000724230,,core-extract,10.0,6.90,10.99,smirnoff-vodka-red-miniatures-01.jpg,
,SPIRITS,VODKA,16,Tovaritch Vodka 37.5% 1L,TOVARITCH VODKA 37.5%       1L,574478,,,,,,,tovaritch-vodka-37-5-1l-01.jpg,
,SPIRITS,VODKA,18,Flyka Vodka 37% 6S 700mL,FLYKA VODKA 37% 6S       700ML,439725,,,,,,,flyka-vodka-37-6s-700ml-01.jpg,
,SPIRITS,VODKA,19,Grey Goose Vodka 700mL,GREY GOOSE VODKA         700ML,818403,,,,,,,grey-goose-vodka-700ml-01.jpg,
,SPIRITS,VODKA,20,Fris Vodka 700mL,FRIS VODKA               700ML,54910,1210000101501,,core-extract,12.0,38.64,56.99,fris-vodka-700ml-01.jpg,
,SPIRITS,VODKA,21,Vodka O 37.5% 1L,VODKA O 37.5%               1L,586190,9329982019888,,core-extract,6.0,54.02,79.99,vodka-o-37-5-1l-01.jpg,
,SPIRITS,VODKA,22,Pink Dot Vodka 700mL,PINK DOT VODKA           700ML,144341,9309000902675,,core-extract,6.0,30.08,44.99,pink-dot-vodka-700ml-01.jpg,
,SPIRITS,VODKA,23,Ampersand Vodka and 37.5% 500mL,AMPERSAND VODKA & 37.5% 500ML,996031,9354479000360,,core-extract,6.0,32.89,48.99,ampersand-vodka-and-37-5-500ml-01.jpg,
,SPIRITS,VODKA,24,Greenside Tas Vodka 700mL,GREENSIDE TAS VODKA      700ML,830316,9358852002248,,core-extract,6.0,32.88,48.99,greenside-tas-vodka-700ml-01.jpg,
,SPIRITS,VODKA,25,Absolut Vodka Vanilla 700mL,ABSOLUT VODKA VANILLA    700ML,528985,7312040350100,,core-extract,6.0,46.63,68.99,absolut-vodka-vanilla-700ml-01.jpg,
,SPIRITS,WHISKEY,1,Jameson Irish Wsky 700mL,JAMESON IRISH WSKY       700ML,558299,5011007003005,,core-extract,6.0,52.65,77.99,jameson-irish-wsky-700ml-01.jpg,
,SPIRITS,WHISKEY,2,Fireball Cinn Whisky Mini 50mL,FIREBALL CINN WHISKY MINI 50ML,352884,0088004144708,,core-extract,10.0,4.04,5.99,fireball-cinn-whisky-mini-50ml-01.jpg,
,SPIRITS,WHISKEY,3,Jameson Irish Wsky 1L,JAMESON IRISH WSKY          1L,590314,5011007003227,,core-extract,6.0,69.39,101.99,jameson-irish-wsky-1l-01.jpg,
,SPIRITS,WHISKEY,4,Canadian Club Orig 37% 1L,CANADIAN CLUB ORIG 37%      1L,760472,0080686816232,,core-extract,6.0,59.01,86.99,canadian-club-orig-37-1l-01.jpg,
,SPIRITS,WHISKEY,5,Sheep Dog P/Nut But Whisk 50mL,SHEEP DOG P/NUT BUT WHISK 50ML,241583,1210000101952,,core-extract,12.0,3.90,5.99,sheep-dog-p-nut-but-whisk-50ml-01.jpg,
,SPIRITS,WHISKEY,6,Fireball Cinnamon Whisky 700mL,FIREBALL CINNAMON WHISKY 700ML,555157,0088004023492,,core-extract,6.0,45.37,66.99,fireball-cinnamon-whisky-700ml-01.jpg,
,SPIRITS,WHISKEY,7,Sheep Dog P/Butter Whisk 700mL,SHEEP DOG P/BUTTER WHISK 700ML,240977,,,,,,,sheep-dog-p-butter-whisk-700ml-01.jpg,
,SPIRITS,WHISKEY,8,Canadian Club Orig 37% 700mL,CANADIAN CLUB ORIG 37%   700ML,560929,0080686816089,,core-extract,12.0,43.61,63.99,canadian-club-orig-37-700ml-01.jpg,
,SPIRITS,WHISKEY,9,Fireball Cinn Whisky 200mL,FIREBALL CINN WHISKY     200ML,603706,,,,,,,fireball-cinn-whisky-200ml-01.jpg,
,SPIRITS,WHISKEY,10,Sheep Dog P/Nut But Whisk 200mL,SHEEP DOG P/NUT BUT WHISK200ML,241606,,,,,,,sheep-dog-p-nut-but-whisk-200ml-01.jpg,
,SPIRITS,WHISKEY,11,Southern Comfort 30% 700mL,SOUTHERN COMFORT 30%     700ML,653078,1210000100313,,core-extract,12.0,41.23,60.99,southern-comfort-30-700ml-01.jpg,
,SPIRITS,WHISKEY,12,Toki Japanese Whisky 700mL,TOKI JAPANESE WHISKY     700ML,607690,4901777303553,,core-extract,6.0,62.13,91.99,toki-japanese-whisky-700ml-01.jpg,
,SPIRITS,WHISKEY,13,Johnnie Walker Black 12YO Vap 700mL,J/WALKER BLACK 12YO VAP  700ML,282819,,,,,,,johnnie-walker-black-12yo-vap-700ml-01.jpg,
,SPIRITS,WHISKEY,15,Jameson Irish Wsky Miniatures 50mL,JAMESON IRISH WSKY MINS   50ML,596946,5011007003586,,core-extract,12.0,4.97,7.99,jameson-irish-wsky-miniatures-50ml-01.jpg,
,SPIRITS,WHISKEY,16,Jameson Irish Whiskey 6 pack 200mL,JAMESON IRISH WHISKEY6PK 200ML,230422,5011007003234,,core-extract,6.0,18.15,26.99,jameson-irish-whiskey-6-pack-200ml-01.jpg,
,SPIRITS,WHISKEY,17,Fireball Cinnamon Whisky 1L,FIREBALL CINNAMON WHISKY    1L,663413,0088004144678,,core-extract,6.0,61.19,89.99,fireball-cinnamon-whisky-1l-01.jpg,
,SPIRITS,WHISKEY,18,Southern Comfort 30% 1L,SOUTHERN COMFORT 30%        1L,652616,1210000100269,,core-extract,6.0,59.30,86.99,southern-comfort-30-1l-01.jpg,
,SPIRITS,WHISKEY,19,Bond Seven Whisky 700mL,BOND SEVEN WHISKY        700ML,557780,9323594000494,,core-extract,6.0,44.57,65.99,bond-seven-whisky-700ml-01.jpg,
,SPIRITS,WHISKEY,21,Tullamore Dew Irish Whisky 700mL,TULLAMORE DEW IRISH WHSKY700ML,754840,5011026108033,,core-extract,6.0,48.50,71.99,tullamore-dew-irish-whisky-700ml-01.jpg,
,SPIRITS,WHISKEY,22,Sheep Dog Pbj Miniatures 50mL,SHEEP DOG PBJ MINS        50ML,473211,1210000107435,,core-extract,10.0,4.05,5.99,sheep-dog-pbj-miniatures-50ml-01.jpg,
,SPIRITS,WHISKEY,23,Skrewball Pnut Btr Whisky 750mL,SKREWBALL PNUT BTR WHSKY 750ML,615622,,,,,,,skrewball-pnut-btr-whisky-750ml-01.jpg,
,SPIRITS,WHISKEY,25,Hibiki Whisky Harmony 700mL,HIBIKI WHISKY HARMONY   700ML,674715,0080686934035,,core-extract,3.0,166.66,244.99,hibiki-whisky-harmony-700ml-01.jpg,
,RTDS,RTD'S,1,Bundy Up&Cola 4.6% Cube 375mL,BUNDY UP&COLA 4.6% CUBE  375ML,552086,9310495075249,,core-extract,24.0,91.88,134.99,bundy-up-cola-4-6-cube-375ml-01.jpg,
,RTDS,RTD'S,2,Jack Daniel's and Cola 10 pack 375mL,J/DANIEL & COLA 10PK     375ML,511349,9310733301321,,core-extract,20.0,48.82,71.99,jack-daniel-s-and-cola-10-pack-375ml-01.jpg,
,RTDS,RTD'S,3,Jim Beam&Cola 4.8% Cube 375mL,JIM BEAM&COLA 4.8% CUBE  375ML,42167,9300624029472,,core-extract,24.0,89.83,131.99,jim-beam-cola-4-8-cube-375ml-01.jpg,
,RTDS,RTD'S,4,Jack Daniel's Dbl Jk&Cla 10P 375mL,J/DANIEL DBL JK&CLA 10P  375ML,432121,9310733200518,,core-extract,20.0,57.45,84.99,jack-daniel-s-dbl-jk-cla-10p-375ml-01.jpg,
,RTDS,RTD'S,5,Jim Beam and Cola Can 10 pack 375mL,JIM BEAM & COLA 10PK CAN 375ML,425145,9316417009149,,core-extract,30.0,39.12,57.99,jim-beam-and-cola-can-10-pack-375ml-01.jpg,
,RTDS,RTD'S,6,Can Club and Dry Cube Can 375mL,CAN CLUB & DRY CUBE CAN  375ML,63105,9316417009101,,core-extract,24.0,89.83,131.99,can-club-and-dry-cube-can-375ml-01.jpg,
,RTDS,RTD'S,7,Hard Rated Lem 4.5% 10 pack 375mL,HARD RATED LEM 10PK 4.5% 375ML,569494,9329982024967,,core-extract,30.0,40.33,59.99,hard-rated-lem-4-5-10-pack-375ml-01.jpg,
,RTDS,RTD'S,8,Hard Rated Original 4.5% 10 pack 375mL,HARD RATED ORG 10PK 4.5% 375ML,245668,9329982026077,,core-extract,30.0,40.33,59.99,hard-rated-original-4-5-10-pack-375ml-01.jpg,
,RTDS,RTD'S,9,Jack Daniel's and Cola Can 375mL,J/DANIEL & COLA CAN      375ML,570932,9310733001320,,core-extract,24.0,5.21,7.99,jack-daniel-s-and-cola-can-375ml-01.jpg,
,RTDS,RTD'S,10,Hard Rated Lemon 4.5% 375mL,HARD RATED LEMON 4.5%    375ML,562785,9329982024936,,core-extract,24.0,4.50,6.99,hard-rated-lemon-4-5-375ml-01.jpg,
,RTDS,RTD'S,11,Woodstock&Cola 4.8% 10 pack 375mL,WOODSTOCK&COLA 4.8% 10PK 375ML,554567,9329982013657,,core-extract,30.0,35.59,52.99,woodstock-cola-4-8-10-pack-375ml-01.jpg,
,RTDS,RTD'S,12,Suntory -196 Lemon 10 pack 330mL,SUNTORY -196 LEMON 10PK 330ML,283386,9316417007961,,core-extract,30.0,39.04,57.99,suntory-196-lemon-10-pack-330ml-01.jpg,
,RTDS,RTD'S,13,Jim Beam and Cola4.8% New 375mL,JIM BEAM & COLA4.8% NEW375ML,610839,9316417002294,,core-extract,24.0,4.23,6.99,jim-beam-and-cola4-8-new-375ml-01.jpg,
,RTDS,RTD'S,14,Jack Daniel's and Cola Cube 330mL,J/DANIEL & COLA CUBE     330ML,524928,9310733101105,,core-extract,24.0,97.56,143.99,jack-daniel-s-and-cola-cube-330ml-01.jpg,
,RTDS,RTD'S,15,Bundy Up and Cola 4.6% 10P 375mL,BUNDY UP & COLA 4.6% 10P 375ML,551608,9311866009368,,core-extract,30.0,40.19,58.99,bundy-up-and-cola-4-6-10p-375ml-01.jpg,
,RTDS,RTD'S,16,Woodstock&Cola Rsv 12% 200mL,WOODSTOCK&COLA RSV 12%   200ML,580495,9329982017471,,core-extract,24.0,5.41,7.99,woodstock-cola-rsv-12-200ml-01.jpg,
,RTDS,RTD'S,17,Hard Rated Orange 4.5% 375mL,HARD RATED ORANGE 4.5%   375ML,245545,9329982025889,,core-extract,24.0,4.50,6.99,hard-rated-orange-4-5-375ml-01.jpg,
,RTDS,RTD'S,18,Bundy Up and Cola 4.6% Can 375mL,BUNDY UP & COLA 4.6% CAN 375ML,551551,9311866009320,,core-extract,24.0,4.47,6.99,bundy-up-and-cola-4-6-can-375ml-01.jpg,
,RTDS,RTD'S,19,Bundy Op and Cola 6% 10 pack 375mL,BUNDY OP & COLA 6% 10PK  375ML,561718,9310495077366,,core-extract,30.0,44.80,65.99,bundy-op-and-cola-6-10-pack-375ml-01.jpg,
,RTDS,RTD'S,20,Wild Turkey&Cla 101 10 pack 375mL,WILD TURKEY&CLA 101 10PK 375ML,323403,9343496000682,,core-extract,30.0,49.06,71.99,wild-turkey-cla-101-10-pack-375ml-01.jpg,
,RTDS,RTD'S,21,Jim Beam&Zero 4.8% Cube 375mL,JIM BEAM&ZERO 4.8% CUBE  375ML,863270,9316417007855,,core-extract,24.0,89.83,131.99,jim-beam-zero-4-8-cube-375ml-01.jpg,
,RTDS,RTD'S,22,Can Club and Dry 4.8% 10 pack 375mL,CAN CLUB & DRY 4.8% 10PK 375ML,417278,9316417004984,,core-extract,30.0,39.12,57.99,can-club-and-dry-4-8-10-pack-375ml-01.jpg,
,RTDS,RTD'S,23,Jack Daniel's and Cola 330mL,J/DANIEL & COLA BTL      330ML,329690,9310733001283,,core-extract,24.0,5.21,7.99,jack-daniel-s-and-cola-330ml-01.jpg,
,RTDS,RTD'S,24,Hard Rated Z/S Llm10P4.5% 375mL,HARD RATED Z/S LLM10P4.5%375ML,913606,9329982025582,,core-extract,30.0,40.33,59.99,hard-rated-z-s-llm10p4-5-375ml-01.jpg,
,RTDS,RTD'S,25,Wild Turkey Rare&Cla 10 pack 375mL,WILD TURKEY RARE&CLA10PK 375ML,409759,9343496001665,,core-extract,30.0,54.42,79.99,wild-turkey-rare-cla-10-pack-375ml-01.jpg,
,RTDS,RTDS KEGS,1,Can Club and Dry Keg 49.5L,CAN CLUB & DRY KEG       49.5L,176555,9316417008999,,core-extract,1.0,616.26,903.99,can-club-and-dry-keg-49-5l-01.jpg,
,RTDS,RTDS KEGS,2,Hard Rated Lemon Keg 49.5L,HARD RATED LEMON KEG     49.5L,571501,9329982024981,,core-extract,1.0,600.90,881.99,hard-rated-lemon-keg-49-5l-01.jpg,
,RTDS,RTDS KEGS,3,Brookvale Ginger Beer 4%KEG 50L,BROOKVALE GINGER BEER 4%KEG50L,580369,,,,,,,brookvale-ginger-beer-4-keg-50l-01.jpg,
,RTDS,RTDS KEGS,4,Matsos Alc Gingr Beer Keg 49.5L,MATSOS ALC GINGR BEER KEG49.5L,724785,07247859,,core-extract,1.0,570.39,836.99,matsos-alc-gingr-beer-keg-49-5l-01.jpg,
,RTDS,RTDS KEGS,5,Hard Rated Orange 4.5%KEG 49.5L,HARD RATED ORANGE 4.5%KEG49.5L,234421,9329982025919,,core-extract,1.0,600.90,881.99,hard-rated-orange-4-5-keg-49-5l-01.jpg,
,RTDS,RTDS KEGS,6,Rita Marga Premix Drum 13.5L,RITA MARGA PREMIX DRUM   13.5L,914000,,,,,,,rita-marga-premix-drum-13-5l-01.jpg,
,RTDS,RTDS KEGS,7,Xxxx Ginger Beer Keg 49.5L,XXXX GINGER BEER KEG 49.5L,290079,,,,,,,xxxx-ginger-beer-keg-49-5l-01.jpg,
,RTDS,RTDS KEGS,8,J/Squire Lemon Squash Keg 49.5L,J/SQUIRE LEMON SQUASH KEG49.5L,204463,,,,,,,j-squire-lemon-squash-keg-49-5l-01.jpg,
,RTDS,RTDS KEGS,9,Kirin Hyoketsu Lem 4%KEG 49.5L,KIRIN HYOKETSU LEM 4%KEG 49.5L,994186,,,,,,,kirin-hyoketsu-lem-4-keg-49-5l-01.jpg,
,RTDS,RTDS KEGS,10,Matsos Vodka Lem Lme Keg 49.5L,MATSOS VODKA LEM LME KEG 49.5L,656330,06563301,,core-extract,1.0,587.44,861.99,matsos-vodka-lem-lme-keg-49-5l-01.jpg,
,RTDS,RTDS KEGS,11,Aperol Spritz Keg 50L,APEROL SPRITZ KEG          50L,612899,,,,,,,aperol-spritz-keg-50l-01.jpg,
,RTDS,RTDS KEGS,12,Great Northern G/Beer 3.5% Keg 49.5L,GRT NTH G/BEER 3.5% KEG 49.5L,289256,,,,,,,great-northern-g-beer-3-5-keg-49-5l-01.jpg,
,RTDS,RTDS KEGS,13,Matsos Vdk Pf Pinecsh Keg 49.5L,MATSOS VDK PF PINECSH KEG49.5L,472980,0001157161637,,core-extract,1.0,587.44,861.99,matsos-vdk-pf-pinecsh-keg-49-5l-01.jpg,
,RTDS,RTDS KEGS,14,Fellr Alc Soda W/Melon Keg 50L,FELLR ALC SODA W/MELON KEG 50L,561454,05614547,,core-extract,1.0,379.21,556.99,fellr-alc-soda-w-melon-keg-50l-01.jpg,
,RTDS,RTDS KEGS,15,Suntory -196 Lemon Keg 49.5L,SUNTORY -196 LEMON KEG   49.5L,416183,9316417009477,,core-extract,1.0,599.75,879.99,suntory-196-lemon-keg-49-5l-01.jpg,
,RTDS,RTDS KEGS,16,Can Club Lem Csh4.8% Keg 49.5L,CAN CLUB LEM CSH4.8% KEG 49.5L,414408,9305000580165,,core-extract,1.0,616.26,903.99,can-club-lem-csh4-8-keg-49-5l-01.jpg,
,RTDS,RTDS KEGS,17,Alehouse Ginger Beer Keg 49.5L,ALEHOUSE GINGER BEER KEG 49.5L,145805,,,,,,,alehouse-ginger-beer-keg-49-5l-01.jpg,
,RTDS,RTDS KEGS,18,J/Squire Passionfruit Keg 49.5L,J/SQUIRE PASSIONFRUIT KEG49.5L,453460,9325528008620,,core-extract,1.0,593.26,870.99,j-squire-passionfruit-keg-49-5l-01.jpg,
,RTDS,RTDS KEGS,19,Moco Espresso Marti Pmx Keg 20L,MOCO ESPRESSO MARTI PMX KEG20L,179040,,,,,,,moco-espresso-marti-pmx-keg-20l-01.jpg,
,RTDS,RTDS KEGS,20,Ampersand Vdk Rsp L/A Keg 49.5L,AMPERSAND VDK RSP L/A KEG49.5L,254701,9347937003416,,core-extract,1.0,472.16,692.99,ampersand-vdk-rsp-l-a-keg-49-5l-01.jpg,
,RTDS,RTDS KEGS,21,Barry Tropical Mango Keg 50L,BARRY TROPICAL MANGO KEG   50L,227542,,,,,,,barry-tropical-mango-keg-50l-01.jpg,
,RTDS,RTDS KEGS,22,Byron Bay Lemonsquash Keg 49.5L,BYRON BAY LEMONSQUASH KEG49.5L,419990,,,,,,,byron-bay-lemonsquash-keg-49-5l-01.jpg,
,RTDS,RTDS KEGS,23,Brookvale Lem Lim Bit Keg 49.5L,BROOKVALE LEM LIM BIT KEG49.5L,624553,,,,,,,brookvale-lem-lim-bit-keg-49-5l-01.jpg,
,RTDS,RTDS KEGS,24,Brown Snake G/Beer 4% Keg 50L,BROWN SNAKE G/BEER 4% KEG  50L,369344,,,,,,,brown-snake-g-beer-4-keg-50l-01.jpg,
,RTDS,RTDS KEGS,25,Brookvale Redpub Soda Keg 49.5L,BROOKVALE REDPUB SODA KEG49.5L,211313,,,,,,,brookvale-redpub-soda-keg-49-5l-01.jpg,
