Add? (y/n),Category,Segment,Rank TY,Product name (readable),ALM description,ALM item code,Barcode,Supplier,Stock type,Carton size,Unit cost ex GST,Retail @25% GP,Image filename,Got image? (y/n)
,WINE,MOSCATO,1,Brown Brothers Moscato 750mL,BROWN BRO MOSCATO        750ML,552578,0029147139985,BROWN FAMILY WINE GROUP,ALM Warehouse,6,11.69,17.99,brown-brothers-moscato-750ml-01.jpg,
,WINE,MOSCATO,2,Banrock Stn Moscato S/C 1L,BANROCK STN MOSCATO S/C     1L,666445,9311043766282,VINARCHY AUSTRALIA,ALM Warehouse,6,8.02,11.99,banrock-stn-moscato-s-c-1l-01.jpg,
,WINE,MOSCATO,3,Brown Brothers Moscato Rosé 750mL,BROWN BRO MOSCATO ROSE   750ML,570071,0029147139992,BROWN FAMILY WINE GROUP,ALM Warehouse,6,11.69,17.99,brown-brothers-moscato-ros-750ml-01.jpg,
,WINE,MOSCATO,5,Gossips Swtlips Moscato 750mL,GOSSIPS SWTLIPS MOSCATO  750ML,826008,9313748004591,MEDITRINA BEVERAGES PL,ALM Warehouse,6,4.80,7.99,gossips-swtlips-moscato-750ml-01.jpg,
,WINE,MOSCATO,6,Banrock Stn Moscato Pink 1L,BANROCK STN MOSCATO PINK    1L,666649,9311043766411,VINARCHY AUSTRALIA,ALM Warehouse,6,8.02,11.99,banrock-stn-moscato-pink-1l-01.jpg,
,WINE,MOSCATO,7,Brown Brothers Moscato S/Blanc 750mL,BROWN BRO MOSCATO S/BLANC750ML,580005,9311124400166,BROWN FAMILY WINE GROUP,ALM Warehouse,6,11.69,17.99,brown-brothers-moscato-s-blanc-750ml-01.jpg,
,WINE,MOSCATO,8,Tgallant Juliet Moscato 750mL,TGALLANT JULIET MOSCATO 750ML,976683,9326983003007,TREASURY WINE ESTATES,ALM Warehouse,6,11.99,17.99,tgallant-juliet-moscato-750ml-01.jpg,
,WINE,MOSCATO,9,Brown Brothers Moscato Sp 750mL,BROWN BRO MOSCATO SP     750ML,540903,0029147106901,BROWN FAMILY WINE GROUP,ALM Warehouse,6,11.69,17.99,brown-brothers-moscato-sp-750ml-01.jpg,
,WINE,MOSCATO,10,Brown Brothers Moscato Rosé Sp 750mL,BROWN BRO MOSCATO ROSE SP750ML,540908,0029147106918,BROWN FAMILY WINE GROUP,ALM Warehouse,6,11.69,17.99,brown-brothers-moscato-ros-sp-750ml-01.jpg,
,WINE,MOSCATO,11,Amberley Kiss&T Moscato 750mL,AMBERLEY KISS&T MOSCATO  750ML,533309,9316176079971,VINARCHY AUSTRALIA,ALM Warehouse,6,11.26,16.99,amberley-kiss-t-moscato-750ml-01.jpg,
,WINE,MOSCATO,12,Vivo Moscato 750mL,VIVO MOSCATO             750ML,608201,9300752371535,DE BORTOLI WINES PTY LIMI,ALM Warehouse,12,5.77,8.99,vivo-moscato-750ml-01.jpg,
,WINE,MOSCATO,13,Jacobs Ck Sparkling Moscato White 750mL,JACOBS CK SPK MOSC WHITE 750ML,505720,9311043404184,VINARCHY AUSTRALIA,ALM Warehouse,6,7.53,11.99,jacobs-ck-sparkling-moscato-white-750ml-01.jpg,
,WINE,SPARKLING CHAMPAGNE,1,Moet Chandon Brut NV 750mL,MOET CHANDON BRUT NV     750ML,535518,3185370729960,MOET HENNESSY AUSTRALIA,ALM Warehouse,6,67.94,99.99,moet-chandon-brut-nv-750ml-01.jpg,
,WINE,SPARKLING CHAMPAGNE,2,Mumm Cord Rouge NV Champ 750mL,MUMM CORD ROUGE NV CHAMP 750ML,535704,3043700103814,PERNOD RICARD AUST P/L,ALM Warehouse,6,55.46,81.99,mumm-cord-rouge-nv-champ-750ml-01.jpg,
,WINE,SPARKLING CHAMPAGNE,3,Veuve/C Yellow NV 750mL,VEUVE/C YELLOW NV        750ML,536946,3049614222245,MOET HENNESSY AUSTRALIA,ALM Warehouse,6,80.64,118.99,veuve-c-yellow-nv-750ml-01.jpg,
,WINE,SPARKLING CHAMPAGNE,4,Piper-Heidsiek NV Brut 750mL,PIPER-HEIDSIEK NV BRUT   750ML,988347,3018334100003,ALM IMPORTS.,ALM Warehouse,6,59.73,87.99,piper-heidsiek-nv-brut-750ml-01.jpg,
,WINE,SPARKLING CHAMPAGNE,5,Louis Morette Brutnvchamp 750mL,LOUIS MORETTE BRUTNVCHAMP750ML,663036,,,,,,,louis-morette-brutnvchamp-750ml-01.jpg,
,WINE,SPARKLING CHAMPAGNE,6,Piper Heidsiek Cuvée Lmg 750mL,PIPER HEIDSIEK CUV LMG   750ML,970920,,,,,,,piper-heidsiek-cuv-e-lmg-750ml-01.jpg,
,WINE,SPARKLING CHAMPAGNE,7,Pol Roger Brut Non Vintage 750mL,POL ROGER BRUT NON VINT  750ML,535437,3260923012000,SAMUEL SMITH & SON,ALM Warehouse,6,102.21,149.99,pol-roger-brut-non-vintage-750ml-01.jpg,
,WINE,SPARKLING CHAMPAGNE,8,Perrier Jouet Grand Brut 750mL,PERRIER JOUET GRAND BRUT 750ML,711397,3113880105110,PERNOD RICARD AUST P/L,ALM Warehouse,6,81.71,119.99,perrier-jouet-grand-brut-750ml-01.jpg,
,WINE,SPARKLING CHAMPAGNE,9,Mumm Cordon Rouge Nv26 Gift Box 750mL,MUMM CORDON ROUGE NV26 GB750ML,306781,,,,,,,mumm-cordon-rouge-nv26-gift-box-750ml-01.jpg,
,WINE,SPARKLING CHAMPAGNE,10,Moet Chandon Impbrut Nvgb 750mL,MOET CHANDON IMPBRUT NVGB750ML,335853,,,,,,,moet-chandon-impbrut-nvgb-750ml-01.jpg,
,WINE,SPARKLING CHAMPAGNE,11,Veuve/C NV Ice Jacket 750mL,VEUVE/C NV ICE JACKET    750ML,940035,,,,,,,veuve-c-nv-ice-jacket-750ml-01.jpg,
,WINE,SPARKLING CHAMPAGNE,12,Bernard Remy Cbbrut Champ 750mL,BERNARD REMY CBBRUT CHAMP750ML,336401,,,,,,,bernard-remy-cbbrut-champ-750ml-01.jpg,
,WINE,SPARKLING RED,1,A/Garrett NV Sparkling Shiraz 750mL,A/GARRETT NV SPK SHIRAZ  750ML,515513,9315212006834,VOK BEVERAGES - WINES,ALM Warehouse,6,11.15,16.99,a-garrett-nv-sparkling-shiraz-750ml-01.jpg,
,WINE,SPARKLING RED,3,Yellowglen Red 750mL,YELLOWGLEN RED           750ML,770786,9300770050153,TREASURY WINE ESTATES,ALM Warehouse,6,7.17,10.99,yellowglen-red-750ml-01.jpg,
,WINE,SPARKLING RED,4,De Bortoli Sangria Spritz 750mL,DE BORTOLI SANGRIA SPRITZ750ML,317368,9300752052717,DE BORTOLI WINES PTY LIMI,ALM Warehouse,6,14.70,21.99,de-bortoli-sangria-spritz-750ml-01.jpg,
,WINE,SPARKLING RED,6,Grant Burge Sparkling NV Shiraz 750mL,G/BURGE SPK NV SHIRAZ    750ML,666898,9315705000202,VINARCHY AUSTRALIA,ALM Warehouse,6,16.42,24.99,grant-burge-sparkling-nv-shiraz-750ml-01.jpg,
,WINE,SPARKLING RED,7,Bleasdale Sparkling Shiraz 750mL,BLEASDALE SPK SHIRAZ     750ML,752102,9316475001895,NEGOCIANTS AUSTRALIA,ALM Warehouse,6,18.06,26.99,bleasdale-sparkling-shiraz-750ml-01.jpg,
,WINE,SPARKLING RED,8,De Bortoli Chilbil Spzred 750mL,DE BORTOLI CHILBIL SPZRED750ML,340586,9300752051574,DE BORTOLI WINES PTY LIMI,ALM Warehouse,6,13.09,19.99,de-bortoli-chilbil-spzred-750ml-01.jpg,
,WINE,SPARKLING RED,9,De Bortoli Woodf Shiraz Cuvée 750mL,DE BORTOLI WOODF SHZ CUV 750ML,183057,9300752052335,DE BORTOLI WINES PTY LIMI,ALM Warehouse,6,13.35,19.99,de-bortoli-woodf-shiraz-cuv-e-750ml-01.jpg,
,WINE,SPARKLING RED,11,Seppelt Sparkling Shiraz 750mL,SEPPELT SPK SHIRAZ       750ML,536378,9310194102987,TREASURY WINE ESTATES,ALM Warehouse,6,19.88,29.99,seppelt-sparkling-shiraz-750ml-01.jpg,
,WINE,SPARKLING RED,12,Morris Sparkling Shiraz Durif 750mL,MORRIS SPK SHIRAZ DURIF  750ML,549038,9322214005543,OATLEY FINE WINE MERCHANT,ALM Warehouse,6,14.89,21.99,morris-sparkling-shiraz-durif-750ml-01.jpg,
,WINE,SPARKLING RED,13,Stonegate Brut Cuvee 750mL,STONEGATE BRUT CUVEE     750ML,930721,9300694001071,VINTAGE HOUSE WINE & SPIR,ALM Warehouse,12,7.70,11.99,stonegate-brut-cuvee-750ml-01.jpg,
,WINE,SPARKLING RED,14,Pepperjack Sparkling Shiraz 750mL,PEPPERJACK SPK SHIRAZ    750ML,706517,,,,,,,pepperjack-sparkling-shiraz-750ml-01.jpg,
,WINE,SPARKLING RED,15,Blue Pyrenees Sparkling Shiraz NV 750mL,BLUE PYRENEES SPK SHZ NV 750ML,56365,,BLUE PYRENEES ESTATE PTY. LTD.,ALM Connect,6,23.65,34.99,blue-pyrenees-sparkling-shiraz-nv-750ml-01.jpg,
,WINE,SPARKLING ROSE,1,Yellowglen Pink Sparkling Rosé 750mL,YELLOWGLEN PINK SPK ROSE 750ML,792225,9300770050726,TREASURY WINE ESTATES,ALM Warehouse,6,7.17,10.99,yellowglen-pink-sparkling-ros-750ml-01.jpg,
,WINE,SPARKLING ROSE,2,Yellowtail Bubbles Rosé 750mL,YELLOWTAIL BUBBLES ROSE  750ML,654663,9322214011209,CASELLA WINES PTY LTD,ALM Warehouse,12,7.35,10.99,yellowtail-bubbles-ros-750ml-01.jpg,
,WINE,SPARKLING ROSE,3,Yellowglen Pink 65 NV 750mL,YELLOWGLEN PINK 65 NV    750ML,574850,9300770002749,TREASURY WINE ESTATES,ALM Warehouse,6,7.17,10.99,yellowglen-pink-65-nv-750ml-01.jpg,
,WINE,SPARKLING ROSE,4,Jacobs Ck Sparkling Rosé 750mL,JACOBS CK SPK ROSE       750ML,588414,9311043403262,VINARCHY AUSTRALIA,ALM Warehouse,6,7.53,11.99,jacobs-ck-sparkling-ros-750ml-01.jpg,
,WINE,SPARKLING ROSE,5,Jansz Non Vintage Rosé 750mL,JANSZ NON VINTAGE ROSE   750ML,834124,9311789001104,SAMUEL SMITH & SON,ALM Warehouse,6,23.40,34.99,jansz-non-vintage-ros-750ml-01.jpg,
,WINE,SPARKLING ROSE,6,Grant Burge NV Pnc Rosé 750mL,G/BURGE NV PNC ROSE      750ML,287848,9315705852153,VINARCHY AUSTRALIA,ALM Warehouse,6,16.42,24.99,grant-burge-nv-pnc-ros-750ml-01.jpg,
,WINE,SPARKLING ROSE,7,Passion Pop Mixed Berry 750mL,PASSION POP MIXED BERRY  750ML,585830,9311471000651,AUSTRALIAN VINTAGE-DOMEST,ALM Warehouse,6,5.90,8.99,passion-pop-mixed-berry-750ml-01.jpg,
,WINE,SPARKLING ROSE,8,Grant Burge Sparkling Petite Rosé 750mL,G/BURGE SPK PETITE ROSE  750ML,284497,9315705871185,VINARCHY AUSTRALIA,ALM Warehouse,6,10.36,15.99,grant-burge-sparkling-petite-ros-750ml-01.jpg,
,WINE,SPARKLING ROSE,9,La Vieille Ferme Sparkling Rosé 750mL,LA VIEILLE FERME SPK ROSE750ML,286423,3296184020379,SAMUEL SMITH & SON,ALM Warehouse,6,19.17,28.99,la-vieille-ferme-sparkling-ros-750ml-01.jpg,
,WINE,SPARKLING ROSE,10,Oyster Bay Cuvée Rosé Sparkling 750mL,OYSTER BAY CUV ROSE SPRK 750ML,512507,9415549825617,DELEGAT AUSTRALIA PTY LTD,ALM Warehouse,6,17.02,24.99,oyster-bay-cuv-e-ros-sparkling-750ml-01.jpg,
,WINE,SPARKLING ROSE,12,Grant Burge Prosecco Rosé NV 750mL,G/BURGE PROSECCO ROSE NV 750ML,444822,9315705876067,VINARCHY AUSTRALIA,ALM Warehouse,6,11.96,17.99,grant-burge-prosecco-ros-nv-750ml-01.jpg,
,WINE,SPARKLING ROSE,14,Squealing Pig Spark Rosé 750mL,SQUEALING PIG SPARK ROSE 750ML,847805,9415305000593,TREASURY WINE ESTATES,ALM Warehouse,6,13.24,19.99,squealing-pig-spark-ros-750ml-01.jpg,
,WINE,STILL RED,1,Pepperjack Shiraz 750mL,PEPPERJACK SHIRAZ        750ML,797013,9300770003272,TREASURY WINE ESTATES,ALM Warehouse,6,16.76,24.99,pepperjack-shiraz-750ml-01.jpg,
,WINE,STILL RED,3,Hardys Vr Shiraz 1L,HARDYS VR SHIRAZ            1L,535267,9311043090479,VINARCHY AUSTRALIA,ALM Warehouse,6,6.91,10.99,hardys-vr-shiraz-1l-01.jpg,
,WINE,STILL RED,4,Taylors Est Shiraz 750mL,TAYLORS EST SHIRAZ       750ML,523862,9311659000572,TAYLORS WINES PTY LTD,ALM Warehouse,6,13.55,19.99,taylors-est-shiraz-750ml-01.jpg,
,WINE,STILL RED,5,Hardys Vr Merlot 1L,HARDYS VR MERLOT            1L,534499,9311043089008,VINARCHY AUSTRALIA,ALM Warehouse,6,6.91,10.99,hardys-vr-merlot-1l-01.jpg,
,WINE,STILL RED,6,Hardys Vr Cabernet Sauvignon 1L,HARDYS VR CAB SAUVIGNON     1L,534407,9311043090158,VINARCHY AUSTRALIA,ALM Warehouse,6,6.91,10.99,hardys-vr-cabernet-sauvignon-1l-01.jpg,
,WINE,STILL RED,7,Taylors Est Cabernet Sauvignon 750mL,TAYLORS EST CAB SAUV     750ML,523935,9311659000626,TAYLORS WINES PTY LTD,ALM Warehouse,6,13.55,19.99,taylors-est-cabernet-sauvignon-750ml-01.jpg,
,WINE,STILL RED,8,St Hallett Blk Clay Shiraz 750mL,ST HALLETT BLK CLAY SHZ 750ML,578553,9316920415338,VINARCHY AUSTRALIA,ALM Warehouse,6,10.27,15.99,st-hallett-blk-clay-shiraz-750ml-01.jpg,
,WINE,STILL RED,9,Pepperjack Barossa Cabernet Sauvignon 750mL,PEPPERJACK BAROSSA C/SAV 750ML,794219,9300770003296,TREASURY WINE ESTATES,ALM Warehouse,6,16.76,24.99,pepperjack-barossa-cabernet-sauvignon-750ml-01.jpg,
,WINE,STILL RED,11,Elephant In Room Pinot Noir 750mL,ELEPHANT IN ROOM P/NOIR  750ML,793441,9344154011507,FOURTH WAVE WINE PARTNERS,ALM Warehouse,6,10.66,15.99,elephant-in-room-pinot-noir-750ml-01.jpg,
,WINE,STILL RED,12,St Hallett Faith Shiraz 750mL,ST HALLETT FAITH SHIRAZ  750ML,521399,9316920000084,VINARCHY AUSTRALIA,ALM Warehouse,6,10.75,15.99,st-hallett-faith-shiraz-750ml-01.jpg,
,WINE,STILL RED,13,Tread Softly Pinot Noir 750mL,TREAD SOFTLY PINOT NOIR  750ML,640973,9344154013730,FOURTH WAVE WINE PARTNERS,ALM Warehouse,6,9.83,14.99,tread-softly-pinot-noir-750ml-01.jpg,
,WINE,STILL RED,15,19 Crimes Shiraz 750mL,19 CRIMES SHIRAZ         750ML,524423,9311220005005,TREASURY WINE ESTATES,ALM Warehouse,6,8.55,12.99,19-crimes-shiraz-750ml-01.jpg,
,WINE,STILL ROSE,4,Tatachilla Whit Adml Rosé 750mL,TATACHILLA WHIT ADML ROSE750ML,20542,9313048851819,VINARCHY AUSTRALIA,ALM Warehouse,6,7.34,10.99,tatachilla-whit-adml-ros-750ml-01.jpg,
,WINE,STILL ROSE,7,Jacobs Ck Lp Rosé 750mL,JACOBS CK LP ROSE        750ML,640994,9311043403484,VINARCHY AUSTRALIA,ALM Warehouse,6,9.69,14.99,jacobs-ck-lp-ros-750ml-01.jpg,
,WINE,STILL ROSE,8,Oyster Bay Rosé 750mL,OYSTER BAY ROSE          750ML,650567,9415549805602,DELEGAT AUSTRALIA PTY LTD,ALM Warehouse,6,15.42,22.99,oyster-bay-ros-750ml-01.jpg,
,WINE,STILL ROSE,9,Pepperjack Rosé 750mL,PEPPERJACK ROSE 750ML,318911,9300770005368,TREASURY WINE ESTATES,ALM Warehouse,6,16.76,24.99,pepperjack-ros-750ml-01.jpg,
,WINE,STILL ROSE,10,Hardys Vr Rosé 1L,HARDYS VR ROSE              1L,224065,9311043842160,VINARCHY AUSTRALIA,ALM Warehouse,6,6.91,10.99,hardys-vr-ros-1l-01.jpg,
,WINE,STILL ROSE,11,Bob Heartsplay Rosé 750mL,BOB HEARTSPLAY ROSE      750ML,300298,,,,,,,bob-heartsplay-ros-750ml-01.jpg,
,WINE,STILL ROSE,12,Days Of Rosé Dry Rosé 750mL,DAYS OF ROSE DRY ROSE    750ML,227194,9311043826313,VINARCHY AUSTRALIA,ALM Warehouse,6,13.32,19.99,days-of-ros-dry-ros-750ml-01.jpg,
,WINE,STILL ROSE,13,Chemin Des Sables Rosé 750mL,CHEMIN DES SABLES ROSE   750ML,347402,,,,,,,chemin-des-sables-ros-750ml-01.jpg,
,WINE,STILL ROSE,14,Bone Dry Rosé 750mL,BONE DRY ROSE           750ML,218873,9352694003210,DEM BONES WINES PTY,ALM Warehouse,6,9.99,14.99,bone-dry-ros-750ml-01.jpg,
,WINE,STILL ROSE,15,Taylors Est Rosé 750mL,TAYLORS EST ROSE         750ML,707563,9311659001531,TAYLORS WINES PTY LTD,ALM Warehouse,6,13.55,19.99,taylors-est-ros-750ml-01.jpg,
,WINE,STILL ROSE,16,Bone Dry Rosé 750mL,BONE DRY ROSE            750ML,207084,,,,,,,bone-dry-ros-750ml-01.jpg,
,WINE,STILL ROSE,17,Mud House Core Rosé 750mL,MUD HOUSE CORE ROSE      750ML,146940,9421018071553,VINARCHY AUSTRALIA,ALM Warehouse,6,11.74,17.99,mud-house-core-ros-750ml-01.jpg,
,WINE,STILL WHITE,1,Oyster Bay Sauvignon Blanc 750mL,OYSTER BAY SAUV BLANC    750ML,797592,9415549802601,DELEGAT AUSTRALIA PTY LTD,ALM Warehouse,6,15.42,22.99,oyster-bay-sauvignon-blanc-750ml-01.jpg,
,WINE,STILL WHITE,2,Hardys Vr Sauvignon Blanc 1L,HARDYS VR SAUV BLANC        1L,539224,9311043090486,VINARCHY AUSTRALIA,ALM Warehouse,6,6.91,10.99,hardys-vr-sauvignon-blanc-1l-01.jpg,
,WINE,STILL WHITE,3,Squealing Pig Sauvignon Blanc 750mL,SQUEALING PIG SAUV BLANC 750ML,508744,9415305127092,TREASURY WINE ESTATES,ALM Warehouse,6,13.24,19.99,squealing-pig-sauvignon-blanc-750ml-01.jpg,
,WINE,STILL WHITE,5,Mud House Sauvignon Blanc 750mL,MUD HOUSE SAUV BLANC     750ML,534017,9421018070013,VINARCHY AUSTRALIA,ALM Warehouse,6,11.74,17.99,mud-house-sauvignon-blanc-750ml-01.jpg,
,WINE,STILL WHITE,6,Stoneleigh Marlb S/Blanc 750mL,STONELEIGH MARLB S/BLANC 750ML,599392,9311043403064,VINARCHY AUSTRALIA,ALM Warehouse,6,9.95,14.99,stoneleigh-marlb-s-blanc-750ml-01.jpg,
,WINE,STILL WHITE,7,Hardys Vr Chardonnay 1L,HARDYS VR CHARDONNAY        1L,534871,9311043088810,VINARCHY AUSTRALIA,ALM Warehouse,6,6.91,10.99,hardys-vr-chardonnay-1l-01.jpg,
,WINE,STILL WHITE,8,Ta Ku Sauvignon Blanc 750mL,TA KU SAUVIGNON BLANC    750ML,513537,9311043012747,VINARCHY AUSTRALIA,ALM Warehouse,6,11.10,16.99,ta-ku-sauvignon-blanc-750ml-01.jpg,
,WINE,STILL WHITE,9,Tatachilla Wht Adml P/Gri 750mL,TATACHILLA WHT ADML P/GRI750ML,20916,9313048851802,VINARCHY AUSTRALIA,ALM Warehouse,6,7.34,10.99,tatachilla-wht-adml-p-gri-750ml-01.jpg,
,WINE,STILL WHITE,10,Jacobs Ck Sauvignon Blanc 750mL,JACOBS CK SAUV BLANC     750ML,760189,9311043403101,VINARCHY AUSTRALIA,ALM Warehouse,12,7.56,11.99,jacobs-ck-sauvignon-blanc-750ml-01.jpg,
,WINE,STILL WHITE,11,821 South Marl Sauvignon Blnc 750mL,821 SOUTH MARL SAUV BLNC 750ML,609134,9415305000142,TREASURY WINE ESTATES,ALM Warehouse,6,12.41,18.99,821-south-marl-sauvignon-blnc-750ml-01.jpg,
,WINE,STILL WHITE,12,Lind B95 Sauvignon Blanc 750mL,LIND B95 SAUVIGNON BLANC 750ML,530550,9311218110223,TREASURY WINE ESTATES,ALM Warehouse,6,5.69,8.99,lind-b95-sauvignon-blanc-750ml-01.jpg,
,WINE,STILL WHITE,13,Houghton White Classic 750mL,HOUGHTON WHITE CLASSIC   750ML,526111,9311420036090,VINARCHY AUSTRALIA,ALM Warehouse,6,7.92,11.99,houghton-white-classic-750ml-01.jpg,
,WINE,WINE OTHER,1,Divas Vkat 700mL,DIVAS VKAT               700ML,561205,9331772900047,DIVAS BEVERAGES AUSTRALIA,ALM Warehouse,12,9.49,13.99,divas-vkat-700ml-01.jpg,
,WINE,WINE OTHER,2,De Bortoli S/Hil Tawny 750mL,DE BORTOLI S/HIL TAWNY   750ML,515869,9300752020181,DE BORTOLI WINES PTY LIMI,ALM Warehouse,6,5.29,7.99,de-bortoli-s-hil-tawny-750ml-01.jpg,
,WINE,WINE OTHER,3,Wolf Blass Red Label Twny Prt 750mL,W/BLASS RED LBL TWNY PRT 750ML,506307,9312088000164,TREASURY WINE ESTATES,ALM Warehouse,6,6.05,8.99,wolf-blass-red-label-twny-prt-750ml-01.jpg,
,WINE,WINE OTHER,4,De Bortoli Limoncllo Spr 750mL,DE BORTOLI LIMONCLLO SPR 750ML,776944,9300752052090,DE BORTOLI WINES PTY LIMI,ALM Warehouse,6,14.70,21.99,de-bortoli-limoncllo-spr-750ml-01.jpg,
,WINE,WINE OTHER,5,Divas Vkat 1L,DIVAS VKAT                  1L,862635,9349658000750,DIVAS BEVERAGES AUSTRALIA,ALM Warehouse,12,11.41,16.99,divas-vkat-1l-01.jpg,
,WINE,WINE OTHER,6,Bob Mr Mason Sparkling Cuvee 750mL,BOB MR MASON SPK CUVEE   750ML,293954,,,,,,,bob-mr-mason-sparkling-cuvee-750ml-01.jpg,
,WINE,WINE OTHER,7,Penfolds Club Port 750mL,PENFOLDS CLUB PORT       750ML,509614,9310297000203,PENFOLDS WINES INTERNATIO,ALM Warehouse,6,9.93,14.99,penfolds-club-port-750ml-01.jpg,
,WINE,WINE OTHER,8,Mcw Rr Tawny 750mL,MCW RR TAWNY             750ML,509096,9311769011000,CALABRIA FAMILY WINES P/L,ALM Warehouse,12,6.02,8.99,mcw-rr-tawny-750ml-01.jpg,
,WINE,WINE OTHER,9,Stones Ginger Wine 750mL,STONES GINGER WINE       750ML,540296,9300694281046,VINTAGE HOUSE WINE & SPIR,ALM Warehouse,12,9.03,13.99,stones-ginger-wine-750ml-01.jpg,
,WINE,WINE OTHER,10,Zonzo NV Limoncello Sprtz 750mL,ZONZO NV LIMONCELLO SPRTZ750ML,619286,9354864001224,ZONZO ESTATE,ALM Warehouse,6,15.75,23.99,zonzo-nv-limoncello-sprtz-750ml-01.jpg,
,WINE,WINE OTHER,12,Richland Limoncello Sptz 750mL,RICHLAND LIMONCELLO SPTZ 750ML,221635,9319020013725,CALABRIA FAMILY WINES P/L,ALM Warehouse,6,6.07,8.99,richland-limoncello-sptz-750ml-01.jpg,
,WINE,WINE OTHER,13,Divas Vkat Raspberry 700mL,DIVAS VKAT RASPBERRY     700ML,188390,9331772010029,DIVAS BEVERAGES AUSTRALIA,ALM Warehouse,12,9.49,13.99,divas-vkat-raspberry-700ml-01.jpg,
,WINE,WINE SPARKLING WHITE,1,De Bortoli K/V Prosecco 750mL,DE BORTOLI K/V PROSECCO  750ML,450909,9300752220949,DE BORTOLI WINES PTY LIMI,ALM Warehouse,6,12.30,18.99,de-bortoli-k-v-prosecco-750ml-01.jpg,
,WINE,WINE SPARKLING WHITE,2,Brown Brothers Prosecco NV 750mL,BROWN BRO PROSECCO NV    750ML,524376,0029147360952,BROWN FAMILY WINE GROUP,ALM Warehouse,6,13.07,19.99,brown-brothers-prosecco-nv-750ml-01.jpg,
,WINE,WINE SPARKLING WHITE,3,Jacobs Ck Chardonnay Pinot 750mL,JACOBS CK CHARD PINOT    750ML,553304,9311043403309,VINARCHY AUSTRALIA,ALM Warehouse,6,7.53,11.99,jacobs-ck-chardonnay-pinot-750ml-01.jpg,
,WINE,WINE SPARKLING WHITE,4,Yellowglen Yellow Sparkling 750mL,YELLOWGLEN YELLOW SPK    750ML,567442,9300770000257,TREASURY WINE ESTATES,ALM Warehouse,6,7.17,10.99,yellowglen-yellow-sparkling-750ml-01.jpg,
,WINE,WINE SPARKLING WHITE,5,Wolf Blass Red Label Chardonnay Pnt 750mL,W/BLASS RED LBL CHD PNT  750ML,542840,9312088351006,TREASURY WINE ESTATES,ALM Warehouse,6,6.05,8.99,wolf-blass-red-label-chardonnay-pnt-750ml-01.jpg,
,WINE,WINE SPARKLING WHITE,8,Jansz Non Vintage 750mL,JANSZ NON VINTAGE        750ML,781363,9311789078601,SAMUEL SMITH & SON,ALM Warehouse,6,23.40,34.99,jansz-non-vintage-750ml-01.jpg,
,WINE,WINE SPARKLING WHITE,10,Grant Burge Pinot Chardonnay NV 750mL,G/BURGE PINOT CHARD NV   750ML,535194,9315705000004,VINARCHY AUSTRALIA,ALM Warehouse,6,16.42,24.99,grant-burge-pinot-chardonnay-nv-750ml-01.jpg,
,WINE,WINE SPARKLING WHITE,11,Yellowtail Bubbles 750mL,YELLOWTAIL BUBBLES       750ML,775396,9322214009480,CASELLA WINES PTY LTD,ALM Warehouse,12,7.35,10.99,yellowtail-bubbles-750ml-01.jpg,
,WINE,WINE SPARKLING WHITE,12,Passion Pop Original 750mL,PASSION POP ORIGINAL     750ML,541585,93363808,AUSTRALIAN VINTAGE-DOMEST,ALM Warehouse,6,5.90,8.99,passion-pop-original-750ml-01.jpg,
,WINE,WINE SPARKLING WHITE,13,Tempus Two Var Prosecco 750mL,TEMPUS TWO VAR PROSECCO 750ML,748828,9315743503543,AUSTRALIAN VINTAGE-DOMEST,ALM Warehouse,6,9.53,13.99,tempus-two-var-prosecco-750ml-01.jpg,
,WINE,WINE SPARKLING WHITE,14,Croser Non Vintage 750mL,CROSER NON VINTAGE       750ML,515018,9338979000341,VINARCHY AUSTRALIA,ALM Warehouse,6,19.31,28.99,croser-non-vintage-750ml-01.jpg,
,WINE,WINE SPARKLING WHITE,15,Grant Burge Sparkling Petite Bubble 750mL,G/BURGE SPK PETITE BUBBLE750ML,922249,9315705825324,VINARCHY AUSTRALIA,ALM Warehouse,6,10.36,15.99,grant-burge-sparkling-petite-bubble-750ml-01.jpg,
,SPIRITS,BOURBON,1,Jim Beam White Lbl Bourbon 37% 1L,JIM BEAM WHITE LBL BRBN 37% 1L,802083,5010278101311,,core-extract,6.0,59.01,86.99,jim-beam-white-lbl-bourbon-37-1l-01.jpg,
,SPIRITS,BOURBON,2,Jack Daniel's Black Label 1L,J/DANIEL BLACK LABEL        1L,561145,0082184045367,,core-extract,6.0,74.15,108.99,jack-daniel-s-black-label-1l-01.jpg,
,SPIRITS,BOURBON,3,Jack Daniel's Black Label 700mL,J/DANIEL BLACK LABEL     700ML,568595,0082184045954,,core-extract,12.0,52.14,76.99,jack-daniel-s-black-label-700ml-01.jpg,
,SPIRITS,BOURBON,4,Jim Beam White Lbl 37% 700mL,JIM BEAM WHITE LBL 37%   700ML,718446,5010278101335,,core-extract,12.0,43.62,63.99,jim-beam-white-lbl-37-700ml-01.jpg,
,SPIRITS,BOURBON,6,Wild Turkey 81 Proof 40.5% 1L,WILD TURKEY 81 PROOF 40.5%  1L,653201,9343496003508,,core-extract,6.0,65.06,95.99,wild-turkey-81-proof-40-5-1l-01.jpg,
,SPIRITS,BOURBON,7,Jack Daniel's Gentleman Jack 700mL,J/DANIEL GENTLEMAN JACK  700ML,548121,0082184038758,,core-extract,6.0,61.51,90.99,jack-daniel-s-gentleman-jack-700ml-01.jpg,
,SPIRITS,BOURBON,8,Wild Turkey 81PROOF 40.5% 700mL,WILD TURKEY 81PROOF 40.5%700ML,659728,9343496003492,,core-extract,12.0,49.89,73.99,wild-turkey-81proof-40-5-700ml-01.jpg,
,SPIRITS,BOURBON,10,Jim Beam Whitelabel6P37% 1125mL,JIM BEAM WHITELABEL6P37%1125ML,529046,5010278101304,,core-extract,6.0,72.52,106.99,jim-beam-whitelabel6p37-1125ml-01.jpg,
,SPIRITS,BOURBON,12,Woodford Reserve Bourbon 700mL,WOODFORD RES BOURBON     700ML,798695,5099873007617,,core-extract,6.0,65.30,95.99,woodford-reserve-bourbon-700ml-01.jpg,
,SPIRITS,BOURBON,13,Wild Turkey 101 Proof 700mL,WILD TURKEY 101 PROOF    700ML,782199,0721059777001,,core-extract,6.0,61.44,90.99,wild-turkey-101-proof-700ml-01.jpg,
,SPIRITS,BOURBON,14,Makers Mark Bourbon 1L,MAKERS MARK BOURBON         1L,770951,0085246500545,,core-extract,6.0,71.73,105.99,makers-mark-bourbon-1l-01.jpg,
,SPIRITS,BOURBON,16,Cougar Bourbon 700mL,COUGAR BOURBON           700ML,585953,9300776006437,,core-extract,12.0,41.23,60.99,cougar-bourbon-700ml-01.jpg,
,SPIRITS,GIN,1,Gordons Gin 1L,GORDONS GIN                 1L,534274,9310495067664,,core-extract,6.0,63.03,92.99,gordons-gin-1l-01.jpg,
,SPIRITS,GIN,5,Gordons Pink 37% 700mL,GORDONS PINK 37%         700ML,526454,9310495088195,,core-extract,6.0,48.12,70.99,gordons-pink-37-700ml-01.jpg,
,SPIRITS,GIN,7,Bombay Sapphire Gin N 700mL,BOMBAY SAPPHIRE GIN     N700ML,368225,07881954,,core-extract,6.0,53.72,78.99,bombay-sapphire-gin-n-700ml-01.jpg,
,SPIRITS,GIN,9,Bombay Sapphire Gin 700mL,BOMBAY SAPPHIRE GIN      700ML,788195,,,,,,,bombay-sapphire-gin-700ml-01.jpg,
,SPIRITS,GIN,10,Vickers Gin 700mL,VICKERS GIN              700ML,503537,9310495051380,,core-extract,12.0,39.22,57.99,vickers-gin-700ml-01.jpg,
,SPIRITS,GIN,11,Tanqueray Gin 1L,TANQUERAY GIN               1L,583618,9310495082827,,core-extract,6.0,71.13,104.99,tanqueray-gin-1l-01.jpg,
,SPIRITS,GIN,12,Bombay Gin Sapphire N 1L,BOMBAY GIN SAPPHIRE       N 1L,367782,5010677710251,,core-extract,6.0,74.50,109.99,bombay-gin-sapphire-n-1l-01.jpg,
,SPIRITS,GIN,13,Begin Gin 700mL,BEGIN GIN                700ML,527015,9323594000906,,core-extract,6.0,43.83,64.99,begin-gin-700ml-01.jpg,
,SPIRITS,GIN,14,Bombay Gin Sapphire 1L,BOMBAY GIN SAPPHIRE         1L,565814,,,,,,,bombay-gin-sapphire-1l-01.jpg,
,SPIRITS,GIN,15,Beefeater Gin 40% 1L,BEEFEATER GIN 40%           1L,550021,5000329002278,,core-extract,6.0,67.84,99.99,beefeater-gin-40-1l-01.jpg,
,SPIRITS,GIN,16,Beefeater Gin 700mL,BEEFEATER GIN            700ML,577992,5000329002193,,core-extract,6.0,45.27,66.99,beefeater-gin-700ml-01.jpg,
,SPIRITS,GIN,17,Malfy Gin Rosa 700mL,MALFY GIN ROSA           700ML,930124,5000299296066,,core-extract,6.0,55.57,81.99,malfy-gin-rosa-700ml-01.jpg,
,SPIRITS,OTHER SPIRITS,1,Aperol Aperitif 700mL,APEROL APERITIF          700ML,526226,8002230000302,,core-extract,6.0,27.44,40.99,aperol-aperitif-700ml-01.jpg,
,SPIRITS,OTHER SPIRITS,2,St Agnes Vs Brandy 150mL,ST AGNES VS BRANDY       150ML,582976,93694117,,core-extract,12.0,10.46,15.99,st-agnes-vs-brandy-150ml-01.jpg,
,SPIRITS,OTHER SPIRITS,3,Campari Aperitif Nupk 700mL,CAMPARI APERITIF NUPK    700ML,549334,8000040001106,,core-extract,6.0,41.81,61.99,campari-aperitif-nupk-700ml-01.jpg,
,SPIRITS,OTHER SPIRITS,4,St Agnes Vs Brandy 700mL,ST AGNES VS BRANDY       700ML,575128,9300694000517,,core-extract,12.0,37.01,54.99,st-agnes-vs-brandy-700ml-01.jpg,
,SPIRITS,OTHER SPIRITS,5,Black Brandy 700mL,BLACK BTL BRANDY         700ML,575306,9332364012384,,core-extract,12.0,37.72,55.99,black-brandy-700ml-01.jpg,
,SPIRITS,OTHER SPIRITS,6,St Remy Brandy Vsop 37% 700mL,ST REMY BRANDY VSOP 37%  700ML,832855,3035540003928,,core-extract,6.0,44.12,64.99,st-remy-brandy-vsop-37-700ml-01.jpg,
,SPIRITS,OTHER SPIRITS,7,Ouzo 12 Nupk 700mL,OUZO 12    NUPK          700ML,543516,5201003110702,,core-extract,6.0,42.44,62.99,ouzo-12-nupk-700ml-01.jpg,
,SPIRITS,OTHER SPIRITS,9,Aperol Spritz Pack 700ML+ 750mL,APEROL SPRITZ PACK 700ML+750ML,615436,9343496001702,,core-extract,3.0,28.57,41.99,aperol-spritz-pack-700ml-750ml-01.jpg,
,SPIRITS,OTHER SPIRITS,10,Hennessy Vs Naked Bottle 700mL,HENNESSY VS NAKED BOTTLE 700ML,14559,3245990043300,,core-extract,6.0,66.31,97.99,hennessy-vs-naked-bottle-700ml-01.jpg,
,SPIRITS,OTHER SPIRITS,11,De Kuyper Schnap B/Scotch 700mL,DE KUYPER SCHNAP B/SCOTCH700ML,785985,8710625502309,,core-extract,6.0,43.49,63.99,de-kuyper-schnap-b-scotch-700ml-01.jpg,
,SPIRITS,OTHER SPIRITS,12,Akropolis Ouzo 6 pack 700mL,AKROPOLIS OUZO       6PK 700ML,593626,9320000030779,,core-extract,6.0,49.29,72.99,akropolis-ouzo-6-pack-700ml-01.jpg,
,SPIRITS,OTHER SPIRITS,13,Hennessy Cog Vsop 700mL,HENNESSY COG VSOP        700ML,571491,3245999484319,,core-extract,6.0,91.76,134.99,hennessy-cog-vsop-700ml-01.jpg,
,SPIRITS,RUM DARK,1,Bundy Rum Up 1L,BUNDY RUM UP                1L,656322,9311866008705,,core-extract,6.0,63.02,92.99,bundy-rum-up-1l-01.jpg,
,SPIRITS,RUM DARK,2,Bundy Rum Up 700mL,BUNDY RUM UP             700ML,523587,9311866005049,,core-extract,12.0,44.13,64.99,bundy-rum-up-700ml-01.jpg,
,SPIRITS,RUM DARK,3,Kraken Black Spiced Rum 700mL,KRAKEN BLACK SPICED RUM  700ML,558430,0811538013055,,core-extract,6.0,56.04,82.99,kraken-black-spiced-rum-700ml-01.jpg,
,SPIRITS,RUM DARK,4,Bundy Rum Up 1125mL,BUNDY RUM UP            1125ML,527727,9311866005032,,core-extract,12.0,72.55,106.99,bundy-rum-up-1125ml-01.jpg,
,SPIRITS,RUM DARK,5,Bundy Rum Red 1L,BUNDY RUM RED               1L,526514,9311866009856,,core-extract,6.0,63.03,92.99,bundy-rum-red-1l-01.jpg,
,SPIRITS,RUM DARK,6,Bundy Bourb Campfire Rum 700mL,BUNDY BOURB CAMPFIRE RUM 700ML,392800,9310495089741,,core-extract,6.0,47.65,69.99,bundy-bourb-campfire-rum-700ml-01.jpg,
,SPIRITS,RUM DARK,7,Bundy Mdc Sml Batch 40% 700mL,BUNDY MDC SML BATCH 40%  700ML,94813,9310495079056,,core-extract,6.0,63.90,93.99,bundy-mdc-sml-batch-40-700ml-01.jpg,
,SPIRITS,RUM DARK,8,Kraken Black Spiced Rum 1L,KRAKEN BLACK SPICED RUM     1L,287377,0811538018753,,core-extract,6.0,83.80,122.99,kraken-black-spiced-rum-1l-01.jpg,
,SPIRITS,RUM DARK,9,Bundy Rum Red 700mL,BUNDY RUM RED            700ML,659744,9311866008798,,core-extract,12.0,43.94,64.99,bundy-rum-red-700ml-01.jpg,
,SPIRITS,RUM DARK,10,Bundy Drop Bear Sp P/App 700mL,BUNDY DROP BEAR SP P/APP 700ML,405491,9310495092406,,core-extract,6.0,42.64,62.99,bundy-drop-bear-sp-p-app-700ml-01.jpg,
,SPIRITS,RUM DARK,11,Bundy Rum Xf Bourbonbarl 700mL,BUNDY RUM XF BOURBONBARL 700ML,214722,9310495091249,,core-extract,6.0,51.74,75.99,bundy-rum-xf-bourbonbarl-700ml-01.jpg,
,SPIRITS,RUM DARK,12,Bundy Select Vat 700mL,BUNDY SELECT VAT         700ML,558561,9310495075898,,core-extract,6.0,51.74,75.99,bundy-select-vat-700ml-01.jpg,
,SPIRITS,RUM GOLD,1,Capt Morgan Spiced Gold 1L,CAPT MORGAN SPICED GOLD     1L,417448,5000281039558,,core-extract,6.0,62.98,92.99,capt-morgan-spiced-gold-1l-01.jpg,
,SPIRITS,RUM GOLD,2,Capt Morgan Spice Gld Au 700mL,CAPT MORGAN SPICE GLD AU 700ML,363369,5000281037011,,core-extract,6.0,45.12,66.99,capt-morgan-spice-gld-au-700ml-01.jpg,
,SPIRITS,RUM GOLD,3,Sailor Jerry Spiced Rum 700mL,SAILOR JERRY SPICED RUM  700ML,563511,5010327405223,,core-extract,6.0,46.61,68.99,sailor-jerry-spiced-rum-700ml-01.jpg,
,SPIRITS,RUM GOLD,4,Sailor Jerry Spicd Rum 1L,SAILOR JERRY SPICD RUM      1L,551166,5010327453019,,core-extract,6.0,61.49,90.99,sailor-jerry-spicd-rum-1l-01.jpg,
,SPIRITS,RUM GOLD,5,Bacardi Spiced Rum 700mL,BACARDI SPICED RUM       700ML,963350,,,,,,,bacardi-spiced-rum-700ml-01.jpg,
,SPIRITS,RUM GOLD,6,Shipmaster Gold Ub 1L,SHIPMASTER GOLD UB          1L,906497,,,,,,,shipmaster-gold-ub-1l-01.jpg,
,SPIRITS,RUM GOLD,7,Ratu Spiced Rum 5YO 700mL,RATU SPICED RUM 5YO      700ML,846320,9421901704209,,core-extract,6.0,62.81,92.99,ratu-spiced-rum-5yo-700ml-01.jpg,
,SPIRITS,RUM GOLD,9,Bati Spiced Rum 2YO 37.5 700mL,BATI SPICED RUM 2YO 37.5 700ML,846299,9421901704698,,core-extract,6.0,48.03,70.99,bati-spiced-rum-2yo-37-5-700ml-01.jpg,
,SPIRITS,RUM GOLD,10,Capt Morgan Trop M&Pine 700mL,CAPT MORGAN TROP M&PINE  700ML,227246,,,,,,,capt-morgan-trop-m-pine-700ml-01.jpg,
,SPIRITS,RUM GOLD,11,Beenleigh Spiced Rum 700mL,BEENLEIGH SPICED RUM     700ML,904584,9332364009148,,core-extract,6.0,50.51,74.99,beenleigh-spiced-rum-700ml-01.jpg,
,SPIRITS,RUM GOLD,12,Rusty Barrel Gold Rum 700mL,RUSTY BARREL GOLD RUM    700ML,825293,9350321000427,,core-extract,6.0,61.49,90.99,rusty-barrel-gold-rum-700ml-01.jpg,
,SPIRITS,RUM GOLD,13,Havana Club Anejo Es37.5% 700mL,HAVANA CLUB ANEJO ES37.5%700ML,144561,8501110086196,,core-extract,6.0,53.92,79.99,havana-club-anejo-es37-5-700ml-01.jpg,
,SPIRITS,RUM WHITE,1,Bacardi Carta Blanca N 1L,BACARDI CARTA BLANCA       N1L,367517,5010677015806,,core-extract,6.0,72.28,106.99,bacardi-carta-blanca-n-1l-01.jpg,
,SPIRITS,RUM WHITE,3,Bacardi Carta Blanca 1L,BACARDI CARTA BLANCA        1L,788292,,,,,,,bacardi-carta-blanca-1l-01.jpg,
,SPIRITS,RUM WHITE,4,Bacardi Carta Blanca 700mL,BACARDI CARTA BLANCA     700ML,566137,,,,,,,bacardi-carta-blanca-700ml-01.jpg,
,SPIRITS,RUM WHITE,5,Bundaberg Silver Rum 37% 700mL,BUNDABERG SILVER RUM 37% 700ML,260210,9310495091140,,core-extract,6.0,46.16,67.99,bundaberg-silver-rum-37-700ml-01.jpg,
,SPIRITS,RUM WHITE,6,Malibu Coconut Rum 700mL,MALIBU COCONUT RUM       700ML,501239,8410024710601,,core-extract,6.0,33.59,49.99,malibu-coconut-rum-700ml-01.jpg,
,SPIRITS,RUM WHITE,7,Havana Club Anos3Yo 37.5% 700mL,HAVANA CLUB ANOS3YO 37.5%700ML,234905,8501110088831,,core-extract,6.0,45.97,67.99,havana-club-anos3yo-37-5-700ml-01.jpg,
,SPIRITS,RUM WHITE,8,Beenleigh Rum Wht 37.5% 700mL,BEENLEIGH RUM WHT 37.5%  700ML,578155,9332364002491,,core-extract,6.0,44.53,65.99,beenleigh-rum-wht-37-5-700ml-01.jpg,
,SPIRITS,RUM WHITE,9,Bacardi Rum 1L,BACARDI RUM                 1L,977838,,,,,,,bacardi-rum-1l-01.jpg,
,SPIRITS,RUM WHITE,10,Casa Spirits White Rum 700mL,CASA SPIRITS WHITE RUM   700ML,653895,9356572000773,,core-extract,6.0,39.98,58.99,casa-spirits-white-rum-700ml-01.jpg,
,SPIRITS,RUM WHITE,11,Shipmaster Silver Ub 1L,SHIPMASTER SILVER UB        1L,906879,,,,,,,shipmaster-silver-ub-1l-01.jpg,
,SPIRITS,RUM WHITE,12,Bacardi Coconut 27% N 700mL,BACARDI COCONUT 27%     N700ML,367520,7610113028100,,core-extract,6.0,44.77,65.99,bacardi-coconut-27-n-700ml-01.jpg,
,SPIRITS,RUM WHITE,13,Malibu Coconut Rum 1L,MALIBU COCONUT RUM          1L,501205,8410024710618,,core-extract,6.0,45.72,67.99,malibu-coconut-rum-1l-01.jpg,
,SPIRITS,SCOTCH,1,Johnnie Walker Red Label 1L,J/WALKER RED LBL            1L,995938,5000267099026,,core-extract,6.0,62.93,92.99,johnnie-walker-red-label-1l-01.jpg,
,SPIRITS,SCOTCH,2,Chivas Regal Scotch 12YO 700mL,CHIVAS REGAL SCOTCH 12YO 700ML,557099,0080432402931,,core-extract,6.0,52.49,76.99,chivas-regal-scotch-12yo-700ml-01.jpg,
,SPIRITS,SCOTCH,3,Johnnie Walker Red Label 700mL,J/WALKER RED LBL         700ML,566666,5000267014203,,core-extract,12.0,44.82,65.99,johnnie-walker-red-label-700ml-01.jpg,
,SPIRITS,SCOTCH,4,Grants Scotch 1L,GRANTS SCOTCH               1L,774578,5010327253749,,core-extract,6.0,59.29,86.99,grants-scotch-1l-01.jpg,
,SPIRITS,SCOTCH,5,Grants Scotch 700mL,GRANTS SCOTCH            700ML,566886,5010327250007,,core-extract,12.0,43.53,63.99,grants-scotch-700ml-01.jpg,
,SPIRITS,SCOTCH,9,Black Douglas Scotch 700mL,BLACK DOUGLAS SCOTCH     700ML,555584,9300776006628,,core-extract,12.0,41.42,60.99,black-douglas-scotch-700ml-01.jpg,
,SPIRITS,SCOTCH,11,Johnnie Walker Red Label Nupk 1125mL,J/WALKER RED LBL NUPK   1125ML,584334,5000267013404,,core-extract,6.0,84.32,123.99,johnnie-walker-red-label-nupk-1125ml-01.jpg,
,SPIRITS,SCOTCH,12,Ballantines Scotch 700mL,BALLANTINES SCOTCH       700ML,555940,5010106113127,,core-extract,6.0,44.45,65.99,ballantines-scotch-700ml-01.jpg,
,SPIRITS,SCOTCH,13,Glenshiel Scotch Bis 700mL,GLENSHIEL SCOTCH BIS     700ML,647250,,,,,,,glenshiel-scotch-bis-700ml-01.jpg,
,SPIRITS,SCOTCH,14,Glenlivet Founder Reserve 700mL,GLENLIVET FOUNDER RES    700ML,353071,5000299609347,,core-extract,6.0,61.23,89.99,glenlivet-founder-reserve-700ml-01.jpg,
,SPIRITS,SCOTCH,15,Singleton Malt Master 700mL,SINGLETON MALT MASTER    700ML,813966,5000281051413,,core-extract,6.0,56.52,82.99,singleton-malt-master-700ml-01.jpg,
,SPIRITS,SCOTCH,16,Johnnie Walker Black Label 1L,J/WALKER BLACK LABEL        1L,14384,5000267189604,,core-extract,6.0,72.49,106.99,johnnie-walker-black-label-1l-01.jpg,
,SPIRITS,TEQUILA,2,Espolon Tequila Blanco 700mL,ESPOLON TEQUILA BLANCO   700ML,574533,0664804000934,,core-extract,6.0,57.16,83.99,espolon-tequila-blanco-700ml-01.jpg,
,SPIRITS,TEQUILA,3,Olmeca Altos Plata 700mL,OLMECA ALTOS PLATA       700ML,97609,7501003698636,,core-extract,6.0,54.74,80.99,olmeca-altos-plata-700ml-01.jpg,
,SPIRITS,TEQUILA,5,Sierra Tequila Blanco 38% 700mL,SIERRA TEQUILA BLANCO 38%700ML,369373,,,,,,,sierra-tequila-blanco-38-700ml-01.jpg,
,SPIRITS,TEQUILA,9,Casamigos Blanco Tequila 40% 700mL,CASAMIGOS BLANCO TEQ 40% 700ML,458897,5000281058320,,core-extract,6.0,62.07,91.99,casamigos-blanco-tequila-40-700ml-01.jpg,
,SPIRITS,TEQUILA,11,Avc Margarita Batch 750mL,AVC MARGARITA BATCH      750ML,700273,,,,,,,avc-margarita-batch-750ml-01.jpg,
,SPIRITS,TEQUILA,12,Casamigos Tequila Blanco 40% 1L,CASAMIGOS TEQ BLANCO 40%    1L,234492,,,,,,,casamigos-tequila-blanco-40-1l-01.jpg,
,SPIRITS,TEQUILA,13,Patron Silver N 700mL,PATRON SILVER          N700ML,369394,0721733000739,,core-extract,6.0,76.96,112.99,patron-silver-n-700ml-01.jpg,
,SPIRITS,TEQUILA,14,Jose Cuervo Esp Reposado Tequila 1L,JOSE CUERVO ESP REPOSADO TEQ1L,586064,0082000491675,,core-extract,6.0,71.89,105.99,jose-cuervo-esp-reposado-tequila-1l-01.jpg,
,SPIRITS,TEQUILA,15,Teremana Tequilablanco40% 700mL,TEREMANA TEQUILABLANCO40%700ML,576789,7503028799114,,core-extract,6.0,67.50,99.99,teremana-tequilablanco40-700ml-01.jpg,
,SPIRITS,TEQUILA,18,Herradura Tequila Plata 700mL,HERRADURA TEQUILA PLATA  700ML,506302,7501145233375,,core-extract,6.0,85.45,125.99,herradura-tequila-plata-700ml-01.jpg,
,SPIRITS,TEQUILA,20,Casa Blanco Agave 700mL,CASA BLANCO AGAVE 700ML,653879,9356572000698,,core-extract,6.0,39.98,58.99,casa-blanco-agave-700ml-01.jpg,
,SPIRITS,TEQUILA,21,Patron Silver 700mL,PATRON SILVER            700ML,387952,,,,,,,patron-silver-700ml-01.jpg,
,SPIRITS,VODKA,1,Smirnoff Vodka Red 37% 1L,SMIRNOFF VODKA RED 37%      1L,19559,9310495084081,,core-extract,6.0,60.30,88.99,smirnoff-vodka-red-37-1l-01.jpg,
,SPIRITS,VODKA,3,Smirnoff Vodka Red 37% 700mL,SMIRNOFF VODKA RED 37%   700ML,19486,9310495084067,,core-extract,12.0,43.19,63.99,smirnoff-vodka-red-37-700ml-01.jpg,
,SPIRITS,VODKA,4,Smirnoff Vodka Red 37% 1125mL,SMIRNOFF VODKA RED 37%  1125ML,19664,9310495084043,,core-extract,12.0,68.07,99.99,smirnoff-vodka-red-37-1125ml-01.jpg,
,SPIRITS,VODKA,6,Skyy Vodka 37.5% 700mL,SKYY VODKA 37.5%         700ML,570157,8000040007122,,core-extract,6.0,41.43,60.99,skyy-vodka-37-5-700ml-01.jpg,
,SPIRITS,VODKA,7,Skyy Vodka 37.5% 1L,SKYY VODKA 37.5%            1L,570149,8000040007146,,core-extract,6.0,56.48,82.99,skyy-vodka-37-5-1l-01.jpg,
,SPIRITS,VODKA,13,Greenside Premium Tas Vodka 1L,GREENSIDE PREM TAS VODKA    1L,163858,,,,,,,greenside-premium-tas-vodka-1l-01.jpg,
,SPIRITS,VODKA,16,Tovaritch Vodka 37.5% 1L,TOVARITCH VODKA 37.5%       1L,574478,,,,,,,tovaritch-vodka-37-5-1l-01.jpg,
,SPIRITS,VODKA,18,Flyka Vodka 37% 6S 700mL,FLYKA VODKA 37% 6S       700ML,439725,,,,,,,flyka-vodka-37-6s-700ml-01.jpg,
,SPIRITS,VODKA,19,Grey Goose Vodka 700mL,GREY GOOSE VODKA         700ML,818403,,,,,,,grey-goose-vodka-700ml-01.jpg,
,SPIRITS,VODKA,20,Fris Vodka 700mL,FRIS VODKA               700ML,54910,1210000101501,,core-extract,12.0,38.64,56.99,fris-vodka-700ml-01.jpg,
,SPIRITS,VODKA,21,Vodka O 37.5% 1L,VODKA O 37.5%               1L,586190,9329982019888,,core-extract,6.0,54.02,79.99,vodka-o-37-5-1l-01.jpg,
,SPIRITS,VODKA,22,Pink Dot Vodka 700mL,PINK DOT VODKA           700ML,144341,9309000902675,,core-extract,6.0,30.08,44.99,pink-dot-vodka-700ml-01.jpg,
,SPIRITS,WHISKEY,1,Jameson Irish Wsky 700mL,JAMESON IRISH WSKY       700ML,558299,5011007003005,,core-extract,6.0,52.65,77.99,jameson-irish-wsky-700ml-01.jpg,
,SPIRITS,WHISKEY,3,Jameson Irish Wsky 1L,JAMESON IRISH WSKY          1L,590314,5011007003227,,core-extract,6.0,69.39,101.99,jameson-irish-wsky-1l-01.jpg,
,SPIRITS,WHISKEY,4,Canadian Club Orig 37% 1L,CANADIAN CLUB ORIG 37%      1L,760472,0080686816232,,core-extract,6.0,59.01,86.99,canadian-club-orig-37-1l-01.jpg,
,SPIRITS,WHISKEY,6,Fireball Cinnamon Whisky 700mL,FIREBALL CINNAMON WHISKY 700ML,555157,0088004023492,,core-extract,6.0,45.37,66.99,fireball-cinnamon-whisky-700ml-01.jpg,
,SPIRITS,WHISKEY,7,Sheep Dog P/Butter Whisk 700mL,SHEEP DOG P/BUTTER WHISK 700ML,240977,,,,,,,sheep-dog-p-butter-whisk-700ml-01.jpg,
,SPIRITS,WHISKEY,8,Canadian Club Orig 37% 700mL,CANADIAN CLUB ORIG 37%   700ML,560929,0080686816089,,core-extract,12.0,43.61,63.99,canadian-club-orig-37-700ml-01.jpg,
,SPIRITS,WHISKEY,11,Southern Comfort 30% 700mL,SOUTHERN COMFORT 30%     700ML,653078,1210000100313,,core-extract,12.0,41.23,60.99,southern-comfort-30-700ml-01.jpg,
,SPIRITS,WHISKEY,12,Toki Japanese Whisky 700mL,TOKI JAPANESE WHISKY     700ML,607690,4901777303553,,core-extract,6.0,62.13,91.99,toki-japanese-whisky-700ml-01.jpg,
,SPIRITS,WHISKEY,17,Fireball Cinnamon Whisky 1L,FIREBALL CINNAMON WHISKY    1L,663413,0088004144678,,core-extract,6.0,61.19,89.99,fireball-cinnamon-whisky-1l-01.jpg,
,SPIRITS,WHISKEY,18,Southern Comfort 30% 1L,SOUTHERN COMFORT 30%        1L,652616,1210000100269,,core-extract,6.0,59.30,86.99,southern-comfort-30-1l-01.jpg,
,SPIRITS,WHISKEY,19,Bond Seven Whisky 700mL,BOND SEVEN WHISKY        700ML,557780,9323594000494,,core-extract,6.0,44.57,65.99,bond-seven-whisky-700ml-01.jpg,
,SPIRITS,WHISKEY,21,Tullamore Dew Irish Whisky 700mL,TULLAMORE DEW IRISH WHSKY700ML,754840,5011026108033,,core-extract,6.0,48.50,71.99,tullamore-dew-irish-whisky-700ml-01.jpg,
,RTDS,RTD'S,1,Bundy Up&Cola 4.6% Cube 375mL,BUNDY UP&COLA 4.6% CUBE  375ML,552086,9310495075249,,core-extract,24.0,91.88,134.99,bundy-up-cola-4-6-cube-375ml-01.jpg,
,RTDS,RTD'S,2,Jack Daniel's and Cola 10 pack 375mL,J/DANIEL & COLA 10PK     375ML,511349,9310733301321,,core-extract,20.0,48.82,71.99,jack-daniel-s-and-cola-10-pack-375ml-01.jpg,
,RTDS,RTD'S,3,Jim Beam&Cola 4.8% Cube 375mL,JIM BEAM&COLA 4.8% CUBE  375ML,42167,9300624029472,,core-extract,24.0,89.83,131.99,jim-beam-cola-4-8-cube-375ml-01.jpg,
,RTDS,RTD'S,4,Jack Daniel's Dbl Jk&Cla 10P 375mL,J/DANIEL DBL JK&CLA 10P  375ML,432121,9310733200518,,core-extract,20.0,57.45,84.99,jack-daniel-s-dbl-jk-cla-10p-375ml-01.jpg,
,RTDS,RTD'S,5,Jim Beam and Cola Can 10 pack 375mL,JIM BEAM & COLA 10PK CAN 375ML,425145,9316417009149,,core-extract,30.0,39.12,57.99,jim-beam-and-cola-can-10-pack-375ml-01.jpg,
,RTDS,RTD'S,6,Can Club and Dry Cube Can 375mL,CAN CLUB & DRY CUBE CAN  375ML,63105,9316417009101,,core-extract,24.0,89.83,131.99,can-club-and-dry-cube-can-375ml-01.jpg,
,RTDS,RTD'S,7,Hard Rated Lem 4.5% 10 pack 375mL,HARD RATED LEM 10PK 4.5% 375ML,569494,9329982024967,,core-extract,30.0,40.33,59.99,hard-rated-lem-4-5-10-pack-375ml-01.jpg,
,RTDS,RTD'S,8,Hard Rated Original 4.5% 10 pack 375mL,HARD RATED ORG 10PK 4.5% 375ML,245668,9329982026077,,core-extract,30.0,40.33,59.99,hard-rated-original-4-5-10-pack-375ml-01.jpg,
,RTDS,RTD'S,9,Jack Daniel's and Cola Can 375mL,J/DANIEL & COLA CAN      375ML,570932,9310733001320,,core-extract,24.0,5.21,7.99,jack-daniel-s-and-cola-can-375ml-01.jpg,
,RTDS,RTD'S,10,Hard Rated Lemon 4.5% 375mL,HARD RATED LEMON 4.5%    375ML,562785,9329982024936,,core-extract,24.0,4.50,6.99,hard-rated-lemon-4-5-375ml-01.jpg,
,RTDS,RTD'S,11,Woodstock&Cola 4.8% 10 pack 375mL,WOODSTOCK&COLA 4.8% 10PK 375ML,554567,9329982013657,,core-extract,30.0,35.59,52.99,woodstock-cola-4-8-10-pack-375ml-01.jpg,
,RTDS,RTD'S,12,Suntory -196 Lemon 10 pack 330mL,SUNTORY -196 LEMON 10PK 330ML,283386,9316417007961,,core-extract,30.0,39.04,57.99,suntory-196-lemon-10-pack-330ml-01.jpg,
