Handle,Title,Body (HTML),Vendor,Product Category,Type,Tags,Published,Option1 Name,Option1 Value,Option2 Name,Option2 Value,Option3 Name,Option3 Value,Variant SKU,Variant Grams,Variant Inventory Tracker,Variant Inventory Qty,Variant Inventory Policy,Variant Fulfillment Service,Variant Price,Variant Compare At Price,Variant Requires Shipping,Variant Taxable,Variant Barcode,Image Src,Image Position,Image Alt Text,Gift Card,SEO Title,SEO Description,Variant Image,Variant Weight Unit,Variant Tax Code,Cost per item,Status,Metafield: custom.standard_drinks [number_decimal],Metafield: custom.abv [number_decimal],Metafield: custom.volume_ml [number_integer],Metafield: custom.country [single_line_text_field],Metafield: custom.region [single_line_text_field],Metafield: custom.producer [single_line_text_field],Metafield: custom.style [single_line_text_field],Metafield: custom.why_we_stock_it [multi_line_text_field]
four-pillars-rare-dry-gin,Four Pillars Rare Dry Gin,<p>Contemporary Australian dry gin from Healesville in the Yarra Valley. Whole oranges in the botanical basket give citrus pith and warmth rather than sweetness.</p>,Four Pillars,"Food, Beverages & Tobacco > Beverages > Alcoholic Beverages > Liquor & Spirits > Gin",Gin,"spirits, gin, australian",FALSE,Title,Default Title,,,,,SH-GIN-4P-RD-700,1250,shopify,0,deny,manual,79.95,,TRUE,TRUE,,https://example.com/images/four-pillars-rare-dry-700ml.jpg,1,Four Pillars Rare Dry Gin 700 mL bottle,FALSE,Four Pillars Rare Dry Gin 700mL,Contemporary Australian dry gin from the Yarra Valley. Delivered across Sydney metro.,,g,,,draft,23.1,41.8,700,Australia,"Yarra Valley, Victoria",Four Pillars Gin,Contemporary Dry Gin,"Cameron Mackenzie distils this in Healesville with whole Australian oranges in the botanical basket, which is why it tastes of citrus pith rather than citrus lolly.

It is the gin we reach for when someone says they do not like gin. Juniper is present but not shouting, and it holds its shape under tonic instead of disappearing.

The best $80 gin made in this country, and it is not particularly close."
four-pillars-rare-dry-gin,,,,,,,,,,,,,,,,,,,,,,,,,https://example.com/images/four-pillars-rare-dry-700ml-back-label.jpg,2,Four Pillars Rare Dry Gin back label showing standard drinks,,,,,,,,,,,,,,,,
penfolds-koonunga-hill-shiraz-cabernet,Penfolds Koonunga Hill Shiraz Cabernet,"<p>South Australian Shiraz Cabernet blend. Dark fruit, soft chocolate note, tannins that carry the wine without dominating it.</p>",Penfolds,"Food, Beverages & Tobacco > Beverages > Alcoholic Beverages > Wine",Red Wine,"wine, red, australian",FALSE,Title,Default Title,,,,,SH-WIN-PEN-KHSC-750,1300,shopify,0,deny,manual,24.00,,TRUE,TRUE,,https://example.com/images/penfolds-koonunga-hill-shiraz-cabernet-750ml.jpg,1,Penfolds Koonunga Hill Shiraz Cabernet 750 mL bottle,FALSE,Penfolds Koonunga Hill Shiraz Cabernet 750mL,South Australian Shiraz Cabernet. Delivered across Sydney metro.,,g,,,draft,8.6,14.5,750,Australia,South Australia,Penfolds,Shiraz Cabernet,"Koonunga Hill is the bottle that taught two generations of Australians what Shiraz Cabernet tastes like, and it has not been allowed to drift.

Dark fruit, a bit of chocolate, tannins that are present without being a chore. It does not need a decanter or an occasion.

Under twenty-five dollars and better than most things at twice the price."
curatif-negroni,Curatif Negroni,"<p>A full-strength Negroni canned in Melbourne. Equal parts, proper gin, bittersweet and dry.</p>",Curatif,"Food, Beverages & Tobacco > Beverages > Alcoholic Beverages > Pre-mixed Drinks",Canned Cocktail,"cocktails, canned, australian",FALSE,Title,Default Title,,,,,SH-COC-CUR-NEG-130,190,shopify,0,deny,manual,14.00,,TRUE,TRUE,,https://example.com/images/curatif-negroni-130ml.jpg,1,Curatif Negroni 130 mL can,FALSE,Curatif Negroni 130mL Can,Full-strength canned Negroni made in Melbourne. Delivered across Sydney metro.,,g,,,draft,2.5,24.5,130,Australia,"Melbourne, Victoria",Curatif,Negroni,"Curatif bottle a genuine Negroni in Melbourne - equal parts, proper gin, no shortcuts - and can it at drinking strength rather than watering it down to look sessionable.

One can is one serve. Chill it, pour it over a big cube with an orange twist, and it is indistinguishable from a bar pour.

The only canned cocktail we stock that we would order in a bar."
